ид_канала_данных,first_bucket,first_ts
113997,71588,2019-01-01 00:00:00
196737,71588,2019-01-01 00:00:00
212423,71588,2019-01-01 00:00:00
213357,71588,2019-01-01 00:00:00
196726,71588,2019-01-01 00:00:00
196730,71588,2019-01-01 00:00:00
196731,71588,2019-01-01 00:00:00
213773,71588,2019-01-01 00:00:00
196764,71588,2019-01-01 00:00:00
196763,71588,2019-01-01 00:00:00
196750,71588,2019-01-01 00:00:00
196751,71588,2019-01-01 00:00:00
196746,71588,2019-01-01 00:00:00
196745,71588,2019-01-01 00:00:00
213354,71588,2019-01-01 00:00:00
213363,71588,2019-01-01 00:00:00
212185,71588,2019-01-01 00:00:00
213818,71588,2019-01-01 00:00:00
77784,71588,2019-01-01 00:00:00
116087,71588,2019-01-01 00:00:00
77779,71588,2019-01-01 00:00:00
77753,71588,2019-01-01 00:00:00
116067,71588,2019-01-01 00:00:00
116068,71588,2019-01-01 00:00:00
116080,71588,2019-01-01 00:00:00
116128,71588,2019-01-01 00:00:00
116135,71588,2019-01-01 00:00:00
116136,71588,2019-01-01 00:00:00
116126,71588,2019-01-01 00:00:00
116122,71588,2019-01-01 00:00:00
116139,71588,2019-01-01 00:00:00
103979,71588,2019-01-01 00:00:00
147186,71588,2019-01-01 00:00:00
147187,71588,2019-01-01 00:00:00
147189,71588,2019-01-01 00:00:00
147191,71588,2019-01-01 00:00:00
147199,71588,2019-01-01 00:00:00
104058,71588,2019-01-01 00:00:00
158904,71588,2019-01-01 00:00:00
104043,71588,2019-01-01 00:00:00
196772,71588,2019-01-01 00:00:00
196780,71588,2019-01-01 00:00:00
196783,71588,2019-01-01 00:00:00
104039,71588,2019-01-01 00:00:00
147179,71588,2019-01-01 00:00:00
171368,71588,2019-01-01 00:00:00
147180,71588,2019-01-01 00:00:00
196771,71588,2019-01-01 00:00:00
196755,71588,2019-01-01 00:00:00
196756,71588,2019-01-01 00:00:00
196760,71588,2019-01-01 00:00:00
196752,71588,2019-01-01 00:00:00
196753,71588,2019-01-01 00:00:00
147193,71588,2019-01-01 00:00:00
196743,71588,2019-01-01 00:00:00
147204,71588,2019-01-01 00:00:00
147208,71588,2019-01-01 00:00:00
147210,71588,2019-01-01 00:00:00
147207,71588,2019-01-01 00:00:00
103925,71589,2019-01-01 06:00:00
213366,71589,2019-01-01 06:00:00
135203,71589,2019-01-01 06:00:00
120552,71589,2019-01-01 06:00:00
120550,71589,2019-01-01 06:00:00
197003,71589,2019-01-01 06:00:00
197002,71589,2019-01-01 06:00:00
77830,71589,2019-01-01 06:00:00
77832,71589,2019-01-01 06:00:00
209985,71589,2019-01-01 06:00:00
77538,71589,2019-01-01 06:00:00
77537,71589,2019-01-01 06:00:00
77679,71589,2019-01-01 06:00:00
50967,71589,2019-01-01 06:00:00
197729,71589,2019-01-01 06:00:00
197722,71589,2019-01-01 06:00:00
50962,71589,2019-01-01 06:00:00
3084,71589,2019-01-01 06:00:00
3086,71589,2019-01-01 06:00:00
50961,71589,2019-01-01 06:00:00
77683,71589,2019-01-01 06:00:00
104032,71589,2019-01-01 06:00:00
197980,71589,2019-01-01 06:00:00
120386,71589,2019-01-01 06:00:00
120362,71589,2019-01-01 06:00:00
212700,71589,2019-01-01 06:00:00
2879,71589,2019-01-01 06:00:00
120518,71589,2019-01-01 06:00:00
120520,71589,2019-01-01 06:00:00
114004,71589,2019-01-01 06:00:00
2907,71589,2019-01-01 06:00:00
196526,71589,2019-01-01 06:00:00
171564,71589,2019-01-01 06:00:00
196761,71589,2019-01-01 06:00:00
120584,71589,2019-01-01 06:00:00
120599,71589,2019-01-01 06:00:00
120588,71589,2019-01-01 06:00:00
9366,71589,2019-01-01 06:00:00
171558,71589,2019-01-01 06:00:00
115286,71589,2019-01-01 06:00:00
147201,71589,2019-01-01 06:00:00
2869,71589,2019-01-01 06:00:00
171559,71589,2019-01-01 06:00:00
171563,71589,2019-01-01 06:00:00
115315,71589,2019-01-01 06:00:00
158924,71590,2019-01-01 12:00:00
158919,71590,2019-01-01 12:00:00
158914,71590,2019-01-01 12:00:00
154113,71590,2019-01-01 12:00:00
154112,71590,2019-01-01 12:00:00
159006,71590,2019-01-01 12:00:00
159009,71590,2019-01-01 12:00:00
159007,71590,2019-01-01 12:00:00
158986,71590,2019-01-01 12:00:00
158929,71590,2019-01-01 12:00:00
162885,71590,2019-01-01 12:00:00
162882,71590,2019-01-01 12:00:00
162879,71590,2019-01-01 12:00:00
162878,71590,2019-01-01 12:00:00
162874,71590,2019-01-01 12:00:00
162870,71590,2019-01-01 12:00:00
162866,71590,2019-01-01 12:00:00
162787,71590,2019-01-01 12:00:00
162786,71590,2019-01-01 12:00:00
162783,71590,2019-01-01 12:00:00
154127,71590,2019-01-01 12:00:00
154126,71590,2019-01-01 12:00:00
154125,71590,2019-01-01 12:00:00
154124,71590,2019-01-01 12:00:00
154123,71590,2019-01-01 12:00:00
162865,71590,2019-01-01 12:00:00
162861,71590,2019-01-01 12:00:00
93794,71590,2019-01-01 12:00:00
93793,71590,2019-01-01 12:00:00
93787,71590,2019-01-01 12:00:00
93785,71590,2019-01-01 12:00:00
93783,71590,2019-01-01 12:00:00
135191,71590,2019-01-01 12:00:00
196910,71590,2019-01-01 12:00:00
135200,71590,2019-01-01 12:00:00
135199,71590,2019-01-01 12:00:00
96453,71590,2019-01-01 12:00:00
162911,71590,2019-01-01 12:00:00
115409,71590,2019-01-01 12:00:00
162858,71590,2019-01-01 12:00:00
162855,71590,2019-01-01 12:00:00
162854,71590,2019-01-01 12:00:00
162850,71590,2019-01-01 12:00:00
162847,71590,2019-01-01 12:00:00
168535,71590,2019-01-01 12:00:00
168445,71590,2019-01-01 12:00:00
96454,71590,2019-01-01 12:00:00
196744,71590,2019-01-01 12:00:00
162818,71590,2019-01-01 12:00:00
162813,71590,2019-01-01 12:00:00
196672,71590,2019-01-01 12:00:00
212629,71590,2019-01-01 12:00:00
159020,71590,2019-01-01 12:00:00
159017,71590,2019-01-01 12:00:00
159016,71590,2019-01-01 12:00:00
159013,71590,2019-01-01 12:00:00
159012,71590,2019-01-01 12:00:00
162809,71590,2019-01-01 12:00:00
162805,71590,2019-01-01 12:00:00
162801,71590,2019-01-01 12:00:00
178259,71590,2019-01-01 12:00:00
178254,71590,2019-01-01 12:00:00
178249,71590,2019-01-01 12:00:00
171583,71590,2019-01-01 12:00:00
2943,71590,2019-01-01 12:00:00
120396,71590,2019-01-01 12:00:00
212699,71590,2019-01-01 12:00:00
144802,71590,2019-01-01 12:00:00
93534,71590,2019-01-01 12:00:00
135228,71590,2019-01-01 12:00:00
120348,71590,2019-01-01 12:00:00
196501,71590,2019-01-01 12:00:00
196517,71590,2019-01-01 12:00:00
135188,71590,2019-01-01 12:00:00
135187,71590,2019-01-01 12:00:00
154107,71590,2019-01-01 12:00:00
154106,71590,2019-01-01 12:00:00
154103,71590,2019-01-01 12:00:00
162798,71590,2019-01-01 12:00:00
162795,71590,2019-01-01 12:00:00
162791,71590,2019-01-01 12:00:00
120336,71590,2019-01-01 12:00:00
120298,71590,2019-01-01 12:00:00
135230,71590,2019-01-01 12:00:00
135229,71590,2019-01-01 12:00:00
178264,71590,2019-01-01 12:00:00
135194,71590,2019-01-01 12:00:00
135193,71590,2019-01-01 12:00:00
135192,71590,2019-01-01 12:00:00
93536,71590,2019-01-01 12:00:00
93535,71590,2019-01-01 12:00:00
185904,71590,2019-01-01 12:00:00
179752,71590,2019-01-01 12:00:00
135227,71590,2019-01-01 12:00:00
135225,71590,2019-01-01 12:00:00
135223,71590,2019-01-01 12:00:00
135222,71590,2019-01-01 12:00:00
135221,71590,2019-01-01 12:00:00
135220,71590,2019-01-01 12:00:00
135219,71590,2019-01-01 12:00:00
212400,71590,2019-01-01 12:00:00
135190,71590,2019-01-01 12:00:00
135189,71590,2019-01-01 12:00:00
135198,71590,2019-01-01 12:00:00
135197,71590,2019-01-01 12:00:00
135196,71590,2019-01-01 12:00:00
135195,71590,2019-01-01 12:00:00
196139,71590,2019-01-01 12:00:00
144736,71590,2019-01-01 12:00:00
196205,71590,2019-01-01 12:00:00
196150,71590,2019-01-01 12:00:00
196149,71590,2019-01-01 12:00:00
9336,71590,2019-01-01 12:00:00
196492,71590,2019-01-01 12:00:00
196481,71590,2019-01-01 12:00:00
135209,71590,2019-01-01 12:00:00
135208,71590,2019-01-01 12:00:00
135207,71590,2019-01-01 12:00:00
135206,71590,2019-01-01 12:00:00
135205,71590,2019-01-01 12:00:00
135204,71590,2019-01-01 12:00:00
135202,71590,2019-01-01 12:00:00
135201,71590,2019-01-01 12:00:00
212116,71590,2019-01-01 12:00:00
212104,71590,2019-01-01 12:00:00
144768,71590,2019-01-01 12:00:00
144766,71590,2019-01-01 12:00:00
197037,71590,2019-01-01 12:00:00
214903,71590,2019-01-01 12:00:00
154108,71590,2019-01-01 12:00:00
96266,71590,2019-01-01 12:00:00
96265,71590,2019-01-01 12:00:00
158985,71590,2019-01-01 12:00:00
196767,71590,2019-01-01 12:00:00
196508,71590,2019-01-01 12:00:00
196145,71590,2019-01-01 12:00:00
196144,71590,2019-01-01 12:00:00
196143,71590,2019-01-01 12:00:00
196142,71590,2019-01-01 12:00:00
196141,71590,2019-01-01 12:00:00
196140,71590,2019-01-01 12:00:00
94002,71590,2019-01-01 12:00:00
94004,71590,2019-01-01 12:00:00
94003,71590,2019-01-01 12:00:00
162846,71590,2019-01-01 12:00:00
162843,71590,2019-01-01 12:00:00
162839,71590,2019-01-01 12:00:00
162838,71590,2019-01-01 12:00:00
162834,71590,2019-01-01 12:00:00
162833,71590,2019-01-01 12:00:00
162830,71590,2019-01-01 12:00:00
162829,71590,2019-01-01 12:00:00
196148,71590,2019-01-01 12:00:00
196147,71590,2019-01-01 12:00:00
196146,71590,2019-01-01 12:00:00
116141,71590,2019-01-01 12:00:00
162757,71590,2019-01-01 12:00:00
154111,71590,2019-01-01 12:00:00
154110,71590,2019-01-01 12:00:00
154109,71590,2019-01-01 12:00:00
135211,71590,2019-01-01 12:00:00
135210,71590,2019-01-01 12:00:00
50965,71590,2019-01-01 12:00:00
3077,71590,2019-01-01 12:00:00
197034,71590,2019-01-01 12:00:00
162782,71590,2019-01-01 12:00:00
162779,71590,2019-01-01 12:00:00
162778,71590,2019-01-01 12:00:00
162775,71590,2019-01-01 12:00:00
162770,71590,2019-01-01 12:00:00
162769,71590,2019-01-01 12:00:00
162766,71590,2019-01-01 12:00:00
162765,71590,2019-01-01 12:00:00
162761,71590,2019-01-01 12:00:00
135217,71590,2019-01-01 12:00:00
135216,71590,2019-01-01 12:00:00
135215,71590,2019-01-01 12:00:00
135213,71590,2019-01-01 12:00:00
135212,71590,2019-01-01 12:00:00
196477,71590,2019-01-01 12:00:00
77837,71590,2019-01-01 12:00:00
77713,71590,2019-01-01 12:00:00
162826,71590,2019-01-01 12:00:00
162825,71590,2019-01-01 12:00:00
162822,71590,2019-01-01 12:00:00
77553,71590,2019-01-01 12:00:00
116083,71590,2019-01-01 12:00:00
158909,71590,2019-01-01 12:00:00
159003,71590,2019-01-01 12:00:00
159002,71590,2019-01-01 12:00:00
158998,71590,2019-01-01 12:00:00
158997,71590,2019-01-01 12:00:00
158995,71590,2019-01-01 12:00:00
158991,71590,2019-01-01 12:00:00
158899,71590,2019-01-01 12:00:00
158894,71590,2019-01-01 12:00:00
158890,71590,2019-01-01 12:00:00
162754,71590,2019-01-01 12:00:00
159021,71590,2019-01-01 12:00:00
154117,71590,2019-01-01 12:00:00
154116,71590,2019-01-01 12:00:00
154115,71590,2019-01-01 12:00:00
154114,71590,2019-01-01 12:00:00
154122,71590,2019-01-01 12:00:00
154121,71590,2019-01-01 12:00:00
154120,71590,2019-01-01 12:00:00
154119,71590,2019-01-01 12:00:00
154118,71590,2019-01-01 12:00:00
158934,71590,2019-01-01 12:00:00
158939,71590,2019-01-01 12:00:00
158944,71590,2019-01-01 12:00:00
158949,71590,2019-01-01 12:00:00
158954,71590,2019-01-01 12:00:00
158959,71590,2019-01-01 12:00:00
158964,71590,2019-01-01 12:00:00
158969,71590,2019-01-01 12:00:00
158974,71590,2019-01-01 12:00:00
158980,71590,2019-01-01 12:00:00
158987,71590,2019-01-01 12:00:00
116106,71591,2019-01-01 18:00:00
116117,71591,2019-01-01 18:00:00
116120,71591,2019-01-01 18:00:00
116074,71591,2019-01-01 18:00:00
116077,71591,2019-01-01 18:00:00
116085,71591,2019-01-01 18:00:00
116092,71591,2019-01-01 18:00:00
116093,71591,2019-01-01 18:00:00
116094,71591,2019-01-01 18:00:00
116096,71591,2019-01-01 18:00:00
210643,71591,2019-01-01 18:00:00
116132,71591,2019-01-01 18:00:00
196496,71591,2019-01-01 18:00:00
120586,71591,2019-01-01 18:00:00
196914,71591,2019-01-01 18:00:00
212144,71591,2019-01-01 18:00:00
120466,71591,2019-01-01 18:00:00
93907,71591,2019-01-01 18:00:00
120535,71591,2019-01-01 18:00:00
144800,71591,2019-01-01 18:00:00
93689,71591,2019-01-01 18:00:00
115374,71591,2019-01-01 18:00:00
2899,71591,2019-01-01 18:00:00
196736,71591,2019-01-01 18:00:00
120366,71591,2019-01-01 18:00:00
120398,71591,2019-01-01 18:00:00
93838,71592,2019-01-02 00:00:00
116138,71592,2019-01-02 00:00:00
94091,71592,2019-01-02 00:00:00
94092,71592,2019-01-02 00:00:00
196999,71592,2019-01-02 00:00:00
94097,71592,2019-01-02 00:00:00
115581,71592,2019-01-02 00:00:00
196759,71592,2019-01-02 00:00:00
9357,71592,2019-01-02 00:00:00
120380,71592,2019-01-02 00:00:00
115797,71592,2019-01-02 00:00:00
115798,71592,2019-01-02 00:00:00
9333,71592,2019-01-02 00:00:00
93931,71592,2019-01-02 00:00:00
197982,71592,2019-01-02 00:00:00
77835,71592,2019-01-02 00:00:00
147195,71592,2019-01-02 00:00:00
196790,71592,2019-01-02 00:00:00
196972,71592,2019-01-02 00:00:00
115556,71592,2019-01-02 00:00:00
120523,71592,2019-01-02 00:00:00
196479,71593,2019-01-02 06:00:00
77690,71593,2019-01-02 06:00:00
77772,71593,2019-01-02 06:00:00
77704,71593,2019-01-02 06:00:00
77710,71593,2019-01-02 06:00:00
196465,71593,2019-01-02 06:00:00
196466,71593,2019-01-02 06:00:00
77780,71593,2019-01-02 06:00:00
143653,71593,2019-01-02 06:00:00
120572,71593,2019-01-02 06:00:00
209989,71593,2019-01-02 06:00:00
77552,71593,2019-01-02 06:00:00
77734,71593,2019-01-02 06:00:00
115218,71593,2019-01-02 06:00:00
77562,71593,2019-01-02 06:00:00
77787,71593,2019-01-02 06:00:00
77785,71593,2019-01-02 06:00:00
3048,71593,2019-01-02 06:00:00
3046,71593,2019-01-02 06:00:00
3045,71593,2019-01-02 06:00:00
3062,71593,2019-01-02 06:00:00
3057,71593,2019-01-02 06:00:00
3059,71593,2019-01-02 06:00:00
120598,71593,2019-01-02 06:00:00
77752,71593,2019-01-02 06:00:00
8784,71593,2019-01-02 06:00:00
77736,71593,2019-01-02 06:00:00
77777,71593,2019-01-02 06:00:00
77774,71593,2019-01-02 06:00:00
115209,71593,2019-01-02 06:00:00
115208,71593,2019-01-02 06:00:00
114010,71593,2019-01-02 06:00:00
117764,71593,2019-01-02 06:00:00
120153,71593,2019-01-02 06:00:00
117772,71593,2019-01-02 06:00:00
117769,71593,2019-01-02 06:00:00
117767,71593,2019-01-02 06:00:00
8823,71593,2019-01-02 06:00:00
8822,71593,2019-01-02 06:00:00
115752,71593,2019-01-02 06:00:00
115753,71593,2019-01-02 06:00:00
8826,71593,2019-01-02 06:00:00
115775,71593,2019-01-02 06:00:00
197155,71593,2019-01-02 06:00:00
197158,71593,2019-01-02 06:00:00
120161,71593,2019-01-02 06:00:00
77546,71593,2019-01-02 06:00:00
197154,71593,2019-01-02 06:00:00
3089,71593,2019-01-02 06:00:00
2988,71593,2019-01-02 06:00:00
120231,71593,2019-01-02 06:00:00
120171,71593,2019-01-02 06:00:00
3067,71593,2019-01-02 06:00:00
3038,71593,2019-01-02 06:00:00
196503,71593,2019-01-02 06:00:00
2976,71593,2019-01-02 06:00:00
3044,71593,2019-01-02 06:00:00
196498,71593,2019-01-02 06:00:00
3007,71593,2019-01-02 06:00:00
2997,71593,2019-01-02 06:00:00
196480,71593,2019-01-02 06:00:00
77847,71593,2019-01-02 06:00:00
77789,71593,2019-01-02 06:00:00
196467,71593,2019-01-02 06:00:00
196469,71593,2019-01-02 06:00:00
8782,71593,2019-01-02 06:00:00
77827,71593,2019-01-02 06:00:00
8785,71593,2019-01-02 06:00:00
8783,71593,2019-01-02 06:00:00
77570,71593,2019-01-02 06:00:00
115225,71593,2019-01-02 06:00:00
77686,71593,2019-01-02 06:00:00
115238,71593,2019-01-02 06:00:00
77718,71593,2019-01-02 06:00:00
77726,71593,2019-01-02 06:00:00
77568,71593,2019-01-02 06:00:00
77728,71593,2019-01-02 06:00:00
77758,71593,2019-01-02 06:00:00
77764,71593,2019-01-02 06:00:00
77672,71593,2019-01-02 06:00:00
116116,71593,2019-01-02 06:00:00
115687,71593,2019-01-02 06:00:00
179237,71593,2019-01-02 06:00:00
179236,71593,2019-01-02 06:00:00
179233,71593,2019-01-02 06:00:00
179232,71593,2019-01-02 06:00:00
197142,71593,2019-01-02 06:00:00
120575,71593,2019-01-02 06:00:00
120583,71593,2019-01-02 06:00:00
3076,71593,2019-01-02 06:00:00
3036,71593,2019-01-02 06:00:00
197159,71593,2019-01-02 06:00:00
120155,71593,2019-01-02 06:00:00
3035,71593,2019-01-02 06:00:00
2962,71593,2019-01-02 06:00:00
2956,71593,2019-01-02 06:00:00
2960,71593,2019-01-02 06:00:00
196495,71593,2019-01-02 06:00:00
196504,71593,2019-01-02 06:00:00
3006,71593,2019-01-02 06:00:00
3002,71593,2019-01-02 06:00:00
2999,71593,2019-01-02 06:00:00
179243,71593,2019-01-02 06:00:00
120556,71593,2019-01-02 06:00:00
120557,71593,2019-01-02 06:00:00
120291,71593,2019-01-02 06:00:00
120289,71593,2019-01-02 06:00:00
115654,71593,2019-01-02 06:00:00
115688,71593,2019-01-02 06:00:00
196488,71593,2019-01-02 06:00:00
196491,71593,2019-01-02 06:00:00
115709,71593,2019-01-02 06:00:00
120258,71593,2019-01-02 06:00:00
196634,71593,2019-01-02 06:00:00
196679,71593,2019-01-02 06:00:00
120337,71593,2019-01-02 06:00:00
120311,71593,2019-01-02 06:00:00
120299,71593,2019-01-02 06:00:00
120297,71593,2019-01-02 06:00:00
179229,71593,2019-01-02 06:00:00
196499,71593,2019-01-02 06:00:00
120367,71593,2019-01-02 06:00:00
120379,71593,2019-01-02 06:00:00
179231,71593,2019-01-02 06:00:00
196635,71593,2019-01-02 06:00:00
196500,71593,2019-01-02 06:00:00
120359,71593,2019-01-02 06:00:00
120365,71593,2019-01-02 06:00:00
196636,71593,2019-01-02 06:00:00
179167,71593,2019-01-02 06:00:00
179166,71593,2019-01-02 06:00:00
179172,71593,2019-01-02 06:00:00
179171,71593,2019-01-02 06:00:00
179170,71593,2019-01-02 06:00:00
179244,71593,2019-01-02 06:00:00
179241,71593,2019-01-02 06:00:00
179242,71593,2019-01-02 06:00:00
179230,71593,2019-01-02 06:00:00
179238,71593,2019-01-02 06:00:00
179239,71593,2019-01-02 06:00:00
179240,71593,2019-01-02 06:00:00
120270,71593,2019-01-02 06:00:00
120277,71593,2019-01-02 06:00:00
115631,71593,2019-01-02 06:00:00
115632,71593,2019-01-02 06:00:00
120458,71593,2019-01-02 06:00:00
120413,71593,2019-01-02 06:00:00
120395,71593,2019-01-02 06:00:00
120385,71593,2019-01-02 06:00:00
212734,71593,2019-01-02 06:00:00
120381,71593,2019-01-02 06:00:00
115555,71593,2019-01-02 06:00:00
171582,71593,2019-01-02 06:00:00
179168,71593,2019-01-02 06:00:00
115587,71593,2019-01-02 06:00:00
179228,71593,2019-01-02 06:00:00
2942,71593,2019-01-02 06:00:00
196674,71593,2019-01-02 06:00:00
196675,71593,2019-01-02 06:00:00
196640,71593,2019-01-02 06:00:00
196639,71593,2019-01-02 06:00:00
2952,71593,2019-01-02 06:00:00
2947,71593,2019-01-02 06:00:00
120522,71593,2019-01-02 06:00:00
120517,71593,2019-01-02 06:00:00
2874,71593,2019-01-02 06:00:00
2892,71593,2019-01-02 06:00:00
2886,71593,2019-01-02 06:00:00
2884,71593,2019-01-02 06:00:00
115559,71593,2019-01-02 06:00:00
115558,71593,2019-01-02 06:00:00
120534,71593,2019-01-02 06:00:00
196677,71593,2019-01-02 06:00:00
120470,71593,2019-01-02 06:00:00
196678,71593,2019-01-02 06:00:00
196673,71593,2019-01-02 06:00:00
120463,71593,2019-01-02 06:00:00
2902,71593,2019-01-02 06:00:00
115566,71593,2019-01-02 06:00:00
9361,71593,2019-01-02 06:00:00
144854,71593,2019-01-02 06:00:00
115565,71593,2019-01-02 06:00:00
2904,71593,2019-01-02 06:00:00
120493,71593,2019-01-02 06:00:00
196697,71593,2019-01-02 06:00:00
171367,71593,2019-01-02 06:00:00
196700,71593,2019-01-02 06:00:00
196699,71593,2019-01-02 06:00:00
196698,71593,2019-01-02 06:00:00
196813,71593,2019-01-02 06:00:00
115364,71593,2019-01-02 06:00:00
104814,71593,2019-01-02 06:00:00
2944,71593,2019-01-02 06:00:00
2946,71593,2019-01-02 06:00:00
2878,71593,2019-01-02 06:00:00
2876,71593,2019-01-02 06:00:00
2978,71593,2019-01-02 06:00:00
2984,71593,2019-01-02 06:00:00
2898,71593,2019-01-02 06:00:00
104046,71593,2019-01-02 06:00:00
104813,71593,2019-01-02 06:00:00
196688,71594,2019-01-02 12:00:00
196687,71594,2019-01-02 12:00:00
196685,71594,2019-01-02 12:00:00
196686,71594,2019-01-02 12:00:00
196684,71594,2019-01-02 12:00:00
196683,71594,2019-01-02 12:00:00
196681,71594,2019-01-02 12:00:00
196682,71594,2019-01-02 12:00:00
196652,71594,2019-01-02 12:00:00
196651,71594,2019-01-02 12:00:00
196680,71594,2019-01-02 12:00:00
196653,71594,2019-01-02 12:00:00
196650,71594,2019-01-02 12:00:00
196649,71594,2019-01-02 12:00:00
196647,71594,2019-01-02 12:00:00
196648,71594,2019-01-02 12:00:00
196630,71594,2019-01-02 12:00:00
196629,71594,2019-01-02 12:00:00
196646,71594,2019-01-02 12:00:00
196645,71594,2019-01-02 12:00:00
196644,71594,2019-01-02 12:00:00
196633,71594,2019-01-02 12:00:00
196632,71594,2019-01-02 12:00:00
196631,71594,2019-01-02 12:00:00
196628,71594,2019-01-02 12:00:00
116090,71594,2019-01-02 12:00:00
3098,71594,2019-01-02 12:00:00
117771,71594,2019-01-02 12:00:00
3073,71594,2019-01-02 12:00:00
171571,71594,2019-01-02 12:00:00
171577,71594,2019-01-02 12:00:00
114007,71594,2019-01-02 12:00:00
171587,71594,2019-01-02 12:00:00
9359,71594,2019-01-02 12:00:00
115595,71594,2019-01-02 12:00:00
115591,71594,2019-01-02 12:00:00
115609,71594,2019-01-02 12:00:00
115617,71594,2019-01-02 12:00:00
115624,71594,2019-01-02 12:00:00
115605,71594,2019-01-02 12:00:00
115658,71594,2019-01-02 12:00:00
115659,71594,2019-01-02 12:00:00
115674,71594,2019-01-02 12:00:00
115681,71594,2019-01-02 12:00:00
115682,71594,2019-01-02 12:00:00
9340,71594,2019-01-02 12:00:00
179234,71594,2019-01-02 12:00:00
115625,71594,2019-01-02 12:00:00
179235,71594,2019-01-02 12:00:00
115714,71594,2019-01-02 12:00:00
115724,71594,2019-01-02 12:00:00
115718,71594,2019-01-02 12:00:00
115731,71594,2019-01-02 12:00:00
115735,71594,2019-01-02 12:00:00
115736,71594,2019-01-02 12:00:00
115747,71594,2019-01-02 12:00:00
115748,71594,2019-01-02 12:00:00
115779,71594,2019-01-02 12:00:00
115783,71594,2019-01-02 12:00:00
115789,71594,2019-01-02 12:00:00
115793,71594,2019-01-02 12:00:00
196471,71594,2019-01-02 12:00:00
196473,71594,2019-01-02 12:00:00
196475,71594,2019-01-02 12:00:00
115276,71594,2019-01-02 12:00:00
115305,71594,2019-01-02 12:00:00
115293,71594,2019-01-02 12:00:00
115418,71594,2019-01-02 12:00:00
9369,71594,2019-01-02 12:00:00
115408,71594,2019-01-02 12:00:00
115393,71594,2019-01-02 12:00:00
196774,71594,2019-01-02 12:00:00
196907,71594,2019-01-02 12:00:00
115383,71594,2019-01-02 12:00:00
115373,71594,2019-01-02 12:00:00
115363,71594,2019-01-02 12:00:00
115340,71594,2019-01-02 12:00:00
115348,71594,2019-01-02 12:00:00
115323,71594,2019-01-02 12:00:00
115313,71594,2019-01-02 12:00:00
115247,71594,2019-01-02 12:00:00
115278,71594,2019-01-02 12:00:00
115263,71594,2019-01-02 12:00:00
115285,71594,2019-01-02 12:00:00
214111,71595,2019-01-02 18:00:00
214096,71595,2019-01-02 18:00:00
214123,71595,2019-01-02 18:00:00
214215,71595,2019-01-02 18:00:00
214112,71595,2019-01-02 18:00:00
214118,71595,2019-01-02 18:00:00
214119,71595,2019-01-02 18:00:00
214120,71595,2019-01-02 18:00:00
214122,71595,2019-01-02 18:00:00
214121,71595,2019-01-02 18:00:00
214209,71595,2019-01-02 18:00:00
214208,71595,2019-01-02 18:00:00
214216,71595,2019-01-02 18:00:00
214217,71595,2019-01-02 18:00:00
214218,71595,2019-01-02 18:00:00
120554,71595,2019-01-02 18:00:00
214212,71595,2019-01-02 18:00:00
214213,71595,2019-01-02 18:00:00
214214,71595,2019-01-02 18:00:00
77569,71595,2019-01-02 18:00:00
214196,71595,2019-01-02 18:00:00
214195,71595,2019-01-02 18:00:00
214197,71595,2019-01-02 18:00:00
214225,71595,2019-01-02 18:00:00
214211,71595,2019-01-02 18:00:00
214210,71595,2019-01-02 18:00:00
214220,71595,2019-01-02 18:00:00
214222,71595,2019-01-02 18:00:00
196904,71595,2019-01-02 18:00:00
147190,71595,2019-01-02 18:00:00
147206,71595,2019-01-02 18:00:00
196994,71595,2019-01-02 18:00:00
2961,71596,2019-01-03 00:00:00
196732,71596,2019-01-03 00:00:00
120539,71596,2019-01-03 00:00:00
116129,71596,2019-01-03 00:00:00
116079,71596,2019-01-03 00:00:00
77563,71596,2019-01-03 00:00:00
116111,71596,2019-01-03 00:00:00
94166,71596,2019-01-03 00:00:00
104007,71597,2019-01-03 06:00:00
103991,71597,2019-01-03 06:00:00
103993,71597,2019-01-03 06:00:00
196784,71597,2019-01-03 06:00:00
157292,71597,2019-01-03 06:00:00
157290,71597,2019-01-03 06:00:00
157289,71597,2019-01-03 06:00:00
157288,71597,2019-01-03 06:00:00
157320,71597,2019-01-03 06:00:00
157316,71597,2019-01-03 06:00:00
157310,71597,2019-01-03 06:00:00
157308,71597,2019-01-03 06:00:00
95484,71597,2019-01-03 06:00:00
95483,71597,2019-01-03 06:00:00
96311,71597,2019-01-03 06:00:00
95363,71597,2019-01-03 06:00:00
95362,71597,2019-01-03 06:00:00
95361,71597,2019-01-03 06:00:00
95360,71597,2019-01-03 06:00:00
95437,71597,2019-01-03 06:00:00
95436,71597,2019-01-03 06:00:00
95435,71597,2019-01-03 06:00:00
95438,71597,2019-01-03 06:00:00
95486,71597,2019-01-03 06:00:00
95485,71597,2019-01-03 06:00:00
157299,71597,2019-01-03 06:00:00
157298,71597,2019-01-03 06:00:00
196964,71597,2019-01-03 06:00:00
197985,71597,2019-01-03 06:00:00
113996,71597,2019-01-03 06:00:00
113991,71597,2019-01-03 06:00:00
113987,71597,2019-01-03 06:00:00
113983,71597,2019-01-03 06:00:00
113981,71597,2019-01-03 06:00:00
147939,71597,2019-01-03 06:00:00
147938,71597,2019-01-03 06:00:00
147937,71597,2019-01-03 06:00:00
147936,71597,2019-01-03 06:00:00
147935,71597,2019-01-03 06:00:00
197979,71597,2019-01-03 06:00:00
197723,71597,2019-01-03 06:00:00
212103,71597,2019-01-03 06:00:00
212094,71597,2019-01-03 06:00:00
212093,71597,2019-01-03 06:00:00
212083,71597,2019-01-03 06:00:00
212081,71597,2019-01-03 06:00:00
212133,71597,2019-01-03 06:00:00
212157,71597,2019-01-03 06:00:00
212135,71597,2019-01-03 06:00:00
212187,71597,2019-01-03 06:00:00
212184,71597,2019-01-03 06:00:00
212176,71597,2019-01-03 06:00:00
196729,71597,2019-01-03 06:00:00
212217,71597,2019-01-03 06:00:00
212216,71597,2019-01-03 06:00:00
212249,71597,2019-01-03 06:00:00
212296,71597,2019-01-03 06:00:00
212293,71597,2019-01-03 06:00:00
212402,71597,2019-01-03 06:00:00
212392,71597,2019-01-03 06:00:00
212389,71597,2019-01-03 06:00:00
212388,71597,2019-01-03 06:00:00
212433,71597,2019-01-03 06:00:00
212464,71597,2019-01-03 06:00:00
212435,71597,2019-01-03 06:00:00
212467,71597,2019-01-03 06:00:00
212466,71597,2019-01-03 06:00:00
212547,71597,2019-01-03 06:00:00
143534,71597,2019-01-03 06:00:00
212572,71597,2019-01-03 06:00:00
212630,71597,2019-01-03 06:00:00
212602,71597,2019-01-03 06:00:00
212601,71597,2019-01-03 06:00:00
212599,71597,2019-01-03 06:00:00
212665,71597,2019-01-03 06:00:00
212701,71597,2019-01-03 06:00:00
212671,71597,2019-01-03 06:00:00
212733,71597,2019-01-03 06:00:00
212721,71597,2019-01-03 06:00:00
212711,71597,2019-01-03 06:00:00
143590,71597,2019-01-03 06:00:00
143558,71597,2019-01-03 06:00:00
147934,71597,2019-01-03 06:00:00
143546,71597,2019-01-03 06:00:00
212739,71597,2019-01-03 06:00:00
212789,71597,2019-01-03 06:00:00
212770,71597,2019-01-03 06:00:00
212829,71597,2019-01-03 06:00:00
212865,71597,2019-01-03 06:00:00
212853,71597,2019-01-03 06:00:00
212852,71597,2019-01-03 06:00:00
212844,71597,2019-01-03 06:00:00
212842,71597,2019-01-03 06:00:00
212840,71597,2019-01-03 06:00:00
212838,71597,2019-01-03 06:00:00
96466,71597,2019-01-03 06:00:00
147161,71597,2019-01-03 06:00:00
147160,71597,2019-01-03 06:00:00
147159,71597,2019-01-03 06:00:00
147158,71597,2019-01-03 06:00:00
212836,71597,2019-01-03 06:00:00
103913,71597,2019-01-03 06:00:00
143623,71597,2019-01-03 06:00:00
143597,71597,2019-01-03 06:00:00
143596,71597,2019-01-03 06:00:00
212905,71597,2019-01-03 06:00:00
212899,71597,2019-01-03 06:00:00
212889,71597,2019-01-03 06:00:00
212882,71597,2019-01-03 06:00:00
212880,71597,2019-01-03 06:00:00
212878,71597,2019-01-03 06:00:00
212870,71597,2019-01-03 06:00:00
212938,71597,2019-01-03 06:00:00
212934,71597,2019-01-03 06:00:00
212933,71597,2019-01-03 06:00:00
212929,71597,2019-01-03 06:00:00
212928,71597,2019-01-03 06:00:00
212918,71597,2019-01-03 06:00:00
212915,71597,2019-01-03 06:00:00
212914,71597,2019-01-03 06:00:00
103915,71597,2019-01-03 06:00:00
212961,71597,2019-01-03 06:00:00
213430,71597,2019-01-03 06:00:00
213428,71597,2019-01-03 06:00:00
213426,71597,2019-01-03 06:00:00
213462,71597,2019-01-03 06:00:00
213443,71597,2019-01-03 06:00:00
96465,71597,2019-01-03 06:00:00
147131,71597,2019-01-03 06:00:00
147130,71597,2019-01-03 06:00:00
147129,71597,2019-01-03 06:00:00
147128,71597,2019-01-03 06:00:00
96464,71597,2019-01-03 06:00:00
213440,71597,2019-01-03 06:00:00
214023,71597,2019-01-03 06:00:00
143627,71597,2019-01-03 06:00:00
103930,71597,2019-01-03 06:00:00
103928,71597,2019-01-03 06:00:00
103921,71597,2019-01-03 06:00:00
77712,71597,2019-01-03 06:00:00
147121,71597,2019-01-03 06:00:00
147120,71597,2019-01-03 06:00:00
147118,71597,2019-01-03 06:00:00
147117,71597,2019-01-03 06:00:00
147116,71597,2019-01-03 06:00:00
147099,71597,2019-01-03 06:00:00
147098,71597,2019-01-03 06:00:00
147097,71597,2019-01-03 06:00:00
143652,71597,2019-01-03 06:00:00
143651,71597,2019-01-03 06:00:00
143634,71597,2019-01-03 06:00:00
143630,71597,2019-01-03 06:00:00
77790,71597,2019-01-03 06:00:00
93217,71597,2019-01-03 06:00:00
93191,71597,2019-01-03 06:00:00
93187,71597,2019-01-03 06:00:00
147019,71597,2019-01-03 06:00:00
147011,71597,2019-01-03 06:00:00
144834,71597,2019-01-03 06:00:00
144831,71597,2019-01-03 06:00:00
144828,71597,2019-01-03 06:00:00
144824,71597,2019-01-03 06:00:00
147008,71597,2019-01-03 06:00:00
98141,71597,2019-01-03 06:00:00
147096,71597,2019-01-03 06:00:00
143695,71597,2019-01-03 06:00:00
143693,71597,2019-01-03 06:00:00
143687,71597,2019-01-03 06:00:00
143685,71597,2019-01-03 06:00:00
144743,71597,2019-01-03 06:00:00
193200,71597,2019-01-03 06:00:00
193194,71597,2019-01-03 06:00:00
193188,71597,2019-01-03 06:00:00
193217,71597,2019-01-03 06:00:00
193213,71597,2019-01-03 06:00:00
193206,71597,2019-01-03 06:00:00
144739,71597,2019-01-03 06:00:00
143717,71597,2019-01-03 06:00:00
143715,71597,2019-01-03 06:00:00
143705,71597,2019-01-03 06:00:00
143703,71597,2019-01-03 06:00:00
193103,71597,2019-01-03 06:00:00
193101,71597,2019-01-03 06:00:00
193091,71597,2019-01-03 06:00:00
193089,71597,2019-01-03 06:00:00
193078,71597,2019-01-03 06:00:00
193131,71597,2019-01-03 06:00:00
193114,71597,2019-01-03 06:00:00
193146,71597,2019-01-03 06:00:00
193140,71597,2019-01-03 06:00:00
193136,71597,2019-01-03 06:00:00
193159,71597,2019-01-03 06:00:00
193156,71597,2019-01-03 06:00:00
144759,71597,2019-01-03 06:00:00
144757,71597,2019-01-03 06:00:00
144751,71597,2019-01-03 06:00:00
144745,71597,2019-01-03 06:00:00
93223,71597,2019-01-03 06:00:00
93221,71597,2019-01-03 06:00:00
93207,71597,2019-01-03 06:00:00
93205,71597,2019-01-03 06:00:00
93203,71597,2019-01-03 06:00:00
144777,71597,2019-01-03 06:00:00
144775,71597,2019-01-03 06:00:00
144771,71597,2019-01-03 06:00:00
144767,71597,2019-01-03 06:00:00
144763,71597,2019-01-03 06:00:00
144761,71597,2019-01-03 06:00:00
93532,71597,2019-01-03 06:00:00
93528,71597,2019-01-03 06:00:00
93554,71597,2019-01-03 06:00:00
93550,71597,2019-01-03 06:00:00
93574,71597,2019-01-03 06:00:00
93573,71597,2019-01-03 06:00:00
93570,71597,2019-01-03 06:00:00
144840,71597,2019-01-03 06:00:00
144837,71597,2019-01-03 06:00:00
144836,71597,2019-01-03 06:00:00
193107,71597,2019-01-03 06:00:00
93462,71597,2019-01-03 06:00:00
93467,71597,2019-01-03 06:00:00
93477,71597,2019-01-03 06:00:00
93500,71597,2019-01-03 06:00:00
93496,71597,2019-01-03 06:00:00
93492,71597,2019-01-03 06:00:00
93520,71597,2019-01-03 06:00:00
93514,71597,2019-01-03 06:00:00
93508,71597,2019-01-03 06:00:00
93545,71597,2019-01-03 06:00:00
93540,71597,2019-01-03 06:00:00
144821,71597,2019-01-03 06:00:00
144818,71597,2019-01-03 06:00:00
144816,71597,2019-01-03 06:00:00
144813,71597,2019-01-03 06:00:00
121155,71597,2019-01-03 06:00:00
121154,71597,2019-01-03 06:00:00
121153,71597,2019-01-03 06:00:00
121152,71597,2019-01-03 06:00:00
121151,71597,2019-01-03 06:00:00
104014,71597,2019-01-03 06:00:00
104009,71597,2019-01-03 06:00:00
103907,71597,2019-01-03 06:00:00
103908,71597,2019-01-03 06:00:00
103941,71597,2019-01-03 06:00:00
103945,71597,2019-01-03 06:00:00
103947,71597,2019-01-03 06:00:00
103957,71597,2019-01-03 06:00:00
104040,71598,2019-01-03 12:00:00
96319,71598,2019-01-03 12:00:00
96320,71598,2019-01-03 12:00:00
96321,71598,2019-01-03 12:00:00
96322,71598,2019-01-03 12:00:00
96323,71598,2019-01-03 12:00:00
96324,71598,2019-01-03 12:00:00
95479,71598,2019-01-03 12:00:00
103964,71598,2019-01-03 12:00:00
121160,71598,2019-01-03 12:00:00
103969,71598,2019-01-03 12:00:00
103968,71598,2019-01-03 12:00:00
103973,71598,2019-01-03 12:00:00
103982,71598,2019-01-03 12:00:00
96406,71598,2019-01-03 12:00:00
96405,71598,2019-01-03 12:00:00
144789,71598,2019-01-03 12:00:00
144791,71598,2019-01-03 12:00:00
96408,71598,2019-01-03 12:00:00
144807,71598,2019-01-03 12:00:00
144809,71598,2019-01-03 12:00:00
144811,71598,2019-01-03 12:00:00
144781,71598,2019-01-03 12:00:00
144783,71598,2019-01-03 12:00:00
144797,71598,2019-01-03 12:00:00
93287,71598,2019-01-03 12:00:00
144793,71598,2019-01-03 12:00:00
144795,71598,2019-01-03 12:00:00
93241,71598,2019-01-03 12:00:00
93243,71598,2019-01-03 12:00:00
93261,71598,2019-01-03 12:00:00
93247,71598,2019-01-03 12:00:00
98165,71598,2019-01-03 12:00:00
98170,71598,2019-01-03 12:00:00
93269,71598,2019-01-03 12:00:00
144849,71598,2019-01-03 12:00:00
144852,71598,2019-01-03 12:00:00
144799,71598,2019-01-03 12:00:00
144801,71598,2019-01-03 12:00:00
144803,71598,2019-01-03 12:00:00
144857,71598,2019-01-03 12:00:00
93271,71598,2019-01-03 12:00:00
93279,71598,2019-01-03 12:00:00
143663,71598,2019-01-03 12:00:00
144860,71598,2019-01-03 12:00:00
143681,71598,2019-01-03 12:00:00
144862,71598,2019-01-03 12:00:00
96473,71598,2019-01-03 12:00:00
98172,71598,2019-01-03 12:00:00
98164,71598,2019-01-03 12:00:00
96475,71598,2019-01-03 12:00:00
96474,71598,2019-01-03 12:00:00
93594,71598,2019-01-03 12:00:00
98163,71598,2019-01-03 12:00:00
98158,71598,2019-01-03 12:00:00
98154,71598,2019-01-03 12:00:00
98171,71598,2019-01-03 12:00:00
93253,71598,2019-01-03 12:00:00
93251,71598,2019-01-03 12:00:00
98184,71598,2019-01-03 12:00:00
98181,71598,2019-01-03 12:00:00
98178,71598,2019-01-03 12:00:00
98177,71598,2019-01-03 12:00:00
98176,71598,2019-01-03 12:00:00
93881,71598,2019-01-03 12:00:00
93889,71598,2019-01-03 12:00:00
93805,71598,2019-01-03 12:00:00
93799,71598,2019-01-03 12:00:00
93807,71598,2019-01-03 12:00:00
96417,71598,2019-01-03 12:00:00
96418,71598,2019-01-03 12:00:00
93259,71598,2019-01-03 12:00:00
77831,71598,2019-01-03 12:00:00
143661,71598,2019-01-03 12:00:00
93645,71598,2019-01-03 12:00:00
93633,71598,2019-01-03 12:00:00
93658,71598,2019-01-03 12:00:00
93612,71598,2019-01-03 12:00:00
93610,71598,2019-01-03 12:00:00
93604,71598,2019-01-03 12:00:00
93591,71598,2019-01-03 12:00:00
93707,71598,2019-01-03 12:00:00
93618,71598,2019-01-03 12:00:00
96415,71598,2019-01-03 12:00:00
96416,71598,2019-01-03 12:00:00
93771,71598,2019-01-03 12:00:00
93781,71598,2019-01-03 12:00:00
93779,71598,2019-01-03 12:00:00
213364,71598,2019-01-03 12:00:00
93655,71598,2019-01-03 12:00:00
93666,71598,2019-01-03 12:00:00
93672,71598,2019-01-03 12:00:00
93685,71598,2019-01-03 12:00:00
93676,71598,2019-01-03 12:00:00
93695,71598,2019-01-03 12:00:00
93693,71598,2019-01-03 12:00:00
93813,71598,2019-01-03 12:00:00
93749,71598,2019-01-03 12:00:00
93747,71598,2019-01-03 12:00:00
93712,71598,2019-01-03 12:00:00
96419,71598,2019-01-03 12:00:00
93925,71598,2019-01-03 12:00:00
93919,71598,2019-01-03 12:00:00
93945,71598,2019-01-03 12:00:00
147192,71598,2019-01-03 12:00:00
93879,71598,2019-01-03 12:00:00
93873,71598,2019-01-03 12:00:00
93869,71598,2019-01-03 12:00:00
94099,71598,2019-01-03 12:00:00
143541,71598,2019-01-03 12:00:00
143535,71598,2019-01-03 12:00:00
212819,71598,2019-01-03 12:00:00
93855,71598,2019-01-03 12:00:00
93859,71598,2019-01-03 12:00:00
93861,71598,2019-01-03 12:00:00
93865,71598,2019-01-03 12:00:00
93833,71598,2019-01-03 12:00:00
93845,71598,2019-01-03 12:00:00
93839,71598,2019-01-03 12:00:00
93843,71598,2019-01-03 12:00:00
93934,71598,2019-01-03 12:00:00
93895,71598,2019-01-03 12:00:00
93829,71598,2019-01-03 12:00:00
93769,71598,2019-01-03 12:00:00
93759,71598,2019-01-03 12:00:00
93765,71598,2019-01-03 12:00:00
93757,71598,2019-01-03 12:00:00
93825,71598,2019-01-03 12:00:00
96410,71598,2019-01-03 12:00:00
196777,71598,2019-01-03 12:00:00
98208,71598,2019-01-03 12:00:00
98196,71598,2019-01-03 12:00:00
104035,71598,2019-01-03 12:00:00
98223,71598,2019-01-03 12:00:00
94852,71598,2019-01-03 12:00:00
96409,71598,2019-01-03 12:00:00
143503,71598,2019-01-03 12:00:00
143494,71598,2019-01-03 12:00:00
94143,71598,2019-01-03 12:00:00
94149,71598,2019-01-03 12:00:00
94189,71598,2019-01-03 12:00:00
94182,71598,2019-01-03 12:00:00
94211,71598,2019-01-03 12:00:00
94834,71598,2019-01-03 12:00:00
94843,71598,2019-01-03 12:00:00
94822,71598,2019-01-03 12:00:00
94860,71598,2019-01-03 12:00:00
95480,71598,2019-01-03 12:00:00
157286,71598,2019-01-03 12:00:00
157284,71598,2019-01-03 12:00:00
95482,71598,2019-01-03 12:00:00
95481,71598,2019-01-03 12:00:00
157287,71598,2019-01-03 12:00:00
95369,71598,2019-01-03 12:00:00
94833,71598,2019-01-03 12:00:00
143511,71598,2019-01-03 12:00:00
143533,71598,2019-01-03 12:00:00
94060,71598,2019-01-03 12:00:00
93941,71598,2019-01-03 12:00:00
93958,71598,2019-01-03 12:00:00
94128,71598,2019-01-03 12:00:00
148745,71598,2019-01-03 12:00:00
94095,71598,2019-01-03 12:00:00
94830,71598,2019-01-03 12:00:00
94837,71598,2019-01-03 12:00:00
94842,71598,2019-01-03 12:00:00
94147,71598,2019-01-03 12:00:00
94104,71598,2019-01-03 12:00:00
148865,71598,2019-01-03 12:00:00
148864,71598,2019-01-03 12:00:00
94828,71598,2019-01-03 12:00:00
148866,71598,2019-01-03 12:00:00
94824,71598,2019-01-03 12:00:00
115264,71599,2019-01-03 18:00:00
196895,71599,2019-01-03 18:00:00
2887,71599,2019-01-03 18:00:00
3082,71599,2019-01-03 18:00:00
144774,71599,2019-01-03 18:00:00
77735,71599,2019-01-03 18:00:00
143537,71599,2019-01-03 18:00:00
3053,71599,2019-01-03 18:00:00
2964,71599,2019-01-03 18:00:00
171557,71599,2019-01-03 18:00:00
115216,71600,2019-01-04 00:00:00
115229,71600,2019-01-04 00:00:00
115231,71600,2019-01-04 00:00:00
115219,71600,2019-01-04 00:00:00
115224,71600,2019-01-04 00:00:00
115215,71600,2019-01-04 00:00:00
51678,71601,2019-01-04 06:00:00
196889,71601,2019-01-04 06:00:00
196894,71601,2019-01-04 06:00:00
196882,71601,2019-01-04 06:00:00
196911,71601,2019-01-04 06:00:00
196909,71601,2019-01-04 06:00:00
196905,71601,2019-01-04 06:00:00
196965,71601,2019-01-04 06:00:00
196963,71601,2019-01-04 06:00:00
197152,71601,2019-01-04 06:00:00
196896,71601,2019-01-04 06:00:00
196903,71601,2019-01-04 06:00:00
196899,71601,2019-01-04 06:00:00
196897,71601,2019-01-04 06:00:00
196884,71601,2019-01-04 06:00:00
51680,71601,2019-01-04 06:00:00
2992,71601,2019-01-04 06:00:00
50968,71601,2019-01-04 06:00:00
3072,71601,2019-01-04 06:00:00
120300,71601,2019-01-04 06:00:00
196532,71601,2019-01-04 06:00:00
196974,71601,2019-01-04 06:00:00
196913,71601,2019-01-04 06:00:00
115277,71601,2019-01-04 06:00:00
196971,71601,2019-01-04 06:00:00
196961,71601,2019-01-04 06:00:00
196992,71601,2019-01-04 06:00:00
197153,71601,2019-01-04 06:00:00
196989,71601,2019-01-04 06:00:00
196984,71601,2019-01-04 06:00:00
196981,71601,2019-01-04 06:00:00
196979,71601,2019-01-04 06:00:00
197004,71601,2019-01-04 06:00:00
197140,71601,2019-01-04 06:00:00
197156,71601,2019-01-04 06:00:00
144798,71602,2019-01-04 12:00:00
171640,71602,2019-01-04 12:00:00
115319,71602,2019-01-04 12:00:00
115320,71602,2019-01-04 12:00:00
3097,71602,2019-01-04 12:00:00
77571,71602,2019-01-04 12:00:00
213772,71602,2019-01-04 12:00:00
120360,71602,2019-01-04 12:00:00
115230,71602,2019-01-04 12:00:00
115355,71602,2019-01-04 12:00:00
196505,71602,2019-01-04 12:00:00
171546,71602,2019-01-04 12:00:00
9376,71602,2019-01-04 12:00:00
115325,71602,2019-01-04 12:00:00
171648,71603,2019-01-04 18:00:00
171649,71603,2019-01-04 18:00:00
93439,71604,2019-01-05 00:00:00
94821,71604,2019-01-05 00:00:00
94820,71604,2019-01-05 00:00:00
94819,71604,2019-01-05 00:00:00
94850,71604,2019-01-05 00:00:00
95477,71604,2019-01-05 00:00:00
95476,71604,2019-01-05 00:00:00
95475,71604,2019-01-05 00:00:00
96262,71604,2019-01-05 00:00:00
96259,71604,2019-01-05 00:00:00
96257,71604,2019-01-05 00:00:00
96255,71604,2019-01-05 00:00:00
96253,71604,2019-01-05 00:00:00
96247,71604,2019-01-05 00:00:00
94849,71604,2019-01-05 00:00:00
98222,71604,2019-01-05 00:00:00
98283,71604,2019-01-05 00:00:00
98279,71604,2019-01-05 00:00:00
98278,71604,2019-01-05 00:00:00
98277,71604,2019-01-05 00:00:00
98276,71604,2019-01-05 00:00:00
98275,71604,2019-01-05 00:00:00
94816,71604,2019-01-05 00:00:00
96212,71604,2019-01-05 00:00:00
96207,71604,2019-01-05 00:00:00
96328,71604,2019-01-05 00:00:00
96327,71604,2019-01-05 00:00:00
96318,71604,2019-01-05 00:00:00
96331,71604,2019-01-05 00:00:00
98225,71604,2019-01-05 00:00:00
98224,71604,2019-01-05 00:00:00
94218,71604,2019-01-05 00:00:00
94217,71604,2019-01-05 00:00:00
94216,71604,2019-01-05 00:00:00
94846,71604,2019-01-05 00:00:00
94845,71604,2019-01-05 00:00:00
94844,71604,2019-01-05 00:00:00
94841,71604,2019-01-05 00:00:00
96246,71604,2019-01-05 00:00:00
96241,71604,2019-01-05 00:00:00
96346,71604,2019-01-05 00:00:00
96345,71604,2019-01-05 00:00:00
94163,71604,2019-01-05 00:00:00
94196,71604,2019-01-05 00:00:00
94195,71604,2019-01-05 00:00:00
94138,71604,2019-01-05 00:00:00
94137,71604,2019-01-05 00:00:00
94136,71604,2019-01-05 00:00:00
94135,71604,2019-01-05 00:00:00
94133,71604,2019-01-05 00:00:00
98284,71604,2019-01-05 00:00:00
96336,71604,2019-01-05 00:00:00
96217,71604,2019-01-05 00:00:00
96215,71604,2019-01-05 00:00:00
96237,71604,2019-01-05 00:00:00
96236,71604,2019-01-05 00:00:00
96220,71604,2019-01-05 00:00:00
95444,71604,2019-01-05 00:00:00
95443,71604,2019-01-05 00:00:00
95442,71604,2019-01-05 00:00:00
95496,71604,2019-01-05 00:00:00
95492,71604,2019-01-05 00:00:00
95488,71604,2019-01-05 00:00:00
95487,71604,2019-01-05 00:00:00
96313,71604,2019-01-05 00:00:00
96312,71604,2019-01-05 00:00:00
95478,71604,2019-01-05 00:00:00
94194,71604,2019-01-05 00:00:00
98183,71604,2019-01-05 00:00:00
94192,71604,2019-01-05 00:00:00
94079,71604,2019-01-05 00:00:00
94075,71604,2019-01-05 00:00:00
98182,71604,2019-01-05 00:00:00
98179,71604,2019-01-05 00:00:00
98175,71604,2019-01-05 00:00:00
98174,71604,2019-01-05 00:00:00
98173,71604,2019-01-05 00:00:00
94074,71604,2019-01-05 00:00:00
94071,71604,2019-01-05 00:00:00
98167,71604,2019-01-05 00:00:00
98166,71604,2019-01-05 00:00:00
98162,71604,2019-01-05 00:00:00
98161,71604,2019-01-05 00:00:00
98160,71604,2019-01-05 00:00:00
98159,71604,2019-01-05 00:00:00
98157,71604,2019-01-05 00:00:00
98156,71604,2019-01-05 00:00:00
98155,71604,2019-01-05 00:00:00
98187,71604,2019-01-05 00:00:00
98185,71604,2019-01-05 00:00:00
98152,71604,2019-01-05 00:00:00
93215,71604,2019-01-05 00:00:00
93211,71604,2019-01-05 00:00:00
93193,71604,2019-01-05 00:00:00
93181,71604,2019-01-05 00:00:00
93209,71604,2019-01-05 00:00:00
93199,71604,2019-01-05 00:00:00
93198,71604,2019-01-05 00:00:00
93197,71604,2019-01-05 00:00:00
93237,71604,2019-01-05 00:00:00
94070,71604,2019-01-05 00:00:00
93272,71604,2019-01-05 00:00:00
93441,71604,2019-01-05 00:00:00
93440,71604,2019-01-05 00:00:00
193097,71604,2019-01-05 00:00:00
93245,71604,2019-01-05 00:00:00
93244,71604,2019-01-05 00:00:00
93239,71604,2019-01-05 00:00:00
93238,71604,2019-01-05 00:00:00
93428,71604,2019-01-05 00:00:00
93426,71604,2019-01-05 00:00:00
93425,71604,2019-01-05 00:00:00
93424,71604,2019-01-05 00:00:00
93231,71604,2019-01-05 00:00:00
93229,71604,2019-01-05 00:00:00
93222,71604,2019-01-05 00:00:00
98151,71604,2019-01-05 00:00:00
96480,71604,2019-01-05 00:00:00
96477,71604,2019-01-05 00:00:00
96476,71604,2019-01-05 00:00:00
96472,71604,2019-01-05 00:00:00
96471,71604,2019-01-05 00:00:00
96470,71604,2019-01-05 00:00:00
96469,71604,2019-01-05 00:00:00
96468,71604,2019-01-05 00:00:00
98169,71604,2019-01-05 00:00:00
98168,71604,2019-01-05 00:00:00
171996,71604,2019-01-05 00:00:00
171995,71604,2019-01-05 00:00:00
171994,71604,2019-01-05 00:00:00
171993,71604,2019-01-05 00:00:00
98153,71604,2019-01-05 00:00:00
94069,71604,2019-01-05 00:00:00
94068,71604,2019-01-05 00:00:00
94067,71604,2019-01-05 00:00:00
95449,71604,2019-01-05 00:00:00
95448,71604,2019-01-05 00:00:00
95445,71604,2019-01-05 00:00:00
95439,71604,2019-01-05 00:00:00
93438,71604,2019-01-05 00:00:00
93437,71604,2019-01-05 00:00:00
93435,71604,2019-01-05 00:00:00
93434,71604,2019-01-05 00:00:00
93433,71604,2019-01-05 00:00:00
93430,71604,2019-01-05 00:00:00
93429,71604,2019-01-05 00:00:00
93465,71604,2019-01-05 00:00:00
93464,71604,2019-01-05 00:00:00
93292,71604,2019-01-05 00:00:00
93291,71604,2019-01-05 00:00:00
93285,71604,2019-01-05 00:00:00
93280,71604,2019-01-05 00:00:00
93277,71604,2019-01-05 00:00:00
93482,71604,2019-01-05 00:00:00
93481,71604,2019-01-05 00:00:00
93479,71604,2019-01-05 00:00:00
93478,71604,2019-01-05 00:00:00
93466,71604,2019-01-05 00:00:00
93504,71604,2019-01-05 00:00:00
93503,71604,2019-01-05 00:00:00
93461,71604,2019-01-05 00:00:00
93458,71604,2019-01-05 00:00:00
93457,71604,2019-01-05 00:00:00
93456,71604,2019-01-05 00:00:00
93443,71604,2019-01-05 00:00:00
93442,71604,2019-01-05 00:00:00
93485,71604,2019-01-05 00:00:00
93484,71604,2019-01-05 00:00:00
94108,71604,2019-01-05 00:00:00
93473,71604,2019-01-05 00:00:00
93472,71604,2019-01-05 00:00:00
93470,71604,2019-01-05 00:00:00
93468,71604,2019-01-05 00:00:00
93487,71604,2019-01-05 00:00:00
93486,71604,2019-01-05 00:00:00
93524,71604,2019-01-05 00:00:00
93523,71604,2019-01-05 00:00:00
93455,71604,2019-01-05 00:00:00
93454,71604,2019-01-05 00:00:00
93452,71604,2019-01-05 00:00:00
93451,71604,2019-01-05 00:00:00
93450,71604,2019-01-05 00:00:00
93448,71604,2019-01-05 00:00:00
93447,71604,2019-01-05 00:00:00
93483,71604,2019-01-05 00:00:00
94106,71604,2019-01-05 00:00:00
94062,71604,2019-01-05 00:00:00
94057,71604,2019-01-05 00:00:00
93544,71604,2019-01-05 00:00:00
93543,71604,2019-01-05 00:00:00
93502,71604,2019-01-05 00:00:00
93501,71604,2019-01-05 00:00:00
93499,71604,2019-01-05 00:00:00
93498,71604,2019-01-05 00:00:00
93495,71604,2019-01-05 00:00:00
93494,71604,2019-01-05 00:00:00
93491,71604,2019-01-05 00:00:00
93489,71604,2019-01-05 00:00:00
93488,71604,2019-01-05 00:00:00
93527,71604,2019-01-05 00:00:00
93525,71604,2019-01-05 00:00:00
93562,71604,2019-01-05 00:00:00
93476,71604,2019-01-05 00:00:00
93475,71604,2019-01-05 00:00:00
94054,71604,2019-01-05 00:00:00
193113,71604,2019-01-05 00:00:00
193108,71604,2019-01-05 00:00:00
193099,71604,2019-01-05 00:00:00
94827,71604,2019-01-05 00:00:00
193095,71604,2019-01-05 00:00:00
193093,71604,2019-01-05 00:00:00
193090,71604,2019-01-05 00:00:00
193085,71604,2019-01-05 00:00:00
193083,71604,2019-01-05 00:00:00
193130,71604,2019-01-05 00:00:00
193128,71604,2019-01-05 00:00:00
193127,71604,2019-01-05 00:00:00
193126,71604,2019-01-05 00:00:00
193125,71604,2019-01-05 00:00:00
193124,71604,2019-01-05 00:00:00
193123,71604,2019-01-05 00:00:00
193121,71604,2019-01-05 00:00:00
193120,71604,2019-01-05 00:00:00
193119,71604,2019-01-05 00:00:00
193118,71604,2019-01-05 00:00:00
193117,71604,2019-01-05 00:00:00
193116,71604,2019-01-05 00:00:00
193115,71604,2019-01-05 00:00:00
193149,71604,2019-01-05 00:00:00
193148,71604,2019-01-05 00:00:00
193147,71604,2019-01-05 00:00:00
193145,71604,2019-01-05 00:00:00
193144,71604,2019-01-05 00:00:00
193143,71604,2019-01-05 00:00:00
193142,71604,2019-01-05 00:00:00
193141,71604,2019-01-05 00:00:00
193139,71604,2019-01-05 00:00:00
193138,71604,2019-01-05 00:00:00
193135,71604,2019-01-05 00:00:00
193134,71604,2019-01-05 00:00:00
193132,71604,2019-01-05 00:00:00
193167,71604,2019-01-05 00:00:00
193166,71604,2019-01-05 00:00:00
193165,71604,2019-01-05 00:00:00
193164,71604,2019-01-05 00:00:00
193163,71604,2019-01-05 00:00:00
193162,71604,2019-01-05 00:00:00
193161,71604,2019-01-05 00:00:00
193158,71604,2019-01-05 00:00:00
193157,71604,2019-01-05 00:00:00
193155,71604,2019-01-05 00:00:00
193153,71604,2019-01-05 00:00:00
193152,71604,2019-01-05 00:00:00
193151,71604,2019-01-05 00:00:00
193150,71604,2019-01-05 00:00:00
193185,71604,2019-01-05 00:00:00
193184,71604,2019-01-05 00:00:00
193183,71604,2019-01-05 00:00:00
193182,71604,2019-01-05 00:00:00
193181,71604,2019-01-05 00:00:00
193180,71604,2019-01-05 00:00:00
193179,71604,2019-01-05 00:00:00
193177,71604,2019-01-05 00:00:00
193176,71604,2019-01-05 00:00:00
193175,71604,2019-01-05 00:00:00
193174,71604,2019-01-05 00:00:00
193173,71604,2019-01-05 00:00:00
193172,71604,2019-01-05 00:00:00
193171,71604,2019-01-05 00:00:00
193170,71604,2019-01-05 00:00:00
193169,71604,2019-01-05 00:00:00
95389,71604,2019-01-05 00:00:00
93522,71604,2019-01-05 00:00:00
93519,71604,2019-01-05 00:00:00
93518,71604,2019-01-05 00:00:00
93517,71604,2019-01-05 00:00:00
93516,71604,2019-01-05 00:00:00
93513,71604,2019-01-05 00:00:00
93511,71604,2019-01-05 00:00:00
93510,71604,2019-01-05 00:00:00
93507,71604,2019-01-05 00:00:00
93505,71604,2019-01-05 00:00:00
95388,71604,2019-01-05 00:00:00
95387,71604,2019-01-05 00:00:00
95384,71604,2019-01-05 00:00:00
95383,71604,2019-01-05 00:00:00
95382,71604,2019-01-05 00:00:00
95474,71604,2019-01-05 00:00:00
95473,71604,2019-01-05 00:00:00
95469,71604,2019-01-05 00:00:00
95465,71604,2019-01-05 00:00:00
95461,71604,2019-01-05 00:00:00
95457,71604,2019-01-05 00:00:00
95453,71604,2019-01-05 00:00:00
95452,71604,2019-01-05 00:00:00
95451,71604,2019-01-05 00:00:00
95450,71604,2019-01-05 00:00:00
193205,71604,2019-01-05 00:00:00
193204,71604,2019-01-05 00:00:00
193203,71604,2019-01-05 00:00:00
193202,71604,2019-01-05 00:00:00
193199,71604,2019-01-05 00:00:00
193198,71604,2019-01-05 00:00:00
193197,71604,2019-01-05 00:00:00
193196,71604,2019-01-05 00:00:00
193193,71604,2019-01-05 00:00:00
193192,71604,2019-01-05 00:00:00
193190,71604,2019-01-05 00:00:00
193187,71604,2019-01-05 00:00:00
193186,71604,2019-01-05 00:00:00
193225,71604,2019-01-05 00:00:00
193224,71604,2019-01-05 00:00:00
193223,71604,2019-01-05 00:00:00
193222,71604,2019-01-05 00:00:00
193221,71604,2019-01-05 00:00:00
193220,71604,2019-01-05 00:00:00
193219,71604,2019-01-05 00:00:00
193216,71604,2019-01-05 00:00:00
193215,71604,2019-01-05 00:00:00
193211,71604,2019-01-05 00:00:00
193209,71604,2019-01-05 00:00:00
193208,71604,2019-01-05 00:00:00
193207,71604,2019-01-05 00:00:00
193227,71604,2019-01-05 00:00:00
193226,71604,2019-01-05 00:00:00
94153,71604,2019-01-05 00:00:00
94152,71604,2019-01-05 00:00:00
98282,71604,2019-01-05 00:00:00
98281,71604,2019-01-05 00:00:00
94177,71604,2019-01-05 00:00:00
94176,71604,2019-01-05 00:00:00
94125,71604,2019-01-05 00:00:00
94124,71604,2019-01-05 00:00:00
94123,71604,2019-01-05 00:00:00
94122,71604,2019-01-05 00:00:00
94168,71604,2019-01-05 00:00:00
94167,71604,2019-01-05 00:00:00
94165,71604,2019-01-05 00:00:00
94164,71604,2019-01-05 00:00:00
96330,71604,2019-01-05 00:00:00
93561,71604,2019-01-05 00:00:00
94191,71604,2019-01-05 00:00:00
94188,71604,2019-01-05 00:00:00
94187,71604,2019-01-05 00:00:00
94186,71604,2019-01-05 00:00:00
94185,71604,2019-01-05 00:00:00
94184,71604,2019-01-05 00:00:00
94181,71604,2019-01-05 00:00:00
94119,71604,2019-01-05 00:00:00
94118,71604,2019-01-05 00:00:00
94117,71604,2019-01-05 00:00:00
94116,71604,2019-01-05 00:00:00
94115,71604,2019-01-05 00:00:00
94113,71604,2019-01-05 00:00:00
94111,71604,2019-01-05 00:00:00
94110,71604,2019-01-05 00:00:00
96329,71604,2019-01-05 00:00:00
96264,71604,2019-01-05 00:00:00
96263,71604,2019-01-05 00:00:00
93580,71604,2019-01-05 00:00:00
93542,71604,2019-01-05 00:00:00
93541,71604,2019-01-05 00:00:00
93539,71604,2019-01-05 00:00:00
93538,71604,2019-01-05 00:00:00
93531,71604,2019-01-05 00:00:00
93530,71604,2019-01-05 00:00:00
93564,71604,2019-01-05 00:00:00
93563,71604,2019-01-05 00:00:00
96413,71604,2019-01-05 00:00:00
93549,71604,2019-01-05 00:00:00
93548,71604,2019-01-05 00:00:00
93547,71604,2019-01-05 00:00:00
93584,71604,2019-01-05 00:00:00
93583,71604,2019-01-05 00:00:00
93582,71604,2019-01-05 00:00:00
93619,71604,2019-01-05 00:00:00
93579,71604,2019-01-05 00:00:00
96412,71604,2019-01-05 00:00:00
93546,71604,2019-01-05 00:00:00
93581,71604,2019-01-05 00:00:00
196512,71604,2019-01-05 00:00:00
96411,71604,2019-01-05 00:00:00
93566,71604,2019-01-05 00:00:00
93565,71604,2019-01-05 00:00:00
96407,71604,2019-01-05 00:00:00
96332,71604,2019-01-05 00:00:00
98221,71604,2019-01-05 00:00:00
98220,71604,2019-01-05 00:00:00
98214,71604,2019-01-05 00:00:00
93598,71604,2019-01-05 00:00:00
93560,71604,2019-01-05 00:00:00
93559,71604,2019-01-05 00:00:00
93558,71604,2019-01-05 00:00:00
93557,71604,2019-01-05 00:00:00
93556,71604,2019-01-05 00:00:00
93553,71604,2019-01-05 00:00:00
93551,71604,2019-01-05 00:00:00
93600,71604,2019-01-05 00:00:00
93640,71604,2019-01-05 00:00:00
93597,71604,2019-01-05 00:00:00
93596,71604,2019-01-05 00:00:00
93595,71604,2019-01-05 00:00:00
93593,71604,2019-01-05 00:00:00
93590,71604,2019-01-05 00:00:00
93588,71604,2019-01-05 00:00:00
93587,71604,2019-01-05 00:00:00
93586,71604,2019-01-05 00:00:00
93585,71604,2019-01-05 00:00:00
93578,71604,2019-01-05 00:00:00
93576,71604,2019-01-05 00:00:00
93572,71604,2019-01-05 00:00:00
93569,71604,2019-01-05 00:00:00
93567,71604,2019-01-05 00:00:00
94103,71604,2019-01-05 00:00:00
94102,71604,2019-01-05 00:00:00
94101,71604,2019-01-05 00:00:00
94146,71604,2019-01-05 00:00:00
94145,71604,2019-01-05 00:00:00
94139,71604,2019-01-05 00:00:00
94100,71604,2019-01-05 00:00:00
94098,71604,2019-01-05 00:00:00
94161,71604,2019-01-05 00:00:00
94160,71604,2019-01-05 00:00:00
94158,71604,2019-01-05 00:00:00
94198,71604,2019-01-05 00:00:00
94197,71604,2019-01-05 00:00:00
94151,71604,2019-01-05 00:00:00
94150,71604,2019-01-05 00:00:00
94148,71604,2019-01-05 00:00:00
93616,71604,2019-01-05 00:00:00
93615,71604,2019-01-05 00:00:00
93613,71604,2019-01-05 00:00:00
93607,71604,2019-01-05 00:00:00
93606,71604,2019-01-05 00:00:00
93603,71604,2019-01-05 00:00:00
93631,71604,2019-01-05 00:00:00
93628,71604,2019-01-05 00:00:00
93626,71604,2019-01-05 00:00:00
93624,71604,2019-01-05 00:00:00
93623,71604,2019-01-05 00:00:00
93622,71604,2019-01-05 00:00:00
93602,71604,2019-01-05 00:00:00
93601,71604,2019-01-05 00:00:00
93661,71604,2019-01-05 00:00:00
93621,71604,2019-01-05 00:00:00
93620,71604,2019-01-05 00:00:00
93649,71604,2019-01-05 00:00:00
93648,71604,2019-01-05 00:00:00
93647,71604,2019-01-05 00:00:00
93646,71604,2019-01-05 00:00:00
93644,71604,2019-01-05 00:00:00
93643,71604,2019-01-05 00:00:00
94120,71604,2019-01-05 00:00:00
94081,71604,2019-01-05 00:00:00
94170,71604,2019-01-05 00:00:00
94169,71604,2019-01-05 00:00:00
94215,71604,2019-01-05 00:00:00
94210,71604,2019-01-05 00:00:00
94208,71604,2019-01-05 00:00:00
94206,71604,2019-01-05 00:00:00
94205,71604,2019-01-05 00:00:00
94203,71604,2019-01-05 00:00:00
94201,71604,2019-01-05 00:00:00
94200,71604,2019-01-05 00:00:00
94199,71604,2019-01-05 00:00:00
94162,71604,2019-01-05 00:00:00
93642,71604,2019-01-05 00:00:00
93617,71604,2019-01-05 00:00:00
93659,71604,2019-01-05 00:00:00
93656,71604,2019-01-05 00:00:00
93654,71604,2019-01-05 00:00:00
93652,71604,2019-01-05 00:00:00
93651,71604,2019-01-05 00:00:00
93650,71604,2019-01-05 00:00:00
93673,71604,2019-01-05 00:00:00
93639,71604,2019-01-05 00:00:00
93638,71604,2019-01-05 00:00:00
93636,71604,2019-01-05 00:00:00
93635,71604,2019-01-05 00:00:00
93632,71604,2019-01-05 00:00:00
98213,71604,2019-01-05 00:00:00
98210,71604,2019-01-05 00:00:00
98206,71604,2019-01-05 00:00:00
98205,71604,2019-01-05 00:00:00
98204,71604,2019-01-05 00:00:00
98203,71604,2019-01-05 00:00:00
98202,71604,2019-01-05 00:00:00
98198,71604,2019-01-05 00:00:00
98195,71604,2019-01-05 00:00:00
98194,71604,2019-01-05 00:00:00
98191,71604,2019-01-05 00:00:00
98190,71604,2019-01-05 00:00:00
98189,71604,2019-01-05 00:00:00
98188,71604,2019-01-05 00:00:00
93698,71604,2019-01-05 00:00:00
93687,71604,2019-01-05 00:00:00
93686,71604,2019-01-05 00:00:00
93684,71604,2019-01-05 00:00:00
93683,71604,2019-01-05 00:00:00
93682,71604,2019-01-05 00:00:00
93671,71604,2019-01-05 00:00:00
93670,71604,2019-01-05 00:00:00
93669,71604,2019-01-05 00:00:00
93668,71604,2019-01-05 00:00:00
93667,71604,2019-01-05 00:00:00
93665,71604,2019-01-05 00:00:00
93664,71604,2019-01-05 00:00:00
93663,71604,2019-01-05 00:00:00
93662,71604,2019-01-05 00:00:00
196883,71604,2019-01-05 00:00:00
93681,71604,2019-01-05 00:00:00
93680,71604,2019-01-05 00:00:00
93679,71604,2019-01-05 00:00:00
93678,71604,2019-01-05 00:00:00
93677,71604,2019-01-05 00:00:00
93674,71604,2019-01-05 00:00:00
93703,71604,2019-01-05 00:00:00
93702,71604,2019-01-05 00:00:00
93701,71604,2019-01-05 00:00:00
93700,71604,2019-01-05 00:00:00
93699,71604,2019-01-05 00:00:00
95374,71604,2019-01-05 00:00:00
96458,71604,2019-01-05 00:00:00
96457,71604,2019-01-05 00:00:00
96456,71604,2019-01-05 00:00:00
96455,71604,2019-01-05 00:00:00
93705,71604,2019-01-05 00:00:00
93704,71604,2019-01-05 00:00:00
96449,71604,2019-01-05 00:00:00
96445,71604,2019-01-05 00:00:00
96441,71604,2019-01-05 00:00:00
93696,71604,2019-01-05 00:00:00
93692,71604,2019-01-05 00:00:00
93690,71604,2019-01-05 00:00:00
96452,71604,2019-01-05 00:00:00
93688,71604,2019-01-05 00:00:00
95373,71604,2019-01-05 00:00:00
95372,71604,2019-01-05 00:00:00
95371,71604,2019-01-05 00:00:00
95440,71604,2019-01-05 00:00:00
95368,71604,2019-01-05 00:00:00
95367,71604,2019-01-05 00:00:00
95366,71604,2019-01-05 00:00:00
95365,71604,2019-01-05 00:00:00
95405,71604,2019-01-05 00:00:00
95401,71604,2019-01-05 00:00:00
95397,71604,2019-01-05 00:00:00
95393,71604,2019-01-05 00:00:00
95392,71604,2019-01-05 00:00:00
95391,71604,2019-01-05 00:00:00
95390,71604,2019-01-05 00:00:00
96414,71604,2019-01-05 00:00:00
96467,71604,2019-01-05 00:00:00
93720,71604,2019-01-05 00:00:00
93719,71604,2019-01-05 00:00:00
93716,71604,2019-01-05 00:00:00
93714,71604,2019-01-05 00:00:00
93713,71604,2019-01-05 00:00:00
93710,71604,2019-01-05 00:00:00
96463,71604,2019-01-05 00:00:00
96462,71604,2019-01-05 00:00:00
96461,71604,2019-01-05 00:00:00
96460,71604,2019-01-05 00:00:00
96459,71604,2019-01-05 00:00:00
93763,71604,2019-01-05 00:00:00
93755,71604,2019-01-05 00:00:00
96451,71604,2019-01-05 00:00:00
96450,71604,2019-01-05 00:00:00
93782,71604,2019-01-05 00:00:00
96437,71604,2019-01-05 00:00:00
96430,71604,2019-01-05 00:00:00
96426,71604,2019-01-05 00:00:00
96423,71604,2019-01-05 00:00:00
96420,71604,2019-01-05 00:00:00
93918,71604,2019-01-05 00:00:00
93826,71604,2019-01-05 00:00:00
93819,71604,2019-01-05 00:00:00
93817,71604,2019-01-05 00:00:00
93797,71604,2019-01-05 00:00:00
93789,71604,2019-01-05 00:00:00
93777,71604,2019-01-05 00:00:00
93775,71604,2019-01-05 00:00:00
93837,71604,2019-01-05 00:00:00
93937,71604,2019-01-05 00:00:00
93936,71604,2019-01-05 00:00:00
93933,71604,2019-01-05 00:00:00
93932,71604,2019-01-05 00:00:00
93856,71604,2019-01-05 00:00:00
93847,71604,2019-01-05 00:00:00
93951,71604,2019-01-05 00:00:00
93950,71604,2019-01-05 00:00:00
93949,71604,2019-01-05 00:00:00
93948,71604,2019-01-05 00:00:00
93947,71604,2019-01-05 00:00:00
93917,71604,2019-01-05 00:00:00
93915,71604,2019-01-05 00:00:00
93913,71604,2019-01-05 00:00:00
93912,71604,2019-01-05 00:00:00
93911,71604,2019-01-05 00:00:00
93909,71604,2019-01-05 00:00:00
93908,71604,2019-01-05 00:00:00
93902,71604,2019-01-05 00:00:00
93901,71604,2019-01-05 00:00:00
93898,71604,2019-01-05 00:00:00
93897,71604,2019-01-05 00:00:00
93974,71604,2019-01-05 00:00:00
93972,71604,2019-01-05 00:00:00
93969,71604,2019-01-05 00:00:00
93967,71604,2019-01-05 00:00:00
93966,71604,2019-01-05 00:00:00
93930,71604,2019-01-05 00:00:00
93929,71604,2019-01-05 00:00:00
93928,71604,2019-01-05 00:00:00
93927,71604,2019-01-05 00:00:00
93924,71604,2019-01-05 00:00:00
93923,71604,2019-01-05 00:00:00
93943,71604,2019-01-05 00:00:00
93921,71604,2019-01-05 00:00:00
93956,71604,2019-01-05 00:00:00
93954,71604,2019-01-05 00:00:00
93953,71604,2019-01-05 00:00:00
93994,71604,2019-01-05 00:00:00
93992,71604,2019-01-05 00:00:00
93991,71604,2019-01-05 00:00:00
94039,71604,2019-01-05 00:00:00
94038,71604,2019-01-05 00:00:00
93944,71604,2019-01-05 00:00:00
93989,71604,2019-01-05 00:00:00
93988,71604,2019-01-05 00:00:00
93965,71604,2019-01-05 00:00:00
93964,71604,2019-01-05 00:00:00
93940,71604,2019-01-05 00:00:00
93980,71604,2019-01-05 00:00:00
93979,71604,2019-01-05 00:00:00
93977,71604,2019-01-05 00:00:00
93976,71604,2019-01-05 00:00:00
93975,71604,2019-01-05 00:00:00
209982,71604,2019-01-05 00:00:00
215728,71604,2019-01-05 00:00:00
215727,71604,2019-01-05 00:00:00
94013,71604,2019-01-05 00:00:00
94010,71604,2019-01-05 00:00:00
93962,71604,2019-01-05 00:00:00
93961,71604,2019-01-05 00:00:00
93959,71604,2019-01-05 00:00:00
94001,71604,2019-01-05 00:00:00
93999,71604,2019-01-05 00:00:00
93998,71604,2019-01-05 00:00:00
93997,71604,2019-01-05 00:00:00
93996,71604,2019-01-05 00:00:00
93995,71604,2019-01-05 00:00:00
95358,71604,2019-01-05 00:00:00
95357,71604,2019-01-05 00:00:00
95356,71604,2019-01-05 00:00:00
95352,71604,2019-01-05 00:00:00
94180,71604,2019-01-05 00:00:00
94818,71604,2019-01-05 00:00:00
94817,71604,2019-01-05 00:00:00
94174,71604,2019-01-05 00:00:00
94172,71604,2019-01-05 00:00:00
94094,71604,2019-01-05 00:00:00
94090,71604,2019-01-05 00:00:00
94089,71604,2019-01-05 00:00:00
94127,71604,2019-01-05 00:00:00
94086,71604,2019-01-05 00:00:00
94085,71604,2019-01-05 00:00:00
94084,71604,2019-01-05 00:00:00
94083,71604,2019-01-05 00:00:00
94121,71604,2019-01-05 00:00:00
94032,71604,2019-01-05 00:00:00
94029,71604,2019-01-05 00:00:00
94028,71604,2019-01-05 00:00:00
94026,71604,2019-01-05 00:00:00
94023,71604,2019-01-05 00:00:00
94022,71604,2019-01-05 00:00:00
94020,71604,2019-01-05 00:00:00
94019,71604,2019-01-05 00:00:00
94017,71604,2019-01-05 00:00:00
94016,71604,2019-01-05 00:00:00
94065,71604,2019-01-05 00:00:00
94064,71604,2019-01-05 00:00:00
95386,71604,2019-01-05 00:00:00
95385,71604,2019-01-05 00:00:00
95336,71604,2019-01-05 00:00:00
95332,71604,2019-01-05 00:00:00
94861,71604,2019-01-05 00:00:00
95381,71604,2019-01-05 00:00:00
95380,71604,2019-01-05 00:00:00
95379,71604,2019-01-05 00:00:00
95378,71604,2019-01-05 00:00:00
95377,71604,2019-01-05 00:00:00
95376,71604,2019-01-05 00:00:00
95375,71604,2019-01-05 00:00:00
94859,71604,2019-01-05 00:00:00
94858,71604,2019-01-05 00:00:00
94857,71604,2019-01-05 00:00:00
94856,71604,2019-01-05 00:00:00
93987,71604,2019-01-05 00:00:00
93984,71604,2019-01-05 00:00:00
93983,71604,2019-01-05 00:00:00
93982,71604,2019-01-05 00:00:00
94046,71604,2019-01-05 00:00:00
94045,71604,2019-01-05 00:00:00
94044,71604,2019-01-05 00:00:00
94042,71604,2019-01-05 00:00:00
94088,71604,2019-01-05 00:00:00
94087,71604,2019-01-05 00:00:00
94036,71604,2019-01-05 00:00:00
94035,71604,2019-01-05 00:00:00
94855,71604,2019-01-05 00:00:00
94854,71604,2019-01-05 00:00:00
94853,71604,2019-01-05 00:00:00
94851,71604,2019-01-05 00:00:00
95370,71604,2019-01-05 00:00:00
95348,71604,2019-01-05 00:00:00
95344,71604,2019-01-05 00:00:00
95340,71604,2019-01-05 00:00:00
94848,71604,2019-01-05 00:00:00
94847,71604,2019-01-05 00:00:00
95364,71604,2019-01-05 00:00:00
95359,71604,2019-01-05 00:00:00
94840,71604,2019-01-05 00:00:00
94839,71604,2019-01-05 00:00:00
94838,71604,2019-01-05 00:00:00
94836,71604,2019-01-05 00:00:00
94835,71604,2019-01-05 00:00:00
94832,71604,2019-01-05 00:00:00
94831,71604,2019-01-05 00:00:00
94829,71604,2019-01-05 00:00:00
94008,71604,2019-01-05 00:00:00
94006,71604,2019-01-05 00:00:00
94053,71604,2019-01-05 00:00:00
94052,71604,2019-01-05 00:00:00
94051,71604,2019-01-05 00:00:00
94050,71604,2019-01-05 00:00:00
94049,71604,2019-01-05 00:00:00
94048,71604,2019-01-05 00:00:00
94826,71604,2019-01-05 00:00:00
94082,71604,2019-01-05 00:00:00
94034,71604,2019-01-05 00:00:00
94033,71604,2019-01-05 00:00:00
94825,71604,2019-01-05 00:00:00
94823,71604,2019-01-05 00:00:00
120165,71605,2019-01-05 06:00:00
120259,71605,2019-01-05 06:00:00
77839,71605,2019-01-05 06:00:00
77836,71605,2019-01-05 06:00:00
77770,71605,2019-01-05 06:00:00
2868,71605,2019-01-05 06:00:00
216262,71605,2019-01-05 06:00:00
212771,71605,2019-01-05 06:00:00
212465,71605,2019-01-05 06:00:00
216263,71605,2019-01-05 06:00:00
77840,71605,2019-01-05 06:00:00
120151,71605,2019-01-05 06:00:00
77724,71605,2019-01-05 06:00:00
210589,71605,2019-01-05 06:00:00
2866,71605,2019-01-05 06:00:00
196792,71605,2019-01-05 06:00:00
2896,71605,2019-01-05 06:00:00
116088,71606,2019-01-05 12:00:00
77542,71606,2019-01-05 12:00:00
50960,71606,2019-01-05 12:00:00
171572,71606,2019-01-05 12:00:00
50966,71606,2019-01-05 12:00:00
50969,71606,2019-01-05 12:00:00
50970,71606,2019-01-05 12:00:00
50733,71606,2019-01-05 12:00:00
50963,71606,2019-01-05 12:00:00
120281,71606,2019-01-05 12:00:00
196741,71607,2019-01-05 18:00:00
147198,71607,2019-01-05 18:00:00
116099,71607,2019-01-05 18:00:00
9368,71607,2019-01-05 18:00:00
115613,71607,2019-01-05 18:00:00
115596,71608,2019-01-06 00:00:00
115592,71608,2019-01-06 00:00:00
115575,71608,2019-01-06 00:00:00
116112,71608,2019-01-06 00:00:00
115239,71608,2019-01-06 00:00:00
196893,71608,2019-01-06 00:00:00
196968,71608,2019-01-06 00:00:00
115561,71608,2019-01-06 00:00:00
116100,71608,2019-01-06 00:00:00
196988,71608,2019-01-06 00:00:00
144760,71608,2019-01-06 00:00:00
115599,71608,2019-01-06 00:00:00
103959,71609,2019-01-06 06:00:00
144785,71609,2019-01-06 06:00:00
144845,71609,2019-01-06 06:00:00
144846,71609,2019-01-06 06:00:00
144847,71609,2019-01-06 06:00:00
9371,71609,2019-01-06 06:00:00
197984,71609,2019-01-06 06:00:00
147188,71610,2019-01-06 12:00:00
213442,71610,2019-01-06 12:00:00
213447,71610,2019-01-06 12:00:00
213449,71610,2019-01-06 12:00:00
212856,71610,2019-01-06 12:00:00
212858,71610,2019-01-06 12:00:00
212857,71610,2019-01-06 12:00:00
171588,71610,2019-01-06 12:00:00
171589,71610,2019-01-06 12:00:00
196486,71611,2019-01-06 18:00:00
120594,71611,2019-01-06 18:00:00
104034,71612,2019-01-07 00:00:00
77755,71612,2019-01-07 00:00:00
120494,71612,2019-01-07 00:00:00
196900,71612,2019-01-07 00:00:00
2989,71612,2019-01-07 00:00:00
2985,71612,2019-01-07 00:00:00
120315,71612,2019-01-07 00:00:00
212196,71612,2019-01-07 00:00:00
2965,71613,2019-01-07 06:00:00
115410,71613,2019-01-07 06:00:00
196987,71613,2019-01-07 06:00:00
212422,71614,2019-01-07 12:00:00
212421,71614,2019-01-07 12:00:00
212546,71614,2019-01-07 12:00:00
77788,71614,2019-01-07 12:00:00
116069,71614,2019-01-07 12:00:00
115567,71614,2019-01-07 12:00:00
115536,71614,2019-01-07 12:00:00
212284,71614,2019-01-07 12:00:00
212425,71614,2019-01-07 12:00:00
115568,71614,2019-01-07 12:00:00
212545,71614,2019-01-07 12:00:00
144805,71614,2019-01-07 12:00:00
144810,71614,2019-01-07 12:00:00
144835,71614,2019-01-07 12:00:00
77737,71615,2019-01-07 18:00:00
77705,71615,2019-01-07 18:00:00
2871,71615,2019-01-07 18:00:00
196522,71615,2019-01-07 18:00:00
77727,71616,2019-01-08 00:00:00
9363,71616,2019-01-08 00:00:00
212434,71616,2019-01-08 00:00:00
103960,71617,2019-01-08 06:00:00
196740,71617,2019-01-08 06:00:00
120260,71617,2019-01-08 06:00:00
120576,71617,2019-01-08 06:00:00
196998,71617,2019-01-08 06:00:00
120529,71617,2019-01-08 06:00:00
2979,71617,2019-01-08 06:00:00
115240,71620,2019-01-09 00:00:00
157285,71621,2019-01-09 06:00:00
120483,71621,2019-01-09 06:00:00
212828,71621,2019-01-09 06:00:00
212283,71621,2019-01-09 06:00:00
157297,71621,2019-01-09 06:00:00
157300,71621,2019-01-09 06:00:00
157302,71621,2019-01-09 06:00:00
157294,71621,2019-01-09 06:00:00
212238,71621,2019-01-09 06:00:00
212237,71621,2019-01-09 06:00:00
212236,71621,2019-01-09 06:00:00
212235,71621,2019-01-09 06:00:00
212107,71621,2019-01-09 06:00:00
120305,71621,2019-01-09 06:00:00
212247,71621,2019-01-09 06:00:00
212175,71621,2019-01-09 06:00:00
209984,71621,2019-01-09 06:00:00
212082,71621,2019-01-09 06:00:00
120597,71621,2019-01-09 06:00:00
216265,71621,2019-01-09 06:00:00
196991,71621,2019-01-09 06:00:00
143518,71621,2019-01-09 06:00:00
143520,71621,2019-01-09 06:00:00
157293,71621,2019-01-09 06:00:00
143521,71621,2019-01-09 06:00:00
143523,71621,2019-01-09 06:00:00
143526,71621,2019-01-09 06:00:00
143527,71621,2019-01-09 06:00:00
143528,71621,2019-01-09 06:00:00
143538,71621,2019-01-09 06:00:00
143539,71621,2019-01-09 06:00:00
143570,71621,2019-01-09 06:00:00
143571,71621,2019-01-09 06:00:00
143577,71621,2019-01-09 06:00:00
143580,71621,2019-01-09 06:00:00
143588,71621,2019-01-09 06:00:00
143592,71621,2019-01-09 06:00:00
143594,71621,2019-01-09 06:00:00
143595,71621,2019-01-09 06:00:00
143599,71621,2019-01-09 06:00:00
143600,71621,2019-01-09 06:00:00
143602,71621,2019-01-09 06:00:00
143603,71621,2019-01-09 06:00:00
143611,71621,2019-01-09 06:00:00
143613,71621,2019-01-09 06:00:00
143614,71621,2019-01-09 06:00:00
143615,71621,2019-01-09 06:00:00
143620,71621,2019-01-09 06:00:00
143621,71621,2019-01-09 06:00:00
143622,71621,2019-01-09 06:00:00
115582,71621,2019-01-09 06:00:00
143624,71621,2019-01-09 06:00:00
143626,71621,2019-01-09 06:00:00
143632,71621,2019-01-09 06:00:00
143633,71621,2019-01-09 06:00:00
157295,71621,2019-01-09 06:00:00
212684,71621,2019-01-09 06:00:00
143635,71621,2019-01-09 06:00:00
143637,71621,2019-01-09 06:00:00
143636,71621,2019-01-09 06:00:00
143648,71621,2019-01-09 06:00:00
143649,71621,2019-01-09 06:00:00
143650,71621,2019-01-09 06:00:00
143638,71621,2019-01-09 06:00:00
143665,71621,2019-01-09 06:00:00
143667,71621,2019-01-09 06:00:00
143677,71621,2019-01-09 06:00:00
143675,71621,2019-01-09 06:00:00
143679,71621,2019-01-09 06:00:00
143683,71621,2019-01-09 06:00:00
143696,71621,2019-01-09 06:00:00
212663,71621,2019-01-09 06:00:00
143699,71621,2019-01-09 06:00:00
143701,71621,2019-01-09 06:00:00
143707,71621,2019-01-09 06:00:00
143709,71621,2019-01-09 06:00:00
143711,71621,2019-01-09 06:00:00
143713,71621,2019-01-09 06:00:00
143719,71621,2019-01-09 06:00:00
143721,71621,2019-01-09 06:00:00
144741,71621,2019-01-09 06:00:00
147010,71621,2019-01-09 06:00:00
147013,71621,2019-01-09 06:00:00
171570,71621,2019-01-09 06:00:00
171584,71621,2019-01-09 06:00:00
171541,71621,2019-01-09 06:00:00
157303,71621,2019-01-09 06:00:00
157305,71621,2019-01-09 06:00:00
157306,71621,2019-01-09 06:00:00
157307,71621,2019-01-09 06:00:00
157309,71621,2019-01-09 06:00:00
157311,71621,2019-01-09 06:00:00
212570,71621,2019-01-09 06:00:00
77759,71621,2019-01-09 06:00:00
115401,71622,2019-01-09 12:00:00
115398,71622,2019-01-09 12:00:00
143556,71622,2019-01-09 12:00:00
143557,71622,2019-01-09 12:00:00
143548,71622,2019-01-09 12:00:00
143554,71622,2019-01-09 12:00:00
143545,71622,2019-01-09 12:00:00
171539,71622,2019-01-09 12:00:00
143493,71622,2019-01-09 12:00:00
143491,71622,2019-01-09 12:00:00
143492,71622,2019-01-09 12:00:00
3071,71622,2019-01-09 12:00:00
3075,71622,2019-01-09 12:00:00
143544,71622,2019-01-09 12:00:00
143543,71622,2019-01-09 12:00:00
212862,71622,2019-01-09 12:00:00
143505,71622,2019-01-09 12:00:00
143499,71622,2019-01-09 12:00:00
143498,71622,2019-01-09 12:00:00
143644,71622,2019-01-09 12:00:00
143497,71622,2019-01-09 12:00:00
143565,71622,2019-01-09 12:00:00
143564,71622,2019-01-09 12:00:00
143669,71622,2019-01-09 12:00:00
143671,71622,2019-01-09 12:00:00
143508,71622,2019-01-09 12:00:00
143691,71622,2019-01-09 12:00:00
143568,71622,2019-01-09 12:00:00
143512,71622,2019-01-09 12:00:00
143510,71622,2019-01-09 12:00:00
213452,71622,2019-01-09 12:00:00
77854,71622,2019-01-09 12:00:00
143515,71622,2019-01-09 12:00:00
143517,71622,2019-01-09 12:00:00
143531,71622,2019-01-09 12:00:00
143506,71622,2019-01-09 12:00:00
115400,71622,2019-01-09 12:00:00
143567,71622,2019-01-09 12:00:00
121148,71623,2019-01-09 18:00:00
121146,71623,2019-01-09 18:00:00
147200,71623,2019-01-09 18:00:00
121156,71623,2019-01-09 18:00:00
121150,71623,2019-01-09 18:00:00
121162,71623,2019-01-09 18:00:00
121157,71623,2019-01-09 18:00:00
121149,71623,2019-01-09 18:00:00
121161,71623,2019-01-09 18:00:00
121147,71623,2019-01-09 18:00:00
121145,71623,2019-01-09 18:00:00
196906,71624,2019-01-10 00:00:00
120338,71624,2019-01-10 00:00:00
115302,71624,2019-01-10 00:00:00
115304,71624,2019-01-10 00:00:00
115310,71624,2019-01-10 00:00:00
120488,71625,2019-01-10 06:00:00
210587,71625,2019-01-10 06:00:00
120243,71625,2019-01-10 06:00:00
120246,71625,2019-01-10 06:00:00
120247,71625,2019-01-10 06:00:00
120242,71625,2019-01-10 06:00:00
120513,71625,2019-01-10 06:00:00
120966,71625,2019-01-10 06:00:00
120232,71625,2019-01-10 06:00:00
155051,71625,2019-01-10 06:00:00
120248,71625,2019-01-10 06:00:00
120262,71625,2019-01-10 06:00:00
211784,71625,2019-01-10 06:00:00
120544,71625,2019-01-10 06:00:00
120543,71625,2019-01-10 06:00:00
120253,71625,2019-01-10 06:00:00
120255,71625,2019-01-10 06:00:00
120254,71625,2019-01-10 06:00:00
120256,71625,2019-01-10 06:00:00
120251,71625,2019-01-10 06:00:00
120261,71625,2019-01-10 06:00:00
120257,71625,2019-01-10 06:00:00
120249,71625,2019-01-10 06:00:00
120250,71625,2019-01-10 06:00:00
120356,71625,2019-01-10 06:00:00
120240,71625,2019-01-10 06:00:00
120397,71625,2019-01-10 06:00:00
120383,71625,2019-01-10 06:00:00
120347,71625,2019-01-10 06:00:00
120355,71625,2019-01-10 06:00:00
120238,71625,2019-01-10 06:00:00
120573,71625,2019-01-10 06:00:00
120497,71625,2019-01-10 06:00:00
120499,71625,2019-01-10 06:00:00
120225,71625,2019-01-10 06:00:00
120227,71625,2019-01-10 06:00:00
120226,71625,2019-01-10 06:00:00
120309,71625,2019-01-10 06:00:00
212154,71625,2019-01-10 06:00:00
120602,71625,2019-01-10 06:00:00
120267,71625,2019-01-10 06:00:00
120264,71625,2019-01-10 06:00:00
120265,71625,2019-01-10 06:00:00
120551,71625,2019-01-10 06:00:00
120545,71625,2019-01-10 06:00:00
120595,71625,2019-01-10 06:00:00
120266,71625,2019-01-10 06:00:00
120317,71625,2019-01-10 06:00:00
120399,71625,2019-01-10 06:00:00
120407,71625,2019-01-10 06:00:00
120228,71625,2019-01-10 06:00:00
120345,71625,2019-01-10 06:00:00
120331,71625,2019-01-10 06:00:00
120335,71625,2019-01-10 06:00:00
120361,71625,2019-01-10 06:00:00
120239,71625,2019-01-10 06:00:00
120169,71625,2019-01-10 06:00:00
120567,71625,2019-01-10 06:00:00
196696,71625,2019-01-10 06:00:00
120230,71625,2019-01-10 06:00:00
120624,71625,2019-01-10 06:00:00
120236,71625,2019-01-10 06:00:00
120519,71625,2019-01-10 06:00:00
120515,71625,2019-01-10 06:00:00
120234,71625,2019-01-10 06:00:00
120245,71625,2019-01-10 06:00:00
120578,71625,2019-01-10 06:00:00
120235,71625,2019-01-10 06:00:00
120233,71625,2019-01-10 06:00:00
154851,71625,2019-01-10 06:00:00
120512,71625,2019-01-10 06:00:00
154847,71625,2019-01-10 06:00:00
120237,71625,2019-01-10 06:00:00
120507,71625,2019-01-10 06:00:00
154849,71625,2019-01-10 06:00:00
154850,71625,2019-01-10 06:00:00
120325,71625,2019-01-10 06:00:00
171565,71625,2019-01-10 06:00:00
154848,71625,2019-01-10 06:00:00
120278,71626,2019-01-10 12:00:00
120271,71626,2019-01-10 12:00:00
114003,71626,2019-01-10 12:00:00
120479,71626,2019-01-10 12:00:00
120460,71626,2019-01-10 12:00:00
120273,71626,2019-01-10 12:00:00
120272,71626,2019-01-10 12:00:00
120290,71626,2019-01-10 12:00:00
196489,71626,2019-01-10 12:00:00
120491,71626,2019-01-10 12:00:00
120269,71626,2019-01-10 12:00:00
120276,71626,2019-01-10 12:00:00
51682,71626,2019-01-10 12:00:00
51684,71626,2019-01-10 12:00:00
120274,71626,2019-01-10 12:00:00
120279,71626,2019-01-10 12:00:00
120280,71626,2019-01-10 12:00:00
3064,71629,2019-01-11 06:00:00
3043,71629,2019-01-11 06:00:00
2870,71629,2019-01-11 06:00:00
3000,71629,2019-01-11 06:00:00
3070,71629,2019-01-11 06:00:00
3037,71629,2019-01-11 06:00:00
3039,71629,2019-01-11 06:00:00
3041,71629,2019-01-11 06:00:00
3009,71629,2019-01-11 06:00:00
3011,71629,2019-01-11 06:00:00
3085,71629,2019-01-11 06:00:00
212714,71629,2019-01-11 06:00:00
212569,71629,2019-01-11 06:00:00
212713,71629,2019-01-11 06:00:00
3087,71629,2019-01-11 06:00:00
212393,71629,2019-01-11 06:00:00
3012,71629,2019-01-11 06:00:00
3063,71629,2019-01-11 06:00:00
212818,71629,2019-01-11 06:00:00
3069,71629,2019-01-11 06:00:00
3074,71629,2019-01-11 06:00:00
3042,71629,2019-01-11 06:00:00
3050,71629,2019-01-11 06:00:00
212266,71629,2019-01-11 06:00:00
3051,71629,2019-01-11 06:00:00
3018,71629,2019-01-11 06:00:00
2888,71629,2019-01-11 06:00:00
212747,71629,2019-01-11 06:00:00
114046,71629,2019-01-11 06:00:00
171369,71629,2019-01-11 06:00:00
171363,71629,2019-01-11 06:00:00
166955,71629,2019-01-11 06:00:00
77560,71629,2019-01-11 06:00:00
115237,71629,2019-01-11 06:00:00
197718,71629,2019-01-11 06:00:00
197720,71629,2019-01-11 06:00:00
197717,71629,2019-01-11 06:00:00
3060,71629,2019-01-11 06:00:00
3003,71629,2019-01-11 06:00:00
3058,71629,2019-01-11 06:00:00
196982,71629,2019-01-11 06:00:00
3001,71629,2019-01-11 06:00:00
77682,71629,2019-01-11 06:00:00
2906,71629,2019-01-11 06:00:00
2982,71629,2019-01-11 06:00:00
3080,71629,2019-01-11 06:00:00
3078,71629,2019-01-11 06:00:00
3056,71629,2019-01-11 06:00:00
2880,71629,2019-01-11 06:00:00
3083,71629,2019-01-11 06:00:00
115223,71629,2019-01-11 06:00:00
115235,71629,2019-01-11 06:00:00
3100,71630,2019-01-11 12:00:00
3099,71630,2019-01-11 12:00:00
3096,71630,2019-01-11 12:00:00
3095,71630,2019-01-11 12:00:00
3094,71630,2019-01-11 12:00:00
3092,71630,2019-01-11 12:00:00
3091,71630,2019-01-11 12:00:00
3090,71630,2019-01-11 12:00:00
9377,71630,2019-01-11 12:00:00
9374,71630,2019-01-11 12:00:00
90695,71630,2019-01-11 12:00:00
9378,71630,2019-01-11 12:00:00
144851,71630,2019-01-11 12:00:00
144848,71630,2019-01-11 12:00:00
144786,71630,2019-01-11 12:00:00
212084,71630,2019-01-11 12:00:00
3068,71630,2019-01-11 12:00:00
2994,71630,2019-01-11 12:00:00
2995,71630,2019-01-11 12:00:00
2996,71630,2019-01-11 12:00:00
3088,71630,2019-01-11 12:00:00
171547,71630,2019-01-11 12:00:00
144812,71631,2019-01-11 18:00:00
9367,71631,2019-01-11 18:00:00
144869,71631,2019-01-11 18:00:00
144850,71631,2019-01-11 18:00:00
8821,71633,2019-01-12 06:00:00
8820,71633,2019-01-12 06:00:00
9375,71633,2019-01-12 06:00:00
115244,71633,2019-01-12 06:00:00
8819,71633,2019-01-12 06:00:00
196983,71633,2019-01-12 06:00:00
115253,71633,2019-01-12 06:00:00
115254,71633,2019-01-12 06:00:00
115252,71633,2019-01-12 06:00:00
77678,71633,2019-01-12 06:00:00
115248,71633,2019-01-12 06:00:00
196885,71634,2019-01-12 12:00:00
120346,71636,2019-01-13 00:00:00
115256,71637,2019-01-13 06:00:00
9338,71637,2019-01-13 06:00:00
212286,71638,2019-01-13 12:00:00
115260,71638,2019-01-13 12:00:00
212282,71638,2019-01-13 12:00:00
115262,71638,2019-01-13 12:00:00
212287,71638,2019-01-13 12:00:00
212275,71638,2019-01-13 12:00:00
212285,71638,2019-01-13 12:00:00
147183,71638,2019-01-13 12:00:00
196996,71640,2019-01-14 00:00:00
212357,71641,2019-01-14 06:00:00
209988,71641,2019-01-14 06:00:00
212337,71641,2019-01-14 06:00:00
115282,71641,2019-01-14 06:00:00
115283,71641,2019-01-14 06:00:00
212359,71641,2019-01-14 06:00:00
115275,71641,2019-01-14 06:00:00
212644,71641,2019-01-14 06:00:00
212647,71641,2019-01-14 06:00:00
212646,71641,2019-01-14 06:00:00
212648,71641,2019-01-14 06:00:00
212326,71641,2019-01-14 06:00:00
212360,71641,2019-01-14 06:00:00
212328,71641,2019-01-14 06:00:00
212399,71642,2019-01-14 12:00:00
212370,71642,2019-01-14 12:00:00
104063,71642,2019-01-14 12:00:00
212115,71642,2019-01-14 12:00:00
144735,71642,2019-01-14 12:00:00
104064,71642,2019-01-14 12:00:00
212118,71642,2019-01-14 12:00:00
144779,71642,2019-01-14 12:00:00
115268,71642,2019-01-14 12:00:00
104052,71642,2019-01-14 12:00:00
143593,71643,2019-01-14 18:00:00
120511,71643,2019-01-14 18:00:00
116119,71645,2019-01-15 06:00:00
116134,71645,2019-01-15 06:00:00
198148,71645,2019-01-15 06:00:00
115321,71645,2019-01-15 06:00:00
196490,71645,2019-01-15 06:00:00
212456,71645,2019-01-15 06:00:00
196483,71645,2019-01-15 06:00:00
212453,71645,2019-01-15 06:00:00
196990,71645,2019-01-15 06:00:00
196962,71645,2019-01-15 06:00:00
212452,71645,2019-01-15 06:00:00
197141,71646,2019-01-15 12:00:00
197120,71646,2019-01-15 12:00:00
197119,71646,2019-01-15 12:00:00
197143,71646,2019-01-15 12:00:00
197125,71646,2019-01-15 12:00:00
197124,71646,2019-01-15 12:00:00
197114,71646,2019-01-15 12:00:00
197113,71646,2019-01-15 12:00:00
197139,71646,2019-01-15 12:00:00
197131,71646,2019-01-15 12:00:00
197134,71646,2019-01-15 12:00:00
197133,71646,2019-01-15 12:00:00
197132,71646,2019-01-15 12:00:00
197147,71646,2019-01-15 12:00:00
197138,71646,2019-01-15 12:00:00
197137,71646,2019-01-15 12:00:00
197136,71646,2019-01-15 12:00:00
197135,71646,2019-01-15 12:00:00
197148,71646,2019-01-15 12:00:00
197150,71646,2019-01-15 12:00:00
197149,71646,2019-01-15 12:00:00
144753,71646,2019-01-15 12:00:00
212086,71646,2019-01-15 12:00:00
120468,71646,2019-01-15 12:00:00
197160,71646,2019-01-15 12:00:00
197163,71646,2019-01-15 12:00:00
197164,71646,2019-01-15 12:00:00
197162,71646,2019-01-15 12:00:00
104028,71646,2019-01-15 12:00:00
144825,71646,2019-01-15 12:00:00
197144,71646,2019-01-15 12:00:00
197145,71646,2019-01-15 12:00:00
197146,71646,2019-01-15 12:00:00
197115,71646,2019-01-15 12:00:00
197130,71646,2019-01-15 12:00:00
197116,71646,2019-01-15 12:00:00
197121,71646,2019-01-15 12:00:00
197128,71646,2019-01-15 12:00:00
197129,71646,2019-01-15 12:00:00
197126,71646,2019-01-15 12:00:00
197127,71646,2019-01-15 12:00:00
197161,71646,2019-01-15 12:00:00
212670,71646,2019-01-15 12:00:00
120558,71647,2019-01-15 18:00:00
196786,71648,2019-01-16 00:00:00
2881,71648,2019-01-16 00:00:00
120408,71648,2019-01-16 00:00:00
196494,71649,2019-01-16 06:00:00
103922,71649,2019-01-16 06:00:00
115552,71649,2019-01-16 06:00:00
103916,71649,2019-01-16 06:00:00
103917,71649,2019-01-16 06:00:00
113992,71649,2019-01-16 06:00:00
103946,71649,2019-01-16 06:00:00
77834,71649,2019-01-16 06:00:00
103931,71649,2019-01-16 06:00:00
77702,71649,2019-01-16 06:00:00
104016,71649,2019-01-16 06:00:00
104017,71649,2019-01-16 06:00:00
103942,71649,2019-01-16 06:00:00
104002,71649,2019-01-16 06:00:00
103904,71649,2019-01-16 06:00:00
104000,71649,2019-01-16 06:00:00
104020,71650,2019-01-16 12:00:00
197983,71650,2019-01-16 12:00:00
103910,71650,2019-01-16 12:00:00
77846,71650,2019-01-16 12:00:00
103911,71650,2019-01-16 12:00:00
144873,71650,2019-01-16 12:00:00
212195,71650,2019-01-16 12:00:00
103926,71650,2019-01-16 12:00:00
114000,71650,2019-01-16 12:00:00
212198,71650,2019-01-16 12:00:00
212218,71650,2019-01-16 12:00:00
113995,71650,2019-01-16 12:00:00
115560,71651,2019-01-16 18:00:00
196702,71653,2019-01-17 06:00:00
196703,71653,2019-01-17 06:00:00
115291,71653,2019-01-17 06:00:00
196474,71653,2019-01-17 06:00:00
196476,71653,2019-01-17 06:00:00
196478,71653,2019-01-17 06:00:00
196689,71653,2019-01-17 06:00:00
196464,71653,2019-01-17 06:00:00
196472,71653,2019-01-17 06:00:00
196470,71653,2019-01-17 06:00:00
196468,71653,2019-01-17 06:00:00
196531,71653,2019-01-17 06:00:00
196625,71653,2019-01-17 06:00:00
196701,71653,2019-01-17 06:00:00
196695,71653,2019-01-17 06:00:00
210644,71653,2019-01-17 06:00:00
196669,71653,2019-01-17 06:00:00
196723,71653,2019-01-17 06:00:00
115290,71653,2019-01-17 06:00:00
196520,71653,2019-01-17 06:00:00
196641,71653,2019-01-17 06:00:00
196796,71653,2019-01-17 06:00:00
196638,71653,2019-01-17 06:00:00
196789,71653,2019-01-17 06:00:00
196738,71653,2019-01-17 06:00:00
196733,71653,2019-01-17 06:00:00
196793,71653,2019-01-17 06:00:00
213815,71653,2019-01-17 06:00:00
196728,71653,2019-01-17 06:00:00
196725,71653,2019-01-17 06:00:00
196727,71653,2019-01-17 06:00:00
196507,71653,2019-01-17 06:00:00
77844,71653,2019-01-17 06:00:00
196506,71653,2019-01-17 06:00:00
196502,71653,2019-01-17 06:00:00
196515,71653,2019-01-17 06:00:00
196530,71653,2019-01-17 06:00:00
196529,71653,2019-01-17 06:00:00
196528,71653,2019-01-17 06:00:00
196525,71653,2019-01-17 06:00:00
196524,71653,2019-01-17 06:00:00
196523,71653,2019-01-17 06:00:00
196521,71653,2019-01-17 06:00:00
77744,71653,2019-01-17 06:00:00
196519,71653,2019-01-17 06:00:00
196627,71653,2019-01-17 06:00:00
196624,71653,2019-01-17 06:00:00
196643,71653,2019-01-17 06:00:00
196623,71653,2019-01-17 06:00:00
196642,71653,2019-01-17 06:00:00
196704,71653,2019-01-17 06:00:00
77539,71653,2019-01-17 06:00:00
196509,71653,2019-01-17 06:00:00
196637,71653,2019-01-17 06:00:00
77852,71653,2019-01-17 06:00:00
196516,71653,2019-01-17 06:00:00
196518,71653,2019-01-17 06:00:00
196514,71653,2019-01-17 06:00:00
196482,71653,2019-01-17 06:00:00
196513,71653,2019-01-17 06:00:00
196775,71653,2019-01-17 06:00:00
196768,71653,2019-01-17 06:00:00
196762,71653,2019-01-17 06:00:00
196785,71653,2019-01-17 06:00:00
196742,71653,2019-01-17 06:00:00
196779,71653,2019-01-17 06:00:00
196778,71653,2019-01-17 06:00:00
196487,71653,2019-01-17 06:00:00
120414,71653,2019-01-17 06:00:00
196511,71653,2019-01-17 06:00:00
196510,71653,2019-01-17 06:00:00
196765,71653,2019-01-17 06:00:00
115246,71653,2019-01-17 06:00:00
196493,71653,2019-01-17 06:00:00
2957,71654,2019-01-17 12:00:00
212735,71654,2019-01-17 12:00:00
9370,71654,2019-01-17 12:00:00
212761,71654,2019-01-17 12:00:00
212763,71654,2019-01-17 12:00:00
212760,71655,2019-01-17 18:00:00
196908,71655,2019-01-17 18:00:00
9335,71656,2019-01-18 00:00:00
212248,71656,2019-01-18 00:00:00
116075,71657,2019-01-18 06:00:00
213817,71657,2019-01-18 06:00:00
213814,71657,2019-01-18 06:00:00
196912,71657,2019-01-18 06:00:00
116095,71657,2019-01-18 06:00:00
116118,71657,2019-01-18 06:00:00
212927,71657,2019-01-18 06:00:00
116073,71658,2019-01-18 12:00:00
116101,71659,2019-01-18 18:00:00
9379,71660,2019-01-19 00:00:00
179156,71660,2019-01-19 00:00:00
2877,71660,2019-01-19 00:00:00
115384,71660,2019-01-19 00:00:00
116124,71660,2019-01-19 00:00:00
2875,71660,2019-01-19 00:00:00
2885,71660,2019-01-19 00:00:00
197986,71660,2019-01-19 00:00:00
9337,71660,2019-01-19 00:00:00
197414,71660,2019-01-19 00:00:00
9334,71660,2019-01-19 00:00:00
9365,71660,2019-01-19 00:00:00
212134,71660,2019-01-19 00:00:00
2977,71660,2019-01-19 00:00:00
120154,71660,2019-01-19 00:00:00
120368,71660,2019-01-19 00:00:00
9351,71660,2019-01-19 00:00:00
120526,71660,2019-01-19 00:00:00
120459,71660,2019-01-19 00:00:00
2945,71660,2019-01-19 00:00:00
9372,71660,2019-01-19 00:00:00
120608,71660,2019-01-19 00:00:00
120605,71660,2019-01-19 00:00:00
213451,71661,2019-01-19 06:00:00
213483,71661,2019-01-19 06:00:00
212919,71661,2019-01-19 06:00:00
212913,71661,2019-01-19 06:00:00
212867,71661,2019-01-19 06:00:00
212923,71661,2019-01-19 06:00:00
144752,71663,2019-01-19 18:00:00
120252,71664,2019-01-20 00:00:00
212664,71665,2019-01-20 06:00:00
179221,71665,2019-01-20 06:00:00
179218,71665,2019-01-20 06:00:00
179217,71665,2019-01-20 06:00:00
179222,71665,2019-01-20 06:00:00
144829,71665,2019-01-20 06:00:00
179186,71665,2019-01-20 06:00:00
179187,71665,2019-01-20 06:00:00
179209,71665,2019-01-20 06:00:00
179210,71665,2019-01-20 06:00:00
179211,71665,2019-01-20 06:00:00
179212,71665,2019-01-20 06:00:00
179213,71665,2019-01-20 06:00:00
179214,71665,2019-01-20 06:00:00
179215,71665,2019-01-20 06:00:00
179216,71665,2019-01-20 06:00:00
179180,71665,2019-01-20 06:00:00
179179,71665,2019-01-20 06:00:00
179182,71665,2019-01-20 06:00:00
179181,71665,2019-01-20 06:00:00
179178,71665,2019-01-20 06:00:00
179177,71665,2019-01-20 06:00:00
179157,71665,2019-01-20 06:00:00
179158,71665,2019-01-20 06:00:00
179163,71665,2019-01-20 06:00:00
179162,71665,2019-01-20 06:00:00
179160,71665,2019-01-20 06:00:00
179159,71665,2019-01-20 06:00:00
179173,71665,2019-01-20 06:00:00
179174,71665,2019-01-20 06:00:00
179175,71665,2019-01-20 06:00:00
179176,71665,2019-01-20 06:00:00
179150,71665,2019-01-20 06:00:00
179152,71665,2019-01-20 06:00:00
179155,71665,2019-01-20 06:00:00
179188,71665,2019-01-20 06:00:00
179151,71665,2019-01-20 06:00:00
179154,71665,2019-01-20 06:00:00
179153,71665,2019-01-20 06:00:00
179149,71665,2019-01-20 06:00:00
179164,71665,2019-01-20 06:00:00
212672,71665,2019-01-20 06:00:00
144901,71667,2019-01-20 18:00:00
212769,71669,2019-01-21 06:00:00
115292,71669,2019-01-21 06:00:00
212336,71669,2019-01-21 06:00:00
212767,71669,2019-01-21 06:00:00
212567,71670,2019-01-21 12:00:00
212362,71671,2019-01-21 18:00:00
144756,71672,2019-01-22 00:00:00
115347,71672,2019-01-22 00:00:00
120620,71672,2019-01-22 00:00:00
77843,71673,2019-01-22 06:00:00
90715,71673,2019-01-22 06:00:00
90716,71673,2019-01-22 06:00:00
77849,71673,2019-01-22 06:00:00
212155,71673,2019-01-22 06:00:00
90724,71673,2019-01-22 06:00:00
147809,71673,2019-01-22 06:00:00
209991,71673,2019-01-22 06:00:00
209986,71673,2019-01-22 06:00:00
77828,71673,2019-01-22 06:00:00
90700,71673,2019-01-22 06:00:00
90699,71673,2019-01-22 06:00:00
185838,71673,2019-01-22 06:00:00
77754,71673,2019-01-22 06:00:00
90718,71673,2019-01-22 06:00:00
90720,71673,2019-01-22 06:00:00
77778,71673,2019-01-22 06:00:00
77850,71673,2019-01-22 06:00:00
77782,71673,2019-01-22 06:00:00
77776,71673,2019-01-22 06:00:00
90722,71673,2019-01-22 06:00:00
90723,71673,2019-01-22 06:00:00
77781,71673,2019-01-22 06:00:00
77842,71673,2019-01-22 06:00:00
90696,71673,2019-01-22 06:00:00
77829,71673,2019-01-22 06:00:00
90698,71673,2019-01-22 06:00:00
90726,71673,2019-01-22 06:00:00
77833,71673,2019-01-22 06:00:00
77838,71673,2019-01-22 06:00:00
77534,71673,2019-01-22 06:00:00
77548,71673,2019-01-22 06:00:00
212603,71673,2019-01-22 06:00:00
77541,71673,2019-01-22 06:00:00
147810,71673,2019-01-22 06:00:00
77535,71673,2019-01-22 06:00:00
77550,71673,2019-01-22 06:00:00
209987,71673,2019-01-22 06:00:00
209990,71673,2019-01-22 06:00:00
77536,71673,2019-01-22 06:00:00
77766,71673,2019-01-22 06:00:00
77786,71674,2019-01-22 12:00:00
115417,71674,2019-01-22 12:00:00
115416,71674,2019-01-22 12:00:00
212390,71674,2019-01-22 12:00:00
115768,71675,2019-01-22 18:00:00
77691,71675,2019-01-22 18:00:00
115785,71675,2019-01-22 18:00:00
115755,71675,2019-01-22 18:00:00
115754,71675,2019-01-22 18:00:00
115813,71675,2019-01-22 18:00:00
115812,71675,2019-01-22 18:00:00
144864,71677,2019-01-23 06:00:00
144865,71677,2019-01-23 06:00:00
144853,71677,2019-01-23 06:00:00
144855,71677,2019-01-23 06:00:00
144872,71677,2019-01-23 06:00:00
144871,71677,2019-01-23 06:00:00
144856,71677,2019-01-23 06:00:00
144737,71677,2019-01-23 06:00:00
144747,71677,2019-01-23 06:00:00
144749,71677,2019-01-23 06:00:00
144866,71677,2019-01-23 06:00:00
144868,71677,2019-01-23 06:00:00
144787,71677,2019-01-23 06:00:00
197719,71677,2019-01-23 06:00:00
197721,71677,2019-01-23 06:00:00
197981,71677,2019-01-23 06:00:00
144859,71677,2019-01-23 06:00:00
144841,71677,2019-01-23 06:00:00
144839,71677,2019-01-23 06:00:00
144814,71677,2019-01-23 06:00:00
144833,71677,2019-01-23 06:00:00
144830,71677,2019-01-23 06:00:00
144820,71677,2019-01-23 06:00:00
144822,71677,2019-01-23 06:00:00
114005,71677,2019-01-23 06:00:00
114002,71677,2019-01-23 06:00:00
113999,71677,2019-01-23 06:00:00
113998,71677,2019-01-23 06:00:00
114009,71677,2019-01-23 06:00:00
113985,71677,2019-01-23 06:00:00
113990,71677,2019-01-23 06:00:00
113994,71677,2019-01-23 06:00:00
144773,71677,2019-01-23 06:00:00
144769,71677,2019-01-23 06:00:00
144765,71677,2019-01-23 06:00:00
113988,71677,2019-01-23 06:00:00
144744,71677,2019-01-23 06:00:00
144755,71677,2019-01-23 06:00:00
114006,71677,2019-01-23 06:00:00
114008,71677,2019-01-23 06:00:00
212454,71677,2019-01-23 06:00:00
104044,71678,2019-01-23 12:00:00
210314,71678,2019-01-23 12:00:00
104045,71678,2019-01-23 12:00:00
212654,71678,2019-01-23 12:00:00
196898,71678,2019-01-23 12:00:00
144817,71679,2019-01-23 18:00:00
120548,71680,2019-01-24 00:00:00
144776,71680,2019-01-24 00:00:00
144740,71680,2019-01-24 00:00:00
143610,71681,2019-01-24 06:00:00
147162,71681,2019-01-24 06:00:00
147163,71681,2019-01-24 06:00:00
212598,71681,2019-01-24 06:00:00
212566,71681,2019-01-24 06:00:00
212571,71681,2019-01-24 06:00:00
212645,71681,2019-01-24 06:00:00
147812,71681,2019-01-24 06:00:00
104038,71682,2019-01-24 12:00:00
147808,71683,2019-01-24 18:00:00
144823,71684,2019-01-25 00:00:00
120612,71684,2019-01-25 00:00:00
144902,71685,2019-01-25 06:00:00
115616,71685,2019-01-25 06:00:00
144784,71685,2019-01-25 06:00:00
212710,71685,2019-01-25 06:00:00
115787,71685,2019-01-25 06:00:00
115788,71685,2019-01-25 06:00:00
212114,71686,2019-01-25 12:00:00
8825,71686,2019-01-25 12:00:00
115312,71686,2019-01-25 12:00:00
120471,71687,2019-01-25 18:00:00
120570,71689,2019-01-26 06:00:00
212142,71689,2019-01-26 06:00:00
212146,71689,2019-01-26 06:00:00
212143,71689,2019-01-26 06:00:00
103975,71690,2019-01-26 12:00:00
103974,71693,2019-01-27 06:00:00
144861,71693,2019-01-27 06:00:00
120473,71695,2019-01-27 18:00:00
171581,71695,2019-01-27 18:00:00
171654,71696,2019-01-28 00:00:00
103980,71697,2019-01-28 06:00:00
212951,71697,2019-01-28 06:00:00
120505,71697,2019-01-28 06:00:00
120475,71698,2019-01-28 12:00:00
120312,71698,2019-01-28 12:00:00
120561,71698,2019-01-28 12:00:00
115394,71698,2019-01-28 12:00:00
212795,71701,2019-01-29 06:00:00
212962,71701,2019-01-29 06:00:00
214198,71701,2019-01-29 06:00:00
214126,71702,2019-01-29 12:00:00
214246,71702,2019-01-29 12:00:00
214245,71702,2019-01-29 12:00:00
214131,71702,2019-01-29 12:00:00
214132,71702,2019-01-29 12:00:00
77845,71702,2019-01-29 12:00:00
214244,71702,2019-01-29 12:00:00
214247,71702,2019-01-29 12:00:00
214130,71702,2019-01-29 12:00:00
214125,71702,2019-01-29 12:00:00
214133,71702,2019-01-29 12:00:00
214243,71702,2019-01-29 12:00:00
214242,71702,2019-01-29 12:00:00
214241,71702,2019-01-29 12:00:00
214128,71702,2019-01-29 12:00:00
214129,71702,2019-01-29 12:00:00
120591,71703,2019-01-29 18:00:00
214221,71703,2019-01-29 18:00:00
214239,71703,2019-01-29 18:00:00
214240,71703,2019-01-29 18:00:00
214238,71703,2019-01-29 18:00:00
214124,71703,2019-01-29 18:00:00
214219,71703,2019-01-29 18:00:00
120542,71704,2019-01-30 00:00:00
214103,71705,2019-01-30 06:00:00
120172,71705,2019-01-30 06:00:00
120332,71705,2019-01-30 06:00:00
214104,71705,2019-01-30 06:00:00
214224,71706,2019-01-30 12:00:00
171576,71706,2019-01-30 12:00:00
103970,71708,2019-01-31 00:00:00
213800,71709,2019-01-31 06:00:00
213799,71709,2019-01-31 06:00:00
213798,71709,2019-01-31 06:00:00
213797,71709,2019-01-31 06:00:00
213796,71709,2019-01-31 06:00:00
213795,71709,2019-01-31 06:00:00
213791,71709,2019-01-31 06:00:00
213790,71709,2019-01-31 06:00:00
213789,71709,2019-01-31 06:00:00
213788,71709,2019-01-31 06:00:00
213787,71709,2019-01-31 06:00:00
213802,71709,2019-01-31 06:00:00
213803,71709,2019-01-31 06:00:00
213804,71709,2019-01-31 06:00:00
213805,71709,2019-01-31 06:00:00
213816,71709,2019-01-31 06:00:00
213813,71709,2019-01-31 06:00:00
213812,71709,2019-01-31 06:00:00
213786,71709,2019-01-31 06:00:00
213784,71709,2019-01-31 06:00:00
213781,71709,2019-01-31 06:00:00
213785,71709,2019-01-31 06:00:00
213775,71709,2019-01-31 06:00:00
213779,71709,2019-01-31 06:00:00
213359,71709,2019-01-31 06:00:00
213358,71709,2019-01-31 06:00:00
213780,71709,2019-01-31 06:00:00
213783,71709,2019-01-31 06:00:00
213782,71709,2019-01-31 06:00:00
213774,71709,2019-01-31 06:00:00
213365,71709,2019-01-31 06:00:00
213801,71709,2019-01-31 06:00:00
213776,71709,2019-01-31 06:00:00
213807,71709,2019-01-31 06:00:00
213811,71709,2019-01-31 06:00:00
213810,71709,2019-01-31 06:00:00
213809,71709,2019-01-31 06:00:00
213808,71709,2019-01-31 06:00:00
213778,71709,2019-01-31 06:00:00
213777,71709,2019-01-31 06:00:00
213793,71709,2019-01-31 06:00:00
213792,71709,2019-01-31 06:00:00
213806,71709,2019-01-31 06:00:00
213794,71709,2019-01-31 06:00:00
212077,71709,2019-01-31 06:00:00
213361,71709,2019-01-31 06:00:00
213362,71709,2019-01-31 06:00:00
116133,71709,2019-01-31 06:00:00
213353,71709,2019-01-31 06:00:00
213355,71709,2019-01-31 06:00:00
213356,71709,2019-01-31 06:00:00
213352,71709,2019-01-31 06:00:00
213360,71709,2019-01-31 06:00:00
120156,71710,2019-01-31 12:00:00
120244,71710,2019-01-31 12:00:00
120610,71710,2019-01-31 12:00:00
120609,71710,2019-01-31 12:00:00
120607,71710,2019-01-31 12:00:00
120506,71710,2019-01-31 12:00:00
120166,71710,2019-01-31 12:00:00
120162,71710,2019-01-31 12:00:00
120508,71710,2019-01-31 12:00:00
120509,71710,2019-01-31 12:00:00
120604,71710,2019-01-31 12:00:00
120600,71710,2019-01-31 12:00:00
120596,71710,2019-01-31 12:00:00
120593,71710,2019-01-31 12:00:00
120590,71710,2019-01-31 12:00:00
120592,71710,2019-01-31 12:00:00
120569,71710,2019-01-31 12:00:00
120571,71710,2019-01-31 12:00:00
120574,71710,2019-01-31 12:00:00
8824,71710,2019-01-31 12:00:00
120577,71710,2019-01-31 12:00:00
120580,71710,2019-01-31 12:00:00
120606,71710,2019-01-31 12:00:00
8771,71710,2019-01-31 12:00:00
8770,71710,2019-01-31 12:00:00
8818,71710,2019-01-31 12:00:00
8811,71710,2019-01-31 12:00:00
8775,71710,2019-01-31 12:00:00
8774,71710,2019-01-31 12:00:00
8773,71710,2019-01-31 12:00:00
120559,71710,2019-01-31 12:00:00
120263,71710,2019-01-31 12:00:00
120585,71710,2019-01-31 12:00:00
120582,71710,2019-01-31 12:00:00
120589,71710,2019-01-31 12:00:00
120587,71710,2019-01-31 12:00:00
120562,71710,2019-01-31 12:00:00
120563,71710,2019-01-31 12:00:00
120566,71710,2019-01-31 12:00:00
120568,71710,2019-01-31 12:00:00
120564,71710,2019-01-31 12:00:00
120565,71710,2019-01-31 12:00:00
8772,71710,2019-01-31 12:00:00
8810,71710,2019-01-31 12:00:00
8809,71710,2019-01-31 12:00:00
8786,71710,2019-01-31 12:00:00
8787,71710,2019-01-31 12:00:00
8808,71710,2019-01-31 12:00:00
120560,71710,2019-01-31 12:00:00
8812,71710,2019-01-31 12:00:00
120326,71710,2019-01-31 12:00:00
120318,71710,2019-01-31 12:00:00
120457,71710,2019-01-31 12:00:00
120462,71710,2019-01-31 12:00:00
120465,71710,2019-01-31 12:00:00
120464,71710,2019-01-31 12:00:00
120469,71710,2019-01-31 12:00:00
120478,71710,2019-01-31 12:00:00
120555,71710,2019-01-31 12:00:00
120549,71710,2019-01-31 12:00:00
120546,71710,2019-01-31 12:00:00
120547,71710,2019-01-31 12:00:00
120553,71710,2019-01-31 12:00:00
8769,71710,2019-01-31 12:00:00
8768,71710,2019-01-31 12:00:00
8767,71710,2019-01-31 12:00:00
120241,71710,2019-01-31 12:00:00
120617,71710,2019-01-31 12:00:00
120618,71710,2019-01-31 12:00:00
120619,71710,2019-01-31 12:00:00
120616,71710,2019-01-31 12:00:00
120613,71710,2019-01-31 12:00:00
120614,71710,2019-01-31 12:00:00
120615,71710,2019-01-31 12:00:00
120501,71710,2019-01-31 12:00:00
120516,71710,2019-01-31 12:00:00
120514,71710,2019-01-31 12:00:00
120490,71710,2019-01-31 12:00:00
120538,71710,2019-01-31 12:00:00
120537,71710,2019-01-31 12:00:00
120533,71710,2019-01-31 12:00:00
120540,71710,2019-01-31 12:00:00
120532,71710,2019-01-31 12:00:00
120531,71710,2019-01-31 12:00:00
120530,71710,2019-01-31 12:00:00
120528,71710,2019-01-31 12:00:00
120527,71710,2019-01-31 12:00:00
120525,71710,2019-01-31 12:00:00
120524,71710,2019-01-31 12:00:00
120521,71710,2019-01-31 12:00:00
120495,71710,2019-01-31 12:00:00
120500,71710,2019-01-31 12:00:00
120492,71710,2019-01-31 12:00:00
47840,71710,2019-01-31 12:00:00
47838,71710,2019-01-31 12:00:00
120510,71710,2019-01-31 12:00:00
120485,71710,2019-01-31 12:00:00
120487,71710,2019-01-31 12:00:00
120476,71710,2019-01-31 12:00:00
120477,71710,2019-01-31 12:00:00
120482,71710,2019-01-31 12:00:00
120480,71710,2019-01-31 12:00:00
120474,71710,2019-01-31 12:00:00
120541,71710,2019-01-31 12:00:00
120472,71710,2019-01-31 12:00:00
120467,71710,2019-01-31 12:00:00
120504,71710,2019-01-31 12:00:00
120503,71710,2019-01-31 12:00:00
197032,71713,2019-02-01 06:00:00
197036,71713,2019-02-01 06:00:00
197035,71713,2019-02-01 06:00:00
197033,71713,2019-02-01 06:00:00
197001,71713,2019-02-01 06:00:00
196978,71713,2019-02-01 06:00:00
213422,71713,2019-02-01 06:00:00
212910,71713,2019-02-01 06:00:00
77783,71713,2019-02-01 06:00:00
212628,71713,2019-02-01 06:00:00
197000,71714,2019-02-01 12:00:00
196993,71714,2019-02-01 12:00:00
196967,71714,2019-02-01 12:00:00
196973,71714,2019-02-01 12:00:00
196997,71714,2019-02-01 12:00:00
196892,71714,2019-02-01 12:00:00
196887,71714,2019-02-01 12:00:00
196985,71714,2019-02-01 12:00:00
196970,71714,2019-02-01 12:00:00
196969,71714,2019-02-01 12:00:00
196976,71714,2019-02-01 12:00:00
196986,71714,2019-02-01 12:00:00
196966,71714,2019-02-01 12:00:00
196995,71714,2019-02-01 12:00:00
115540,71718,2019-02-02 12:00:00
115385,71718,2019-02-02 12:00:00
212600,71721,2019-02-03 06:00:00
116121,71724,2019-02-04 00:00:00
212926,71725,2019-02-04 06:00:00
212803,71725,2019-02-04 06:00:00
212802,71725,2019-02-04 06:00:00
212796,71725,2019-02-04 06:00:00
212804,71725,2019-02-04 06:00:00
212812,71725,2019-02-04 06:00:00
212811,71725,2019-02-04 06:00:00
212810,71725,2019-02-04 06:00:00
212768,71725,2019-02-04 06:00:00
212773,71725,2019-02-04 06:00:00
212774,71725,2019-02-04 06:00:00
212820,71725,2019-02-04 06:00:00
212780,71725,2019-02-04 06:00:00
212783,71725,2019-02-04 06:00:00
212782,71725,2019-02-04 06:00:00
212781,71725,2019-02-04 06:00:00
212738,71725,2019-02-04 06:00:00
212749,71725,2019-02-04 06:00:00
212793,71725,2019-02-04 06:00:00
212790,71725,2019-02-04 06:00:00
212791,71725,2019-02-04 06:00:00
212792,71725,2019-02-04 06:00:00
212794,71725,2019-02-04 06:00:00
212830,71725,2019-02-04 06:00:00
212725,71725,2019-02-04 06:00:00
212726,71725,2019-02-04 06:00:00
212712,71725,2019-02-04 06:00:00
212724,71725,2019-02-04 06:00:00
212704,71725,2019-02-04 06:00:00
212759,71725,2019-02-04 06:00:00
212758,71725,2019-02-04 06:00:00
212757,71725,2019-02-04 06:00:00
212641,71725,2019-02-04 06:00:00
212643,71725,2019-02-04 06:00:00
212693,71725,2019-02-04 06:00:00
212634,71725,2019-02-04 06:00:00
212703,71725,2019-02-04 06:00:00
212702,71725,2019-02-04 06:00:00
212692,71725,2019-02-04 06:00:00
212673,71725,2019-02-04 06:00:00
212106,71725,2019-02-04 06:00:00
212105,71725,2019-02-04 06:00:00
212821,71725,2019-02-04 06:00:00
212822,71725,2019-02-04 06:00:00
212119,71725,2019-02-04 06:00:00
212635,71725,2019-02-04 06:00:00
212574,71725,2019-02-04 06:00:00
212727,71725,2019-02-04 06:00:00
212605,71725,2019-02-04 06:00:00
212612,71725,2019-02-04 06:00:00
212613,71725,2019-02-04 06:00:00
212614,71725,2019-02-04 06:00:00
212174,71725,2019-02-04 06:00:00
212177,71725,2019-02-04 06:00:00
212604,71725,2019-02-04 06:00:00
212178,71725,2019-02-04 06:00:00
212097,71725,2019-02-04 06:00:00
212096,71725,2019-02-04 06:00:00
212127,71725,2019-02-04 06:00:00
212126,71725,2019-02-04 06:00:00
212125,71725,2019-02-04 06:00:00
212748,71725,2019-02-04 06:00:00
212746,71725,2019-02-04 06:00:00
212745,71725,2019-02-04 06:00:00
212221,71725,2019-02-04 06:00:00
212171,71725,2019-02-04 06:00:00
212172,71725,2019-02-04 06:00:00
212207,71725,2019-02-04 06:00:00
212208,71725,2019-02-04 06:00:00
212147,71725,2019-02-04 06:00:00
212163,71725,2019-02-04 06:00:00
212156,71725,2019-02-04 06:00:00
212259,71725,2019-02-04 06:00:00
212257,71725,2019-02-04 06:00:00
212165,71725,2019-02-04 06:00:00
212251,71725,2019-02-04 06:00:00
212197,71725,2019-02-04 06:00:00
212206,71725,2019-02-04 06:00:00
212205,71725,2019-02-04 06:00:00
212199,71725,2019-02-04 06:00:00
212338,71725,2019-02-04 06:00:00
212209,71725,2019-02-04 06:00:00
212580,71725,2019-02-04 06:00:00
212581,71725,2019-02-04 06:00:00
212620,71725,2019-02-04 06:00:00
212621,71725,2019-02-04 06:00:00
212622,71725,2019-02-04 06:00:00
212573,71725,2019-02-04 06:00:00
212737,71725,2019-02-04 06:00:00
212736,71725,2019-02-04 06:00:00
212186,71725,2019-02-04 06:00:00
212136,71725,2019-02-04 06:00:00
212194,71725,2019-02-04 06:00:00
212190,71725,2019-02-04 06:00:00
212189,71725,2019-02-04 06:00:00
212188,71725,2019-02-04 06:00:00
212215,71725,2019-02-04 06:00:00
212219,71725,2019-02-04 06:00:00
212403,71725,2019-02-04 06:00:00
212339,71725,2019-02-04 06:00:00
212348,71725,2019-02-04 06:00:00
212347,71725,2019-02-04 06:00:00
212372,71725,2019-02-04 06:00:00
212380,71725,2019-02-04 06:00:00
212329,71725,2019-02-04 06:00:00
212426,71725,2019-02-04 06:00:00
212427,71725,2019-02-04 06:00:00
212325,71725,2019-02-04 06:00:00
212314,71725,2019-02-04 06:00:00
212318,71725,2019-02-04 06:00:00
212378,71725,2019-02-04 06:00:00
212379,71725,2019-02-04 06:00:00
212307,71725,2019-02-04 06:00:00
212319,71725,2019-02-04 06:00:00
212363,71725,2019-02-04 06:00:00
212371,71725,2019-02-04 06:00:00
212361,71725,2019-02-04 06:00:00
212356,71725,2019-02-04 06:00:00
212250,71725,2019-02-04 06:00:00
212364,71725,2019-02-04 06:00:00
212241,71725,2019-02-04 06:00:00
212240,71725,2019-02-04 06:00:00
212229,71725,2019-02-04 06:00:00
212228,71725,2019-02-04 06:00:00
212297,71725,2019-02-04 06:00:00
212294,71725,2019-02-04 06:00:00
212269,71725,2019-02-04 06:00:00
212268,71725,2019-02-04 06:00:00
212658,71725,2019-02-04 06:00:00
212657,71725,2019-02-04 06:00:00
212666,71725,2019-02-04 06:00:00
212406,71725,2019-02-04 06:00:00
212412,71725,2019-02-04 06:00:00
212413,71725,2019-02-04 06:00:00
212349,71725,2019-02-04 06:00:00
212350,71725,2019-02-04 06:00:00
212445,71725,2019-02-04 06:00:00
212437,71725,2019-02-04 06:00:00
212443,71725,2019-02-04 06:00:00
212444,71725,2019-02-04 06:00:00
212457,71725,2019-02-04 06:00:00
212446,71725,2019-02-04 06:00:00
212404,71725,2019-02-04 06:00:00
212458,71725,2019-02-04 06:00:00
212592,71725,2019-02-04 06:00:00
212591,71725,2019-02-04 06:00:00
212589,71725,2019-02-04 06:00:00
212590,71725,2019-02-04 06:00:00
212549,71725,2019-02-04 06:00:00
212415,71725,2019-02-04 06:00:00
212414,71725,2019-02-04 06:00:00
212436,71725,2019-02-04 06:00:00
212480,71725,2019-02-04 06:00:00
212469,71725,2019-02-04 06:00:00
212468,71725,2019-02-04 06:00:00
212560,71725,2019-02-04 06:00:00
212559,71725,2019-02-04 06:00:00
212557,71725,2019-02-04 06:00:00
212401,71725,2019-02-04 06:00:00
212391,71725,2019-02-04 06:00:00
212582,71725,2019-02-04 06:00:00
212583,71725,2019-02-04 06:00:00
212405,71725,2019-02-04 06:00:00
212550,71725,2019-02-04 06:00:00
212551,71725,2019-02-04 06:00:00
212305,71726,2019-02-04 12:00:00
212306,71726,2019-02-04 12:00:00
212424,71726,2019-02-04 12:00:00
212261,71726,2019-02-04 12:00:00
212260,71726,2019-02-04 12:00:00
212330,71726,2019-02-04 12:00:00
212173,71726,2019-02-04 12:00:00
212148,71726,2019-02-04 12:00:00
212145,71726,2019-02-04 12:00:00
212309,71726,2019-02-04 12:00:00
212327,71726,2019-02-04 12:00:00
212108,71726,2019-02-04 12:00:00
115236,71726,2019-02-04 12:00:00
212682,71726,2019-02-04 12:00:00
212681,71726,2019-02-04 12:00:00
212680,71726,2019-02-04 12:00:00
212117,71726,2019-02-04 12:00:00
212679,71726,2019-02-04 12:00:00
212762,71726,2019-02-04 12:00:00
212095,71726,2019-02-04 12:00:00
212087,71726,2019-02-04 12:00:00
212075,71726,2019-02-04 12:00:00
212085,71726,2019-02-04 12:00:00
116113,71726,2019-02-04 12:00:00
212755,71726,2019-02-04 12:00:00
212164,71726,2019-02-04 12:00:00
212568,71726,2019-02-04 12:00:00
212358,71726,2019-02-04 12:00:00
212455,71726,2019-02-04 12:00:00
212386,71726,2019-02-04 12:00:00
212222,71726,2019-02-04 12:00:00
77851,71728,2019-02-05 00:00:00
77855,71729,2019-02-05 06:00:00
144762,71733,2019-02-06 06:00:00
144742,71733,2019-02-06 06:00:00
144758,71733,2019-02-06 06:00:00
144826,71733,2019-02-06 06:00:00
144782,71733,2019-02-06 06:00:00
144764,71733,2019-02-06 06:00:00
115211,71737,2019-02-07 06:00:00
116115,71737,2019-02-07 06:00:00
115668,71737,2019-02-07 06:00:00
116114,71737,2019-02-07 06:00:00
115665,71737,2019-02-07 06:00:00
115663,71737,2019-02-07 06:00:00
116102,71737,2019-02-07 06:00:00
116103,71737,2019-02-07 06:00:00
115648,71737,2019-02-07 06:00:00
115647,71737,2019-02-07 06:00:00
116098,71737,2019-02-07 06:00:00
116097,71737,2019-02-07 06:00:00
120967,71737,2019-02-07 06:00:00
115728,71737,2019-02-07 06:00:00
116104,71737,2019-02-07 06:00:00
116081,71737,2019-02-07 06:00:00
116109,71737,2019-02-07 06:00:00
116108,71737,2019-02-07 06:00:00
116107,71737,2019-02-07 06:00:00
116110,71737,2019-02-07 06:00:00
116125,71737,2019-02-07 06:00:00
115615,71737,2019-02-07 06:00:00
115621,71737,2019-02-07 06:00:00
116123,71737,2019-02-07 06:00:00
116105,71737,2019-02-07 06:00:00
115717,71737,2019-02-07 06:00:00
115716,71737,2019-02-07 06:00:00
115725,71737,2019-02-07 06:00:00
115678,71737,2019-02-07 06:00:00
115675,71737,2019-02-07 06:00:00
115671,71737,2019-02-07 06:00:00
115684,71737,2019-02-07 06:00:00
115217,71737,2019-02-07 06:00:00
116131,71737,2019-02-07 06:00:00
116127,71737,2019-02-07 06:00:00
116130,71737,2019-02-07 06:00:00
115627,71737,2019-02-07 06:00:00
115626,71737,2019-02-07 06:00:00
115660,71737,2019-02-07 06:00:00
115722,71737,2019-02-07 06:00:00
116086,71737,2019-02-07 06:00:00
116084,71737,2019-02-07 06:00:00
115634,71737,2019-02-07 06:00:00
115633,71737,2019-02-07 06:00:00
115640,71737,2019-02-07 06:00:00
115641,71737,2019-02-07 06:00:00
116082,71737,2019-02-07 06:00:00
116089,71737,2019-02-07 06:00:00
115606,71737,2019-02-07 06:00:00
115602,71737,2019-02-07 06:00:00
115574,71737,2019-02-07 06:00:00
115548,71737,2019-02-07 06:00:00
115544,71737,2019-02-07 06:00:00
116078,71737,2019-02-07 06:00:00
116076,71737,2019-02-07 06:00:00
116091,71737,2019-02-07 06:00:00
115803,71737,2019-02-07 06:00:00
116144,71737,2019-02-07 06:00:00
115389,71737,2019-02-07 06:00:00
115801,71737,2019-02-07 06:00:00
115610,71737,2019-02-07 06:00:00
115245,71737,2019-02-07 06:00:00
115261,71737,2019-02-07 06:00:00
115255,71737,2019-02-07 06:00:00
115406,71737,2019-02-07 06:00:00
115392,71737,2019-02-07 06:00:00
115391,71737,2019-02-07 06:00:00
116148,71737,2019-02-07 06:00:00
115807,71737,2019-02-07 06:00:00
115415,71737,2019-02-07 06:00:00
115414,71737,2019-02-07 06:00:00
115407,71737,2019-02-07 06:00:00
115390,71737,2019-02-07 06:00:00
115806,71737,2019-02-07 06:00:00
115804,71737,2019-02-07 06:00:00
115742,71737,2019-02-07 06:00:00
115809,71737,2019-02-07 06:00:00
115810,71737,2019-02-07 06:00:00
116066,71737,2019-02-07 06:00:00
116070,71737,2019-02-07 06:00:00
115697,71737,2019-02-07 06:00:00
212872,71737,2019-02-07 06:00:00
115299,71737,2019-02-07 06:00:00
115298,71737,2019-02-07 06:00:00
116071,71737,2019-02-07 06:00:00
115743,71737,2019-02-07 06:00:00
115749,71737,2019-02-07 06:00:00
115761,71737,2019-02-07 06:00:00
115703,71737,2019-02-07 06:00:00
115696,71737,2019-02-07 06:00:00
115690,71737,2019-02-07 06:00:00
115689,71737,2019-02-07 06:00:00
115271,71737,2019-02-07 06:00:00
115269,71737,2019-02-07 06:00:00
115284,71737,2019-02-07 06:00:00
115372,71737,2019-02-07 06:00:00
116137,71737,2019-02-07 06:00:00
116140,71737,2019-02-07 06:00:00
116142,71737,2019-02-07 06:00:00
116143,71737,2019-02-07 06:00:00
115379,71737,2019-02-07 06:00:00
115380,71737,2019-02-07 06:00:00
115381,71737,2019-02-07 06:00:00
115382,71737,2019-02-07 06:00:00
115732,71737,2019-02-07 06:00:00
115737,71737,2019-02-07 06:00:00
115362,71737,2019-02-07 06:00:00
115369,71737,2019-02-07 06:00:00
115780,71737,2019-02-07 06:00:00
115794,71737,2019-02-07 06:00:00
115800,71737,2019-02-07 06:00:00
115762,71737,2019-02-07 06:00:00
115769,71737,2019-02-07 06:00:00
115345,71737,2019-02-07 06:00:00
115346,71737,2019-02-07 06:00:00
115349,71737,2019-02-07 06:00:00
115353,71737,2019-02-07 06:00:00
115354,71737,2019-02-07 06:00:00
115359,71737,2019-02-07 06:00:00
115360,71737,2019-02-07 06:00:00
115361,71737,2019-02-07 06:00:00
115303,71737,2019-02-07 06:00:00
115311,71737,2019-02-07 06:00:00
115322,71737,2019-02-07 06:00:00
115337,71737,2019-02-07 06:00:00
115338,71737,2019-02-07 06:00:00
115339,71737,2019-02-07 06:00:00
115740,71737,2019-02-07 06:00:00
115370,71737,2019-02-07 06:00:00
115371,71737,2019-02-07 06:00:00
116072,71737,2019-02-07 06:00:00
212954,71738,2019-02-07 12:00:00
213436,71738,2019-02-07 12:00:00
213437,71738,2019-02-07 12:00:00
212883,71738,2019-02-07 12:00:00
212939,71738,2019-02-07 12:00:00
212957,71738,2019-02-07 12:00:00
212955,71738,2019-02-07 12:00:00
212958,71738,2019-02-07 12:00:00
212847,71741,2019-02-08 06:00:00
212886,71741,2019-02-08 06:00:00
212890,71741,2019-02-08 06:00:00
212902,71741,2019-02-08 06:00:00
212906,71741,2019-02-08 06:00:00
213424,71741,2019-02-08 06:00:00
213420,71741,2019-02-08 06:00:00
213434,71741,2019-02-08 06:00:00
51672,71754,2019-02-11 12:00:00
51669,71754,2019-02-11 12:00:00
51667,71754,2019-02-11 12:00:00
51668,71754,2019-02-11 12:00:00
51673,71754,2019-02-11 12:00:00
51675,71754,2019-02-11 12:00:00
51671,71754,2019-02-11 12:00:00
51688,71754,2019-02-11 12:00:00
51676,71754,2019-02-11 12:00:00
51670,71754,2019-02-11 12:00:00
103938,71757,2019-02-12 06:00:00
103940,71757,2019-02-12 06:00:00
103951,71757,2019-02-12 06:00:00
147807,71757,2019-02-12 06:00:00
217384,71757,2019-02-12 06:00:00
103952,71757,2019-02-12 06:00:00
103937,71757,2019-02-12 06:00:00
147806,71757,2019-02-12 06:00:00
77853,71758,2019-02-12 12:00:00
147119,71765,2019-02-14 06:00:00
147122,71765,2019-02-14 06:00:00
147123,71765,2019-02-14 06:00:00
147124,71765,2019-02-14 06:00:00
147132,71765,2019-02-14 06:00:00
147127,71765,2019-02-14 06:00:00
147126,71765,2019-02-14 06:00:00
147125,71765,2019-02-14 06:00:00
147940,71765,2019-02-14 06:00:00
147814,71765,2019-02-14 06:00:00
147813,71765,2019-02-14 06:00:00
147811,71765,2019-02-14 06:00:00
147805,71765,2019-02-14 06:00:00
147804,71765,2019-02-14 06:00:00
147803,71765,2019-02-14 06:00:00
147194,71765,2019-02-14 06:00:00
147941,71765,2019-02-14 06:00:00
148746,71765,2019-02-14 06:00:00
148747,71765,2019-02-14 06:00:00
147102,71765,2019-02-14 06:00:00
147184,71765,2019-02-14 06:00:00
147182,71765,2019-02-14 06:00:00
147802,71765,2019-02-14 06:00:00
147133,71765,2019-02-14 06:00:00
147134,71765,2019-02-14 06:00:00
147135,71765,2019-02-14 06:00:00
147136,71765,2019-02-14 06:00:00
147155,71765,2019-02-14 06:00:00
147196,71765,2019-02-14 06:00:00
147197,71765,2019-02-14 06:00:00
143625,71765,2019-02-14 06:00:00
143587,71765,2019-02-14 06:00:00
147101,71765,2019-02-14 06:00:00
147185,71765,2019-02-14 06:00:00
147181,71765,2019-02-14 06:00:00
147100,71765,2019-02-14 06:00:00
147211,71765,2019-02-14 06:00:00
147212,71765,2019-02-14 06:00:00
147157,71765,2019-02-14 06:00:00
147156,71765,2019-02-14 06:00:00
147202,71765,2019-02-14 06:00:00
147203,71765,2019-02-14 06:00:00
147205,71765,2019-02-14 06:00:00
147209,71765,2019-02-14 06:00:00
77771,71770,2019-02-15 12:00:00
217386,71770,2019-02-15 12:00:00
77719,71771,2019-02-15 18:00:00
77773,71773,2019-02-16 06:00:00
77765,71774,2019-02-16 12:00:00
171552,71798,2019-02-22 12:00:00
171551,71798,2019-02-22 12:00:00
171556,71798,2019-02-22 12:00:00
171553,71798,2019-02-22 12:00:00
77775,71809,2019-02-25 06:00:00
171575,71810,2019-02-25 12:00:00
171569,71810,2019-02-25 12:00:00
196977,71817,2019-02-27 06:00:00
103995,71839,2019-03-04 18:00:00
103954,71839,2019-03-04 18:00:00
103984,71839,2019-03-04 18:00:00
103996,71839,2019-03-04 18:00:00
103955,71839,2019-03-04 18:00:00
103965,71841,2019-03-05 06:00:00
103986,71841,2019-03-05 06:00:00
104022,71857,2019-03-09 06:00:00
221466,71982,2019-04-09 12:00:00
221468,71982,2019-04-09 12:00:00
212849,72000,2019-04-14 00:00:00
212848,72000,2019-04-14 00:00:00
93756,72006,2019-04-15 12:00:00
193100,72006,2019-04-15 12:00:00
221464,72006,2019-04-15 12:00:00
104055,72047,2019-04-25 18:00:00
222040,72054,2019-04-27 12:00:00
196734,72061,2019-04-29 06:00:00
196735,72061,2019-04-29 06:00:00
196739,72061,2019-04-29 06:00:00
104026,72099,2019-05-08 18:00:00
104054,72102,2019-05-09 12:00:00
212895,72123,2019-05-14 18:00:00
212944,72123,2019-05-14 18:00:00
212893,72146,2019-05-20 12:00:00
223567,72160,2019-05-24 00:00:00
212943,72182,2019-05-29 12:00:00
212948,72185,2019-05-30 06:00:00
212922,72185,2019-05-30 06:00:00
212875,72185,2019-05-30 06:00:00
212876,72185,2019-05-30 06:00:00
104051,72325,2019-07-04 06:00:00
224391,72357,2019-07-12 06:00:00
104029,72382,2019-07-18 12:00:00
104031,72401,2019-07-23 06:00:00
104049,72409,2019-07-25 06:00:00
104042,72409,2019-07-25 06:00:00
104050,72409,2019-07-25 06:00:00
104047,72409,2019-07-25 06:00:00
104059,72409,2019-07-25 06:00:00
104062,72409,2019-07-25 06:00:00
104061,72409,2019-07-25 06:00:00
104033,72409,2019-07-25 06:00:00
104036,72409,2019-07-25 06:00:00
104048,72409,2019-07-25 06:00:00
104065,72409,2019-07-25 06:00:00
104066,72409,2019-07-25 06:00:00
104037,72409,2019-07-25 06:00:00
104053,72409,2019-07-25 06:00:00
104041,72409,2019-07-25 06:00:00
104060,72409,2019-07-25 06:00:00
104030,72409,2019-07-25 06:00:00
104027,72409,2019-07-25 06:00:00
104057,72409,2019-07-25 06:00:00
104056,72409,2019-07-25 06:00:00
224475,72541,2019-08-27 06:00:00
143530,72627,2019-09-17 18:00:00
143532,72629,2019-09-18 06:00:00
196527,72722,2019-10-11 12:00:00
225832,72733,2019-10-14 06:00:00
196497,72766,2019-10-22 12:00:00
226811,72797,2019-10-30 06:00:00
226809,72797,2019-10-30 06:00:00
226813,72797,2019-10-30 06:00:00
226815,72797,2019-10-30 06:00:00
171645,72829,2019-11-07 06:00:00
227282,72877,2019-11-19 06:00:00
227284,72878,2019-11-19 12:00:00
227289,72878,2019-11-19 12:00:00
227495,72930,2019-12-02 12:00:00
227476,72930,2019-12-02 12:00:00
227498,72930,2019-12-02 12:00:00
227235,72930,2019-12-02 12:00:00
227463,72930,2019-12-02 12:00:00
227209,72930,2019-12-02 12:00:00
227212,72930,2019-12-02 12:00:00
227214,72930,2019-12-02 12:00:00
227208,72930,2019-12-02 12:00:00
227481,72930,2019-12-02 12:00:00
227482,72930,2019-12-02 12:00:00
227483,72930,2019-12-02 12:00:00
227490,72930,2019-12-02 12:00:00
227487,72930,2019-12-02 12:00:00
227204,72930,2019-12-02 12:00:00
227205,72930,2019-12-02 12:00:00
227460,72930,2019-12-02 12:00:00
227459,72930,2019-12-02 12:00:00
227458,72930,2019-12-02 12:00:00
227491,72930,2019-12-02 12:00:00
227494,72930,2019-12-02 12:00:00
227201,72930,2019-12-02 12:00:00
227215,72930,2019-12-02 12:00:00
227216,72930,2019-12-02 12:00:00
227467,72930,2019-12-02 12:00:00
227464,72930,2019-12-02 12:00:00
227220,72930,2019-12-02 12:00:00
227219,72930,2019-12-02 12:00:00
227475,72930,2019-12-02 12:00:00
227472,72930,2019-12-02 12:00:00
227471,72930,2019-12-02 12:00:00
227468,72930,2019-12-02 12:00:00
227227,72930,2019-12-02 12:00:00
227228,72930,2019-12-02 12:00:00
227231,72930,2019-12-02 12:00:00
227232,72930,2019-12-02 12:00:00
227200,72930,2019-12-02 12:00:00
227193,72930,2019-12-02 12:00:00
227196,72930,2019-12-02 12:00:00
227197,72930,2019-12-02 12:00:00
227189,72930,2019-12-02 12:00:00
227188,72930,2019-12-02 12:00:00
227224,72930,2019-12-02 12:00:00
227223,72930,2019-12-02 12:00:00
227192,72930,2019-12-02 12:00:00
196691,72970,2019-12-12 12:00:00
196694,72971,2019-12-12 18:00:00
196692,72971,2019-12-12 18:00:00
228180,73001,2019-12-20 06:00:00
228182,73001,2019-12-20 06:00:00
228178,73001,2019-12-20 06:00:00
230393,73013,2019-12-23 06:00:00
230473,73013,2019-12-23 06:00:00
229662,73013,2019-12-23 06:00:00
230463,73013,2019-12-23 06:00:00
230458,73013,2019-12-23 06:00:00
230413,73013,2019-12-23 06:00:00
230418,73013,2019-12-23 06:00:00
230508,73013,2019-12-23 06:00:00
230423,73013,2019-12-23 06:00:00
230428,73013,2019-12-23 06:00:00
230433,73013,2019-12-23 06:00:00
230523,73013,2019-12-23 06:00:00
230513,73013,2019-12-23 06:00:00
229605,73013,2019-12-23 06:00:00
229609,73013,2019-12-23 06:00:00
229686,73013,2019-12-23 06:00:00
229687,73013,2019-12-23 06:00:00
229691,73013,2019-12-23 06:00:00
229692,73013,2019-12-23 06:00:00
229693,73013,2019-12-23 06:00:00
229694,73013,2019-12-23 06:00:00
229631,73013,2019-12-23 06:00:00
229634,73013,2019-12-23 06:00:00
229635,73013,2019-12-23 06:00:00
229653,73013,2019-12-23 06:00:00
229652,73013,2019-12-23 06:00:00
229604,73013,2019-12-23 06:00:00
229599,73013,2019-12-23 06:00:00
229600,73013,2019-12-23 06:00:00
229697,73013,2019-12-23 06:00:00
229698,73013,2019-12-23 06:00:00
229644,73013,2019-12-23 06:00:00
229639,73013,2019-12-23 06:00:00
229636,73013,2019-12-23 06:00:00
229643,73013,2019-12-23 06:00:00
229642,73013,2019-12-23 06:00:00
229715,73013,2019-12-23 06:00:00
229714,73013,2019-12-23 06:00:00
229682,73013,2019-12-23 06:00:00
229681,73013,2019-12-23 06:00:00
229677,73013,2019-12-23 06:00:00
229676,73013,2019-12-23 06:00:00
229672,73013,2019-12-23 06:00:00
229671,73013,2019-12-23 06:00:00
229667,73013,2019-12-23 06:00:00
229648,73013,2019-12-23 06:00:00
229649,73013,2019-12-23 06:00:00
229647,73013,2019-12-23 06:00:00
229660,73013,2019-12-23 06:00:00
229657,73013,2019-12-23 06:00:00
230478,73013,2019-12-23 06:00:00
229666,73013,2019-12-23 06:00:00
229663,73013,2019-12-23 06:00:00
230383,73013,2019-12-23 06:00:00
230388,73013,2019-12-23 06:00:00
230403,73013,2019-12-23 06:00:00
230398,73013,2019-12-23 06:00:00
230378,73013,2019-12-23 06:00:00
229702,73013,2019-12-23 06:00:00
230438,73013,2019-12-23 06:00:00
230443,73013,2019-12-23 06:00:00
230453,73013,2019-12-23 06:00:00
230498,73013,2019-12-23 06:00:00
230448,73013,2019-12-23 06:00:00
229701,73013,2019-12-23 06:00:00
229705,73013,2019-12-23 06:00:00
229706,73013,2019-12-23 06:00:00
230483,73013,2019-12-23 06:00:00
230468,73013,2019-12-23 06:00:00
229709,73013,2019-12-23 06:00:00
229712,73013,2019-12-23 06:00:00
230408,73013,2019-12-23 06:00:00
230503,73013,2019-12-23 06:00:00
230493,73013,2019-12-23 06:00:00
230488,73013,2019-12-23 06:00:00
230528,73013,2019-12-23 06:00:00
230533,73013,2019-12-23 06:00:00
229625,73013,2019-12-23 06:00:00
229626,73013,2019-12-23 06:00:00
229629,73013,2019-12-23 06:00:00
229630,73013,2019-12-23 06:00:00
229588,73013,2019-12-23 06:00:00
229598,73013,2019-12-23 06:00:00
229619,73013,2019-12-23 06:00:00
229620,73013,2019-12-23 06:00:00
229621,73013,2019-12-23 06:00:00
229624,73013,2019-12-23 06:00:00
229654,73013,2019-12-23 06:00:00
229615,73013,2019-12-23 06:00:00
229584,73013,2019-12-23 06:00:00
229587,73013,2019-12-23 06:00:00
229610,73013,2019-12-23 06:00:00
229614,73013,2019-12-23 06:00:00
229590,73013,2019-12-23 06:00:00
229592,73013,2019-12-23 06:00:00
229593,73013,2019-12-23 06:00:00
229594,73013,2019-12-23 06:00:00
229597,73013,2019-12-23 06:00:00
230518,73018,2019-12-24 12:00:00
230538,73018,2019-12-24 12:00:00
230697,73042,2019-12-30 12:00:00
230694,73042,2019-12-30 12:00:00
230698,73042,2019-12-30 12:00:00
230696,73042,2019-12-30 12:00:00
230695,73042,2019-12-30 12:00:00
230701,73042,2019-12-30 12:00:00
230693,73042,2019-12-30 12:00:00
230699,73042,2019-12-30 12:00:00
228374,73083,2020-01-09 18:00:00
228215,73083,2020-01-09 18:00:00
228216,73083,2020-01-09 18:00:00
230700,73083,2020-01-09 18:00:00
228372,73083,2020-01-09 18:00:00
231113,73138,2020-01-23 12:00:00
228693,73141,2020-01-24 06:00:00
228705,73141,2020-01-24 06:00:00
228706,73141,2020-01-24 06:00:00
228707,73141,2020-01-24 06:00:00
228708,73141,2020-01-24 06:00:00
228709,73141,2020-01-24 06:00:00
228710,73141,2020-01-24 06:00:00
229262,73141,2020-01-24 06:00:00
229263,73141,2020-01-24 06:00:00
229264,73141,2020-01-24 06:00:00
229265,73141,2020-01-24 06:00:00
229266,73141,2020-01-24 06:00:00
229267,73141,2020-01-24 06:00:00
229268,73141,2020-01-24 06:00:00
229269,73141,2020-01-24 06:00:00
229249,73141,2020-01-24 06:00:00
228910,73141,2020-01-24 06:00:00
228911,73141,2020-01-24 06:00:00
228912,73141,2020-01-24 06:00:00
228913,73141,2020-01-24 06:00:00
228914,73141,2020-01-24 06:00:00
228701,73141,2020-01-24 06:00:00
228702,73141,2020-01-24 06:00:00
228703,73141,2020-01-24 06:00:00
228704,73141,2020-01-24 06:00:00
228685,73141,2020-01-24 06:00:00
228686,73141,2020-01-24 06:00:00
228687,73141,2020-01-24 06:00:00
228688,73141,2020-01-24 06:00:00
228689,73141,2020-01-24 06:00:00
228690,73141,2020-01-24 06:00:00
228692,73141,2020-01-24 06:00:00
228932,73141,2020-01-24 06:00:00
228933,73141,2020-01-24 06:00:00
228934,73141,2020-01-24 06:00:00
228935,73141,2020-01-24 06:00:00
228936,73141,2020-01-24 06:00:00
228937,73141,2020-01-24 06:00:00
228938,73141,2020-01-24 06:00:00
228939,73141,2020-01-24 06:00:00
228940,73141,2020-01-24 06:00:00
228941,73141,2020-01-24 06:00:00
228942,73141,2020-01-24 06:00:00
228943,73141,2020-01-24 06:00:00
228944,73141,2020-01-24 06:00:00
228945,73141,2020-01-24 06:00:00
228946,73141,2020-01-24 06:00:00
228915,73141,2020-01-24 06:00:00
228948,73141,2020-01-24 06:00:00
228949,73141,2020-01-24 06:00:00
228950,73141,2020-01-24 06:00:00
228951,73141,2020-01-24 06:00:00
228952,73141,2020-01-24 06:00:00
228953,73141,2020-01-24 06:00:00
228954,73141,2020-01-24 06:00:00
228955,73141,2020-01-24 06:00:00
228956,73141,2020-01-24 06:00:00
228957,73141,2020-01-24 06:00:00
228958,73141,2020-01-24 06:00:00
228959,73141,2020-01-24 06:00:00
228960,73141,2020-01-24 06:00:00
228961,73141,2020-01-24 06:00:00
228962,73141,2020-01-24 06:00:00
228931,73141,2020-01-24 06:00:00
228966,73141,2020-01-24 06:00:00
228967,73141,2020-01-24 06:00:00
228968,73141,2020-01-24 06:00:00
228969,73141,2020-01-24 06:00:00
228970,73141,2020-01-24 06:00:00
228971,73141,2020-01-24 06:00:00
228676,73141,2020-01-24 06:00:00
228677,73141,2020-01-24 06:00:00
228972,73141,2020-01-24 06:00:00
228973,73141,2020-01-24 06:00:00
228974,73141,2020-01-24 06:00:00
228975,73141,2020-01-24 06:00:00
228976,73141,2020-01-24 06:00:00
228977,73141,2020-01-24 06:00:00
228978,73141,2020-01-24 06:00:00
228947,73141,2020-01-24 06:00:00
228670,73141,2020-01-24 06:00:00
228671,73141,2020-01-24 06:00:00
228672,73141,2020-01-24 06:00:00
228673,73141,2020-01-24 06:00:00
228674,73141,2020-01-24 06:00:00
228675,73141,2020-01-24 06:00:00
228988,73141,2020-01-24 06:00:00
228989,73141,2020-01-24 06:00:00
228990,73141,2020-01-24 06:00:00
228991,73141,2020-01-24 06:00:00
228992,73141,2020-01-24 06:00:00
228993,73141,2020-01-24 06:00:00
228994,73141,2020-01-24 06:00:00
228963,73141,2020-01-24 06:00:00
228964,73141,2020-01-24 06:00:00
228965,73141,2020-01-24 06:00:00
228980,73141,2020-01-24 06:00:00
228981,73141,2020-01-24 06:00:00
228982,73141,2020-01-24 06:00:00
228983,73141,2020-01-24 06:00:00
228984,73141,2020-01-24 06:00:00
228985,73141,2020-01-24 06:00:00
228986,73141,2020-01-24 06:00:00
228987,73141,2020-01-24 06:00:00
228694,73141,2020-01-24 06:00:00
228695,73141,2020-01-24 06:00:00
228696,73141,2020-01-24 06:00:00
228697,73141,2020-01-24 06:00:00
228698,73141,2020-01-24 06:00:00
228699,73141,2020-01-24 06:00:00
228700,73141,2020-01-24 06:00:00
228669,73141,2020-01-24 06:00:00
229118,73141,2020-01-24 06:00:00
229119,73141,2020-01-24 06:00:00
229120,73141,2020-01-24 06:00:00
229121,73141,2020-01-24 06:00:00
229122,73141,2020-01-24 06:00:00
229123,73141,2020-01-24 06:00:00
229124,73141,2020-01-24 06:00:00
228995,73141,2020-01-24 06:00:00
228996,73141,2020-01-24 06:00:00
228997,73141,2020-01-24 06:00:00
228998,73141,2020-01-24 06:00:00
228654,73141,2020-01-24 06:00:00
228655,73141,2020-01-24 06:00:00
228656,73141,2020-01-24 06:00:00
228657,73141,2020-01-24 06:00:00
228979,73141,2020-01-24 06:00:00
228662,73141,2020-01-24 06:00:00
228663,73141,2020-01-24 06:00:00
228664,73141,2020-01-24 06:00:00
228665,73141,2020-01-24 06:00:00
228666,73141,2020-01-24 06:00:00
228667,73141,2020-01-24 06:00:00
228668,73141,2020-01-24 06:00:00
228637,73141,2020-01-24 06:00:00
228678,73141,2020-01-24 06:00:00
228679,73141,2020-01-24 06:00:00
228680,73141,2020-01-24 06:00:00
228681,73141,2020-01-24 06:00:00
228682,73141,2020-01-24 06:00:00
228683,73141,2020-01-24 06:00:00
228684,73141,2020-01-24 06:00:00
228653,73141,2020-01-24 06:00:00
229137,73141,2020-01-24 06:00:00
229138,73141,2020-01-24 06:00:00
229139,73141,2020-01-24 06:00:00
229140,73141,2020-01-24 06:00:00
229116,73141,2020-01-24 06:00:00
229117,73141,2020-01-24 06:00:00
228640,73141,2020-01-24 06:00:00
228641,73141,2020-01-24 06:00:00
228642,73141,2020-01-24 06:00:00
228643,73141,2020-01-24 06:00:00
228644,73141,2020-01-24 06:00:00
228645,73141,2020-01-24 06:00:00
228658,73141,2020-01-24 06:00:00
228659,73141,2020-01-24 06:00:00
228660,73141,2020-01-24 06:00:00
228661,73141,2020-01-24 06:00:00
229155,73141,2020-01-24 06:00:00
229156,73141,2020-01-24 06:00:00
229125,73141,2020-01-24 06:00:00
229126,73141,2020-01-24 06:00:00
229127,73141,2020-01-24 06:00:00
229128,73141,2020-01-24 06:00:00
229129,73141,2020-01-24 06:00:00
229130,73141,2020-01-24 06:00:00
229131,73141,2020-01-24 06:00:00
229132,73141,2020-01-24 06:00:00
229133,73141,2020-01-24 06:00:00
228638,73141,2020-01-24 06:00:00
228639,73141,2020-01-24 06:00:00
229134,73141,2020-01-24 06:00:00
229135,73141,2020-01-24 06:00:00
229136,73141,2020-01-24 06:00:00
229149,73141,2020-01-24 06:00:00
228624,73141,2020-01-24 06:00:00
228625,73141,2020-01-24 06:00:00
228626,73141,2020-01-24 06:00:00
228627,73141,2020-01-24 06:00:00
228628,73141,2020-01-24 06:00:00
228629,73141,2020-01-24 06:00:00
228630,73141,2020-01-24 06:00:00
228631,73141,2020-01-24 06:00:00
228646,73141,2020-01-24 06:00:00
228647,73141,2020-01-24 06:00:00
229150,73141,2020-01-24 06:00:00
229151,73141,2020-01-24 06:00:00
229152,73141,2020-01-24 06:00:00
229153,73141,2020-01-24 06:00:00
229154,73141,2020-01-24 06:00:00
228623,73141,2020-01-24 06:00:00
229166,73141,2020-01-24 06:00:00
229167,73141,2020-01-24 06:00:00
229168,73141,2020-01-24 06:00:00
229169,73141,2020-01-24 06:00:00
229170,73141,2020-01-24 06:00:00
229171,73141,2020-01-24 06:00:00
229172,73141,2020-01-24 06:00:00
229141,73141,2020-01-24 06:00:00
229142,73141,2020-01-24 06:00:00
229143,73141,2020-01-24 06:00:00
229144,73141,2020-01-24 06:00:00
229145,73141,2020-01-24 06:00:00
229146,73141,2020-01-24 06:00:00
229147,73141,2020-01-24 06:00:00
229148,73141,2020-01-24 06:00:00
228633,73141,2020-01-24 06:00:00
228634,73141,2020-01-24 06:00:00
228635,73141,2020-01-24 06:00:00
228636,73141,2020-01-24 06:00:00
228615,73141,2020-01-24 06:00:00
228616,73141,2020-01-24 06:00:00
228617,73141,2020-01-24 06:00:00
228618,73141,2020-01-24 06:00:00
228619,73141,2020-01-24 06:00:00
228648,73141,2020-01-24 06:00:00
228649,73141,2020-01-24 06:00:00
228650,73141,2020-01-24 06:00:00
228651,73141,2020-01-24 06:00:00
228652,73141,2020-01-24 06:00:00
228621,73141,2020-01-24 06:00:00
228622,73141,2020-01-24 06:00:00
229161,73141,2020-01-24 06:00:00
229162,73141,2020-01-24 06:00:00
229163,73141,2020-01-24 06:00:00
229164,73141,2020-01-24 06:00:00
229165,73141,2020-01-24 06:00:00
228460,73141,2020-01-24 06:00:00
228461,73141,2020-01-24 06:00:00
228399,73141,2020-01-24 06:00:00
228400,73141,2020-01-24 06:00:00
228620,73141,2020-01-24 06:00:00
228612,73141,2020-01-24 06:00:00
228613,73141,2020-01-24 06:00:00
228614,73141,2020-01-24 06:00:00
228434,73141,2020-01-24 06:00:00
228441,73141,2020-01-24 06:00:00
228632,73141,2020-01-24 06:00:00
228449,73141,2020-01-24 06:00:00
228450,73141,2020-01-24 06:00:00
228451,73141,2020-01-24 06:00:00
228452,73141,2020-01-24 06:00:00
228459,73141,2020-01-24 06:00:00
229182,73141,2020-01-24 06:00:00
229183,73141,2020-01-24 06:00:00
229184,73141,2020-01-24 06:00:00
229185,73141,2020-01-24 06:00:00
229186,73141,2020-01-24 06:00:00
229187,73141,2020-01-24 06:00:00
229188,73141,2020-01-24 06:00:00
229157,73141,2020-01-24 06:00:00
229158,73141,2020-01-24 06:00:00
229159,73141,2020-01-24 06:00:00
229160,73141,2020-01-24 06:00:00
228401,73141,2020-01-24 06:00:00
228406,73141,2020-01-24 06:00:00
228407,73141,2020-01-24 06:00:00
228408,73141,2020-01-24 06:00:00
228409,73141,2020-01-24 06:00:00
228410,73141,2020-01-24 06:00:00
228417,73141,2020-01-24 06:00:00
228418,73141,2020-01-24 06:00:00
228419,73141,2020-01-24 06:00:00
228424,73141,2020-01-24 06:00:00
228425,73141,2020-01-24 06:00:00
228426,73141,2020-01-24 06:00:00
228427,73141,2020-01-24 06:00:00
228442,73141,2020-01-24 06:00:00
228443,73141,2020-01-24 06:00:00
228448,73141,2020-01-24 06:00:00
229179,73141,2020-01-24 06:00:00
229180,73141,2020-01-24 06:00:00
229181,73141,2020-01-24 06:00:00
228337,73141,2020-01-24 06:00:00
228338,73141,2020-01-24 06:00:00
228339,73141,2020-01-24 06:00:00
228428,73141,2020-01-24 06:00:00
228361,73141,2020-01-24 06:00:00
228362,73141,2020-01-24 06:00:00
228363,73141,2020-01-24 06:00:00
228364,73141,2020-01-24 06:00:00
228380,73141,2020-01-24 06:00:00
228381,73141,2020-01-24 06:00:00
228382,73141,2020-01-24 06:00:00
228388,73141,2020-01-24 06:00:00
228389,73141,2020-01-24 06:00:00
228390,73141,2020-01-24 06:00:00
228391,73141,2020-01-24 06:00:00
228392,73141,2020-01-24 06:00:00
229198,73141,2020-01-24 06:00:00
229199,73141,2020-01-24 06:00:00
229200,73141,2020-01-24 06:00:00
229201,73141,2020-01-24 06:00:00
229202,73141,2020-01-24 06:00:00
229203,73141,2020-01-24 06:00:00
229204,73141,2020-01-24 06:00:00
229173,73141,2020-01-24 06:00:00
229174,73141,2020-01-24 06:00:00
229175,73141,2020-01-24 06:00:00
229176,73141,2020-01-24 06:00:00
229177,73141,2020-01-24 06:00:00
229178,73141,2020-01-24 06:00:00
229228,73141,2020-01-24 06:00:00
229189,73141,2020-01-24 06:00:00
229190,73141,2020-01-24 06:00:00
229191,73141,2020-01-24 06:00:00
229192,73141,2020-01-24 06:00:00
229222,73141,2020-01-24 06:00:00
229223,73141,2020-01-24 06:00:00
229224,73141,2020-01-24 06:00:00
229225,73141,2020-01-24 06:00:00
229226,73141,2020-01-24 06:00:00
228340,73141,2020-01-24 06:00:00
228342,73141,2020-01-24 06:00:00
228347,73141,2020-01-24 06:00:00
228353,73141,2020-01-24 06:00:00
228354,73141,2020-01-24 06:00:00
228355,73141,2020-01-24 06:00:00
229194,73141,2020-01-24 06:00:00
229195,73141,2020-01-24 06:00:00
229196,73141,2020-01-24 06:00:00
229197,73141,2020-01-24 06:00:00
229238,73141,2020-01-24 06:00:00
229239,73141,2020-01-24 06:00:00
229240,73141,2020-01-24 06:00:00
229241,73141,2020-01-24 06:00:00
229242,73141,2020-01-24 06:00:00
229243,73141,2020-01-24 06:00:00
229244,73141,2020-01-24 06:00:00
229205,73141,2020-01-24 06:00:00
229206,73141,2020-01-24 06:00:00
229207,73141,2020-01-24 06:00:00
229216,73141,2020-01-24 06:00:00
229227,73141,2020-01-24 06:00:00
229218,73141,2020-01-24 06:00:00
229219,73141,2020-01-24 06:00:00
229220,73141,2020-01-24 06:00:00
229221,73141,2020-01-24 06:00:00
229254,73141,2020-01-24 06:00:00
229255,73141,2020-01-24 06:00:00
229256,73141,2020-01-24 06:00:00
229257,73141,2020-01-24 06:00:00
229258,73141,2020-01-24 06:00:00
229259,73141,2020-01-24 06:00:00
229260,73141,2020-01-24 06:00:00
229229,73141,2020-01-24 06:00:00
229230,73141,2020-01-24 06:00:00
229231,73141,2020-01-24 06:00:00
229232,73141,2020-01-24 06:00:00
229193,73141,2020-01-24 06:00:00
229250,73141,2020-01-24 06:00:00
229251,73141,2020-01-24 06:00:00
229252,73141,2020-01-24 06:00:00
229253,73141,2020-01-24 06:00:00
229261,73141,2020-01-24 06:00:00
229233,73141,2020-01-24 06:00:00
229234,73141,2020-01-24 06:00:00
229235,73141,2020-01-24 06:00:00
229236,73141,2020-01-24 06:00:00
229237,73141,2020-01-24 06:00:00
229270,73141,2020-01-24 06:00:00
229245,73141,2020-01-24 06:00:00
229246,73141,2020-01-24 06:00:00
229247,73141,2020-01-24 06:00:00
229248,73141,2020-01-24 06:00:00
229217,73141,2020-01-24 06:00:00
228916,73141,2020-01-24 06:00:00
228917,73141,2020-01-24 06:00:00
228918,73141,2020-01-24 06:00:00
228919,73141,2020-01-24 06:00:00
228920,73141,2020-01-24 06:00:00
228921,73141,2020-01-24 06:00:00
228922,73141,2020-01-24 06:00:00
228923,73141,2020-01-24 06:00:00
228924,73141,2020-01-24 06:00:00
228925,73141,2020-01-24 06:00:00
228926,73141,2020-01-24 06:00:00
228927,73141,2020-01-24 06:00:00
228928,73141,2020-01-24 06:00:00
228929,73141,2020-01-24 06:00:00
228930,73141,2020-01-24 06:00:00
228909,73141,2020-01-24 06:00:00
228691,73141,2020-01-24 06:00:00
228303,73142,2020-01-24 12:00:00
228301,73142,2020-01-24 12:00:00
228295,73142,2020-01-24 12:00:00
228294,73142,2020-01-24 12:00:00
228323,73142,2020-01-24 12:00:00
228322,73142,2020-01-24 12:00:00
228321,73142,2020-01-24 12:00:00
228320,73142,2020-01-24 12:00:00
228293,73142,2020-01-24 12:00:00
228287,73142,2020-01-24 12:00:00
228286,73142,2020-01-24 12:00:00
228285,73142,2020-01-24 12:00:00
228284,73142,2020-01-24 12:00:00
228331,73142,2020-01-24 12:00:00
228330,73142,2020-01-24 12:00:00
228329,73142,2020-01-24 12:00:00
228729,73142,2020-01-24 12:00:00
228728,73142,2020-01-24 12:00:00
228727,73142,2020-01-24 12:00:00
228726,73142,2020-01-24 12:00:00
228725,73142,2020-01-24 12:00:00
228724,73142,2020-01-24 12:00:00
228723,73142,2020-01-24 12:00:00
228722,73142,2020-01-24 12:00:00
228721,73142,2020-01-24 12:00:00
228720,73142,2020-01-24 12:00:00
228719,73142,2020-01-24 12:00:00
228750,73142,2020-01-24 12:00:00
228749,73142,2020-01-24 12:00:00
228715,73142,2020-01-24 12:00:00
228714,73142,2020-01-24 12:00:00
228733,73142,2020-01-24 12:00:00
228779,73142,2020-01-24 12:00:00
228778,73142,2020-01-24 12:00:00
228777,73142,2020-01-24 12:00:00
228776,73142,2020-01-24 12:00:00
228775,73142,2020-01-24 12:00:00
228774,73142,2020-01-24 12:00:00
228741,73142,2020-01-24 12:00:00
228740,73142,2020-01-24 12:00:00
228739,73142,2020-01-24 12:00:00
228738,73142,2020-01-24 12:00:00
228737,73142,2020-01-24 12:00:00
228736,73142,2020-01-24 12:00:00
228735,73142,2020-01-24 12:00:00
228766,73142,2020-01-24 12:00:00
228765,73142,2020-01-24 12:00:00
228764,73142,2020-01-24 12:00:00
228795,73142,2020-01-24 12:00:00
228794,73142,2020-01-24 12:00:00
228793,73142,2020-01-24 12:00:00
228792,73142,2020-01-24 12:00:00
228791,73142,2020-01-24 12:00:00
228790,73142,2020-01-24 12:00:00
228757,73142,2020-01-24 12:00:00
228756,73142,2020-01-24 12:00:00
228755,73142,2020-01-24 12:00:00
228754,73142,2020-01-24 12:00:00
228753,73142,2020-01-24 12:00:00
228752,73142,2020-01-24 12:00:00
228751,73142,2020-01-24 12:00:00
228782,73142,2020-01-24 12:00:00
228781,73142,2020-01-24 12:00:00
228780,73142,2020-01-24 12:00:00
229019,73142,2020-01-24 12:00:00
229018,73142,2020-01-24 12:00:00
229017,73142,2020-01-24 12:00:00
229016,73142,2020-01-24 12:00:00
229015,73142,2020-01-24 12:00:00
229014,73142,2020-01-24 12:00:00
229013,73142,2020-01-24 12:00:00
228773,73142,2020-01-24 12:00:00
228772,73142,2020-01-24 12:00:00
228770,73142,2020-01-24 12:00:00
228769,73142,2020-01-24 12:00:00
228768,73142,2020-01-24 12:00:00
228767,73142,2020-01-24 12:00:00
228798,73142,2020-01-24 12:00:00
228797,73142,2020-01-24 12:00:00
228796,73142,2020-01-24 12:00:00
228806,73142,2020-01-24 12:00:00
228805,73142,2020-01-24 12:00:00
228804,73142,2020-01-24 12:00:00
228803,73142,2020-01-24 12:00:00
228802,73142,2020-01-24 12:00:00
228801,73142,2020-01-24 12:00:00
229012,73142,2020-01-24 12:00:00
229011,73142,2020-01-24 12:00:00
229010,73142,2020-01-24 12:00:00
228789,73142,2020-01-24 12:00:00
228788,73142,2020-01-24 12:00:00
228787,73142,2020-01-24 12:00:00
228786,73142,2020-01-24 12:00:00
228785,73142,2020-01-24 12:00:00
228784,73142,2020-01-24 12:00:00
228783,73142,2020-01-24 12:00:00
229028,73142,2020-01-24 12:00:00
229027,73142,2020-01-24 12:00:00
229026,73142,2020-01-24 12:00:00
229025,73142,2020-01-24 12:00:00
229024,73142,2020-01-24 12:00:00
229023,73142,2020-01-24 12:00:00
229022,73142,2020-01-24 12:00:00
229021,73142,2020-01-24 12:00:00
228277,73142,2020-01-24 12:00:00
228276,73142,2020-01-24 12:00:00
228275,73142,2020-01-24 12:00:00
228270,73142,2020-01-24 12:00:00
228269,73142,2020-01-24 12:00:00
228809,73142,2020-01-24 12:00:00
228808,73142,2020-01-24 12:00:00
228807,73142,2020-01-24 12:00:00
228230,73142,2020-01-24 12:00:00
228225,73142,2020-01-24 12:00:00
228224,73142,2020-01-24 12:00:00
228223,73142,2020-01-24 12:00:00
228221,73142,2020-01-24 12:00:00
228209,73142,2020-01-24 12:00:00
228203,73142,2020-01-24 12:00:00
228283,73142,2020-01-24 12:00:00
229008,73142,2020-01-24 12:00:00
229035,73142,2020-01-24 12:00:00
229034,73142,2020-01-24 12:00:00
229033,73142,2020-01-24 12:00:00
229032,73142,2020-01-24 12:00:00
229031,73142,2020-01-24 12:00:00
229030,73142,2020-01-24 12:00:00
229029,73142,2020-01-24 12:00:00
229041,73142,2020-01-24 12:00:00
229040,73142,2020-01-24 12:00:00
229039,73142,2020-01-24 12:00:00
229038,73142,2020-01-24 12:00:00
229037,73142,2020-01-24 12:00:00
229316,73142,2020-01-24 12:00:00
228202,73142,2020-01-24 12:00:00
228201,73142,2020-01-24 12:00:00
228200,73142,2020-01-24 12:00:00
228247,73142,2020-01-24 12:00:00
228242,73142,2020-01-24 12:00:00
228241,73142,2020-01-24 12:00:00
228239,73142,2020-01-24 12:00:00
228233,73142,2020-01-24 12:00:00
228232,73142,2020-01-24 12:00:00
228231,73142,2020-01-24 12:00:00
229310,73142,2020-01-24 12:00:00
229302,73142,2020-01-24 12:00:00
229301,73142,2020-01-24 12:00:00
229300,73142,2020-01-24 12:00:00
229299,73142,2020-01-24 12:00:00
229298,73142,2020-01-24 12:00:00
229297,73142,2020-01-24 12:00:00
229020,73142,2020-01-24 12:00:00
229050,73142,2020-01-24 12:00:00
229049,73142,2020-01-24 12:00:00
229047,73142,2020-01-24 12:00:00
229046,73142,2020-01-24 12:00:00
229045,73142,2020-01-24 12:00:00
229044,73142,2020-01-24 12:00:00
229043,73142,2020-01-24 12:00:00
229042,73142,2020-01-24 12:00:00
229057,73142,2020-01-24 12:00:00
229056,73142,2020-01-24 12:00:00
229055,73142,2020-01-24 12:00:00
229053,73142,2020-01-24 12:00:00
229296,73142,2020-01-24 12:00:00
229295,73142,2020-01-24 12:00:00
229294,73142,2020-01-24 12:00:00
228199,73142,2020-01-24 12:00:00
228193,73142,2020-01-24 12:00:00
228192,73142,2020-01-24 12:00:00
228191,73142,2020-01-24 12:00:00
229315,73142,2020-01-24 12:00:00
229314,73142,2020-01-24 12:00:00
229313,73142,2020-01-24 12:00:00
229312,73142,2020-01-24 12:00:00
229311,73142,2020-01-24 12:00:00
229073,73142,2020-01-24 12:00:00
229072,73142,2020-01-24 12:00:00
229071,73142,2020-01-24 12:00:00
229070,73142,2020-01-24 12:00:00
229069,73142,2020-01-24 12:00:00
229036,73142,2020-01-24 12:00:00
229067,73142,2020-01-24 12:00:00
229066,73142,2020-01-24 12:00:00
229065,73142,2020-01-24 12:00:00
229064,73142,2020-01-24 12:00:00
229063,73142,2020-01-24 12:00:00
229062,73142,2020-01-24 12:00:00
229061,73142,2020-01-24 12:00:00
229060,73142,2020-01-24 12:00:00
229059,73142,2020-01-24 12:00:00
229058,73142,2020-01-24 12:00:00
229307,73142,2020-01-24 12:00:00
229306,73142,2020-01-24 12:00:00
229305,73142,2020-01-24 12:00:00
229304,73142,2020-01-24 12:00:00
229303,73142,2020-01-24 12:00:00
229052,73142,2020-01-24 12:00:00
229083,73142,2020-01-24 12:00:00
229082,73142,2020-01-24 12:00:00
229081,73142,2020-01-24 12:00:00
229080,73142,2020-01-24 12:00:00
229079,73142,2020-01-24 12:00:00
229078,73142,2020-01-24 12:00:00
229077,73142,2020-01-24 12:00:00
229076,73142,2020-01-24 12:00:00
229075,73142,2020-01-24 12:00:00
229074,73142,2020-01-24 12:00:00
229092,73142,2020-01-24 12:00:00
229091,73142,2020-01-24 12:00:00
229090,73142,2020-01-24 12:00:00
229089,73142,2020-01-24 12:00:00
229088,73142,2020-01-24 12:00:00
229087,73142,2020-01-24 12:00:00
229086,73142,2020-01-24 12:00:00
229085,73142,2020-01-24 12:00:00
229293,73142,2020-01-24 12:00:00
229292,73142,2020-01-24 12:00:00
229291,73142,2020-01-24 12:00:00
229290,73142,2020-01-24 12:00:00
229289,73142,2020-01-24 12:00:00
229288,73142,2020-01-24 12:00:00
229309,73142,2020-01-24 12:00:00
229308,73142,2020-01-24 12:00:00
229084,73142,2020-01-24 12:00:00
229106,73142,2020-01-24 12:00:00
229105,73142,2020-01-24 12:00:00
229104,73142,2020-01-24 12:00:00
229103,73142,2020-01-24 12:00:00
229102,73142,2020-01-24 12:00:00
229101,73142,2020-01-24 12:00:00
229100,73142,2020-01-24 12:00:00
228800,73142,2020-01-24 12:00:00
228799,73142,2020-01-24 12:00:00
229068,73142,2020-01-24 12:00:00
229099,73142,2020-01-24 12:00:00
229098,73142,2020-01-24 12:00:00
229097,73142,2020-01-24 12:00:00
229096,73142,2020-01-24 12:00:00
229093,73142,2020-01-24 12:00:00
228268,73142,2020-01-24 12:00:00
228267,73142,2020-01-24 12:00:00
228266,73142,2020-01-24 12:00:00
228259,73142,2020-01-24 12:00:00
228258,73142,2020-01-24 12:00:00
228257,73142,2020-01-24 12:00:00
228251,73142,2020-01-24 12:00:00
228250,73142,2020-01-24 12:00:00
228249,73142,2020-01-24 12:00:00
228248,73142,2020-01-24 12:00:00
228319,73142,2020-01-24 12:00:00
228313,73142,2020-01-24 12:00:00
228312,73142,2020-01-24 12:00:00
228311,73142,2020-01-24 12:00:00
228305,73142,2020-01-24 12:00:00
228304,73142,2020-01-24 12:00:00
228763,73142,2020-01-24 12:00:00
228762,73142,2020-01-24 12:00:00
228761,73142,2020-01-24 12:00:00
228760,73142,2020-01-24 12:00:00
228759,73142,2020-01-24 12:00:00
228758,73142,2020-01-24 12:00:00
228748,73142,2020-01-24 12:00:00
228747,73142,2020-01-24 12:00:00
228746,73142,2020-01-24 12:00:00
228745,73142,2020-01-24 12:00:00
228744,73142,2020-01-24 12:00:00
228743,73142,2020-01-24 12:00:00
228742,73142,2020-01-24 12:00:00
228732,73142,2020-01-24 12:00:00
228731,73142,2020-01-24 12:00:00
228730,73142,2020-01-24 12:00:00
228734,73142,2020-01-24 12:00:00
228716,73142,2020-01-24 12:00:00
228717,73142,2020-01-24 12:00:00
228718,73142,2020-01-24 12:00:00
228713,73142,2020-01-24 12:00:00
228856,73153,2020-01-27 06:00:00
228889,73153,2020-01-27 06:00:00
228888,73153,2020-01-27 06:00:00
228887,73153,2020-01-27 06:00:00
228886,73153,2020-01-27 06:00:00
228895,73153,2020-01-27 06:00:00
228894,73153,2020-01-27 06:00:00
228893,73153,2020-01-27 06:00:00
228892,73153,2020-01-27 06:00:00
228891,73153,2020-01-27 06:00:00
228855,73153,2020-01-27 06:00:00
228905,73153,2020-01-27 06:00:00
228904,73153,2020-01-27 06:00:00
228903,73153,2020-01-27 06:00:00
228902,73153,2020-01-27 06:00:00
228901,73153,2020-01-27 06:00:00
228900,73153,2020-01-27 06:00:00
228899,73153,2020-01-27 06:00:00
228898,73153,2020-01-27 06:00:00
228897,73153,2020-01-27 06:00:00
228816,73153,2020-01-27 06:00:00
228815,73153,2020-01-27 06:00:00
228814,73153,2020-01-27 06:00:00
228813,73153,2020-01-27 06:00:00
228859,73153,2020-01-27 06:00:00
228812,73153,2020-01-27 06:00:00
228860,73153,2020-01-27 06:00:00
228861,73153,2020-01-27 06:00:00
228858,73153,2020-01-27 06:00:00
228838,73153,2020-01-27 06:00:00
228839,73153,2020-01-27 06:00:00
228840,73153,2020-01-27 06:00:00
228863,73153,2020-01-27 06:00:00
228864,73153,2020-01-27 06:00:00
228862,73153,2020-01-27 06:00:00
228837,73153,2020-01-27 06:00:00
228835,73153,2020-01-27 06:00:00
228836,73153,2020-01-27 06:00:00
228834,73153,2020-01-27 06:00:00
228833,73153,2020-01-27 06:00:00
228881,73153,2020-01-27 06:00:00
228906,73153,2020-01-27 06:00:00
228873,73153,2020-01-27 06:00:00
228872,73153,2020-01-27 06:00:00
228817,73153,2020-01-27 06:00:00
228848,73153,2020-01-27 06:00:00
228847,73153,2020-01-27 06:00:00
228846,73153,2020-01-27 06:00:00
228831,73153,2020-01-27 06:00:00
228830,73153,2020-01-27 06:00:00
228829,73153,2020-01-27 06:00:00
228828,73153,2020-01-27 06:00:00
228827,73153,2020-01-27 06:00:00
228826,73153,2020-01-27 06:00:00
228825,73153,2020-01-27 06:00:00
228824,73153,2020-01-27 06:00:00
228841,73153,2020-01-27 06:00:00
228832,73153,2020-01-27 06:00:00
228818,73153,2020-01-27 06:00:00
228819,73153,2020-01-27 06:00:00
228821,73153,2020-01-27 06:00:00
228820,73153,2020-01-27 06:00:00
228823,73153,2020-01-27 06:00:00
228822,73153,2020-01-27 06:00:00
228867,73153,2020-01-27 06:00:00
228866,73153,2020-01-27 06:00:00
228865,73153,2020-01-27 06:00:00
228896,73153,2020-01-27 06:00:00
228857,73153,2020-01-27 06:00:00
228877,73153,2020-01-27 06:00:00
228876,73153,2020-01-27 06:00:00
228875,73153,2020-01-27 06:00:00
228874,73153,2020-01-27 06:00:00
228854,73153,2020-01-27 06:00:00
228853,73153,2020-01-27 06:00:00
228852,73153,2020-01-27 06:00:00
228871,73153,2020-01-27 06:00:00
228870,73153,2020-01-27 06:00:00
228869,73153,2020-01-27 06:00:00
228868,73153,2020-01-27 06:00:00
228851,73153,2020-01-27 06:00:00
228850,73153,2020-01-27 06:00:00
228849,73153,2020-01-27 06:00:00
228880,73153,2020-01-27 06:00:00
228842,73153,2020-01-27 06:00:00
228843,73153,2020-01-27 06:00:00
228844,73153,2020-01-27 06:00:00
228845,73153,2020-01-27 06:00:00
228882,73153,2020-01-27 06:00:00
228883,73153,2020-01-27 06:00:00
228884,73153,2020-01-27 06:00:00
228885,73153,2020-01-27 06:00:00
228878,73153,2020-01-27 06:00:00
228890,73153,2020-01-27 06:00:00
228879,73153,2020-01-27 06:00:00
231332,73167,2020-01-30 18:00:00
230711,73167,2020-01-30 18:00:00
230707,73167,2020-01-30 18:00:00
231327,73167,2020-01-30 18:00:00
231318,73167,2020-01-30 18:00:00
231308,73167,2020-01-30 18:00:00
231324,73167,2020-01-30 18:00:00
231309,73167,2020-01-30 18:00:00
230705,73167,2020-01-30 18:00:00
231330,73167,2020-01-30 18:00:00
231329,73167,2020-01-30 18:00:00
231328,73167,2020-01-30 18:00:00
231331,73167,2020-01-30 18:00:00
230709,73167,2020-01-30 18:00:00
231326,73167,2020-01-30 18:00:00
231307,73167,2020-01-30 18:00:00
231325,73167,2020-01-30 18:00:00
230704,73167,2020-01-30 18:00:00
230708,73167,2020-01-30 18:00:00
231305,73167,2020-01-30 18:00:00
231306,73167,2020-01-30 18:00:00
230901,73168,2020-01-31 00:00:00
230902,73169,2020-01-31 06:00:00
229054,73170,2020-01-31 12:00:00
229051,73170,2020-01-31 12:00:00
228371,73170,2020-01-31 12:00:00
229094,73170,2020-01-31 12:00:00
229095,73170,2020-01-31 12:00:00
228373,73170,2020-01-31 12:00:00
229048,73170,2020-01-31 12:00:00
228771,73170,2020-01-31 12:00:00
229009,73170,2020-01-31 12:00:00
228523,73173,2020-02-01 06:00:00
228520,73173,2020-02-01 06:00:00
230713,73190,2020-02-05 12:00:00
228302,73190,2020-02-05 12:00:00
231768,73194,2020-02-06 12:00:00
230880,73194,2020-02-06 12:00:00
230885,73194,2020-02-06 12:00:00
215887,73194,2020-02-06 12:00:00
215794,73194,2020-02-06 12:00:00
215869,73194,2020-02-06 12:00:00
215872,73194,2020-02-06 12:00:00
215905,73194,2020-02-06 12:00:00
215906,73194,2020-02-06 12:00:00
215892,73194,2020-02-06 12:00:00
215891,73194,2020-02-06 12:00:00
231740,73194,2020-02-06 12:00:00
231705,73194,2020-02-06 12:00:00
231747,73194,2020-02-06 12:00:00
231748,73194,2020-02-06 12:00:00
231739,73194,2020-02-06 12:00:00
231717,73194,2020-02-06 12:00:00
231698,73194,2020-02-06 12:00:00
231706,73194,2020-02-06 12:00:00
231716,73194,2020-02-06 12:00:00
215918,73194,2020-02-06 12:00:00
215867,73194,2020-02-06 12:00:00
215865,73194,2020-02-06 12:00:00
215864,73194,2020-02-06 12:00:00
230706,73194,2020-02-06 12:00:00
215914,73194,2020-02-06 12:00:00
215917,73194,2020-02-06 12:00:00
215833,73194,2020-02-06 12:00:00
215900,73194,2020-02-06 12:00:00
215832,73194,2020-02-06 12:00:00
215894,73194,2020-02-06 12:00:00
215896,73194,2020-02-06 12:00:00
215854,73194,2020-02-06 12:00:00
215827,73194,2020-02-06 12:00:00
215769,73194,2020-02-06 12:00:00
215773,73194,2020-02-06 12:00:00
231723,73194,2020-02-06 12:00:00
227508,73194,2020-02-06 12:00:00
227510,73194,2020-02-06 12:00:00
227513,73194,2020-02-06 12:00:00
227507,73194,2020-02-06 12:00:00
231763,73194,2020-02-06 12:00:00
215839,73194,2020-02-06 12:00:00
231755,73194,2020-02-06 12:00:00
231754,73194,2020-02-06 12:00:00
215838,73194,2020-02-06 12:00:00
215912,73194,2020-02-06 12:00:00
215847,73194,2020-02-06 12:00:00
231832,73194,2020-02-06 12:00:00
231833,73194,2020-02-06 12:00:00
231845,73194,2020-02-06 12:00:00
231826,73194,2020-02-06 12:00:00
231731,73194,2020-02-06 12:00:00
231736,73194,2020-02-06 12:00:00
231710,73194,2020-02-06 12:00:00
231737,73194,2020-02-06 12:00:00
231708,73194,2020-02-06 12:00:00
231707,73194,2020-02-06 12:00:00
231795,73194,2020-02-06 12:00:00
231796,73194,2020-02-06 12:00:00
231789,73194,2020-02-06 12:00:00
231788,73194,2020-02-06 12:00:00
231697,73194,2020-02-06 12:00:00
231691,73194,2020-02-06 12:00:00
232014,73194,2020-02-06 12:00:00
231992,73194,2020-02-06 12:00:00
232013,73194,2020-02-06 12:00:00
231846,73194,2020-02-06 12:00:00
231853,73194,2020-02-06 12:00:00
231854,73194,2020-02-06 12:00:00
231860,73194,2020-02-06 12:00:00
231859,73194,2020-02-06 12:00:00
231954,73194,2020-02-06 12:00:00
231864,73194,2020-02-06 12:00:00
231777,73194,2020-02-06 12:00:00
231821,73194,2020-02-06 12:00:00
231820,73194,2020-02-06 12:00:00
231819,73194,2020-02-06 12:00:00
231813,73194,2020-02-06 12:00:00
231960,73194,2020-02-06 12:00:00
231785,73194,2020-02-06 12:00:00
231870,73194,2020-02-06 12:00:00
231871,73194,2020-02-06 12:00:00
231782,73194,2020-02-06 12:00:00
231771,73194,2020-02-06 12:00:00
231961,73194,2020-02-06 12:00:00
231908,73194,2020-02-06 12:00:00
231998,73194,2020-02-06 12:00:00
231894,73194,2020-02-06 12:00:00
231899,73194,2020-02-06 12:00:00
231902,73194,2020-02-06 12:00:00
231886,73194,2020-02-06 12:00:00
231880,73194,2020-02-06 12:00:00
231968,73194,2020-02-06 12:00:00
231909,73194,2020-02-06 12:00:00
231914,73194,2020-02-06 12:00:00
215801,73194,2020-02-06 12:00:00
215802,73194,2020-02-06 12:00:00
232004,73194,2020-02-06 12:00:00
232005,73194,2020-02-06 12:00:00
231926,73194,2020-02-06 12:00:00
231927,73194,2020-02-06 12:00:00
231929,73194,2020-02-06 12:00:00
231931,73194,2020-02-06 12:00:00
231947,73194,2020-02-06 12:00:00
231938,73194,2020-02-06 12:00:00
231939,73194,2020-02-06 12:00:00
231940,73194,2020-02-06 12:00:00
231948,73194,2020-02-06 12:00:00
231941,73194,2020-02-06 12:00:00
231967,73194,2020-02-06 12:00:00
215859,73194,2020-02-06 12:00:00
231984,73194,2020-02-06 12:00:00
231991,73194,2020-02-06 12:00:00
215774,73194,2020-02-06 12:00:00
215778,73194,2020-02-06 12:00:00
215841,73194,2020-02-06 12:00:00
215843,73194,2020-02-06 12:00:00
215779,73194,2020-02-06 12:00:00
215781,73194,2020-02-06 12:00:00
215783,73194,2020-02-06 12:00:00
215786,73194,2020-02-06 12:00:00
215790,73194,2020-02-06 12:00:00
215858,73194,2020-02-06 12:00:00
215798,73194,2020-02-06 12:00:00
231973,73194,2020-02-06 12:00:00
231979,73194,2020-02-06 12:00:00
231983,73194,2020-02-06 12:00:00
215819,73194,2020-02-06 12:00:00
215822,73194,2020-02-06 12:00:00
215877,73194,2020-02-06 12:00:00
215812,73194,2020-02-06 12:00:00
215823,73194,2020-02-06 12:00:00
231769,73194,2020-02-06 12:00:00
215806,73194,2020-02-06 12:00:00
215820,73194,2020-02-06 12:00:00
215805,73194,2020-02-06 12:00:00
231812,73194,2020-02-06 12:00:00
231809,73194,2020-02-06 12:00:00
231808,73194,2020-02-06 12:00:00
231803,73194,2020-02-06 12:00:00
231802,73194,2020-02-06 12:00:00
231879,73194,2020-02-06 12:00:00
231872,73194,2020-02-06 12:00:00
231918,73194,2020-02-06 12:00:00
231847,73194,2020-02-06 12:00:00
231999,73194,2020-02-06 12:00:00
231977,73195,2020-02-06 18:00:00
231975,73195,2020-02-06 18:00:00
231976,73195,2020-02-06 18:00:00
231978,73195,2020-02-06 18:00:00
231974,73195,2020-02-06 18:00:00
231861,73195,2020-02-06 18:00:00
231818,73195,2020-02-06 18:00:00
231915,73195,2020-02-06 18:00:00
231869,73195,2020-02-06 18:00:00
231810,73195,2020-02-06 18:00:00
231925,73195,2020-02-06 18:00:00
231862,73195,2020-02-06 18:00:00
231916,73195,2020-02-06 18:00:00
231728,73195,2020-02-06 18:00:00
231729,73195,2020-02-06 18:00:00
231760,73195,2020-02-06 18:00:00
231761,73195,2020-02-06 18:00:00
231684,73195,2020-02-06 18:00:00
231689,73195,2020-02-06 18:00:00
231699,73195,2020-02-06 18:00:00
231700,73195,2020-02-06 18:00:00
231786,73195,2020-02-06 18:00:00
231891,73195,2020-02-06 18:00:00
231892,73195,2020-02-06 18:00:00
231900,73195,2020-02-06 18:00:00
227511,73197,2020-02-07 06:00:00
215808,73197,2020-02-07 06:00:00
215908,73197,2020-02-07 06:00:00
227509,73197,2020-02-07 06:00:00
215886,73197,2020-02-07 06:00:00
215882,73198,2020-02-07 12:00:00
215770,73204,2020-02-09 00:00:00
227499,73211,2020-02-10 18:00:00
215880,73213,2020-02-11 06:00:00
215873,73213,2020-02-11 06:00:00
215860,73213,2020-02-11 06:00:00
215855,73213,2020-02-11 06:00:00
215852,73213,2020-02-11 06:00:00
230889,73213,2020-02-11 06:00:00
230884,73214,2020-02-11 12:00:00
227236,73214,2020-02-11 12:00:00
227237,73214,2020-02-11 12:00:00
215795,73214,2020-02-11 12:00:00
215807,73217,2020-02-12 06:00:00
230888,73217,2020-02-12 06:00:00
215834,73217,2020-02-12 06:00:00
215848,73217,2020-02-12 06:00:00
230887,73217,2020-02-12 06:00:00
215813,73217,2020-02-12 06:00:00
215851,73217,2020-02-12 06:00:00
215825,73217,2020-02-12 06:00:00
215829,73217,2020-02-12 06:00:00
215787,73218,2020-02-12 12:00:00
230882,73218,2020-02-12 12:00:00
230881,73218,2020-02-12 12:00:00
215791,73218,2020-02-12 12:00:00
227504,73221,2020-02-13 06:00:00
231839,73221,2020-02-13 06:00:00
232006,73221,2020-02-13 06:00:00
227503,73221,2020-02-13 06:00:00
227477,73221,2020-02-13 06:00:00
227478,73221,2020-02-13 06:00:00
231690,73222,2020-02-13 12:00:00
232199,73226,2020-02-14 12:00:00
232200,73226,2020-02-14 12:00:00
232198,73226,2020-02-14 12:00:00
231738,73226,2020-02-14 12:00:00
232197,73226,2020-02-14 12:00:00
231863,73238,2020-02-17 12:00:00
231930,73238,2020-02-17 12:00:00
231917,73238,2020-02-17 12:00:00
231865,73239,2020-02-17 18:00:00
227500,73240,2020-02-18 00:00:00
232204,73241,2020-02-18 06:00:00
232208,73241,2020-02-18 06:00:00
232207,73241,2020-02-18 06:00:00
232205,73241,2020-02-18 06:00:00
232209,73241,2020-02-18 06:00:00
232206,73241,2020-02-18 06:00:00
232212,73242,2020-02-18 12:00:00
232214,73242,2020-02-18 12:00:00
232210,73242,2020-02-18 12:00:00
232211,73242,2020-02-18 12:00:00
232227,73250,2020-02-20 12:00:00
232226,73250,2020-02-20 12:00:00
228495,73257,2020-02-22 06:00:00
229363,73257,2020-02-22 06:00:00
228505,73257,2020-02-22 06:00:00
228468,73257,2020-02-22 06:00:00
228486,73258,2020-02-22 12:00:00
228504,73258,2020-02-22 12:00:00
228492,73258,2020-02-22 12:00:00
228532,73258,2020-02-22 12:00:00
228494,73258,2020-02-22 12:00:00
228485,73259,2020-02-22 18:00:00
229336,73260,2020-02-23 00:00:00
229391,73260,2020-02-23 00:00:00
228469,73260,2020-02-23 00:00:00
229392,73260,2020-02-23 00:00:00
229393,73260,2020-02-23 00:00:00
229424,73260,2020-02-23 00:00:00
229425,73260,2020-02-23 00:00:00
229426,73260,2020-02-23 00:00:00
229427,73260,2020-02-23 00:00:00
229428,73260,2020-02-23 00:00:00
229429,73260,2020-02-23 00:00:00
229430,73260,2020-02-23 00:00:00
229431,73260,2020-02-23 00:00:00
229432,73260,2020-02-23 00:00:00
229433,73260,2020-02-23 00:00:00
229434,73260,2020-02-23 00:00:00
229437,73260,2020-02-23 00:00:00
229438,73260,2020-02-23 00:00:00
229439,73260,2020-02-23 00:00:00
229407,73260,2020-02-23 00:00:00
229408,73260,2020-02-23 00:00:00
229442,73260,2020-02-23 00:00:00
229443,73260,2020-02-23 00:00:00
228513,73260,2020-02-23 00:00:00
229444,73260,2020-02-23 00:00:00
229445,73260,2020-02-23 00:00:00
229446,73260,2020-02-23 00:00:00
229571,73260,2020-02-23 00:00:00
229572,73260,2020-02-23 00:00:00
229573,73260,2020-02-23 00:00:00
229574,73260,2020-02-23 00:00:00
229575,73260,2020-02-23 00:00:00
229447,73260,2020-02-23 00:00:00
229448,73260,2020-02-23 00:00:00
229449,73260,2020-02-23 00:00:00
229450,73260,2020-02-23 00:00:00
229451,73260,2020-02-23 00:00:00
229452,73260,2020-02-23 00:00:00
229453,73260,2020-02-23 00:00:00
229454,73260,2020-02-23 00:00:00
229455,73260,2020-02-23 00:00:00
229422,73260,2020-02-23 00:00:00
229423,73260,2020-02-23 00:00:00
228474,73260,2020-02-23 00:00:00
229492,73260,2020-02-23 00:00:00
229458,73260,2020-02-23 00:00:00
229459,73260,2020-02-23 00:00:00
229460,73260,2020-02-23 00:00:00
229461,73260,2020-02-23 00:00:00
229462,73260,2020-02-23 00:00:00
229464,73260,2020-02-23 00:00:00
229465,73260,2020-02-23 00:00:00
229466,73260,2020-02-23 00:00:00
229467,73260,2020-02-23 00:00:00
229468,73260,2020-02-23 00:00:00
229469,73260,2020-02-23 00:00:00
229470,73260,2020-02-23 00:00:00
229471,73260,2020-02-23 00:00:00
229440,73260,2020-02-23 00:00:00
229441,73260,2020-02-23 00:00:00
229474,73260,2020-02-23 00:00:00
229475,73260,2020-02-23 00:00:00
229476,73260,2020-02-23 00:00:00
229477,73260,2020-02-23 00:00:00
229282,73260,2020-02-23 00:00:00
229283,73260,2020-02-23 00:00:00
229284,73260,2020-02-23 00:00:00
229285,73260,2020-02-23 00:00:00
229286,73260,2020-02-23 00:00:00
229287,73260,2020-02-23 00:00:00
229318,73260,2020-02-23 00:00:00
229319,73260,2020-02-23 00:00:00
229320,73260,2020-02-23 00:00:00
229321,73260,2020-02-23 00:00:00
229322,73260,2020-02-23 00:00:00
229478,73260,2020-02-23 00:00:00
229479,73260,2020-02-23 00:00:00
229480,73260,2020-02-23 00:00:00
229481,73260,2020-02-23 00:00:00
229482,73260,2020-02-23 00:00:00
229328,73260,2020-02-23 00:00:00
229329,73260,2020-02-23 00:00:00
229330,73260,2020-02-23 00:00:00
229331,73260,2020-02-23 00:00:00
229332,73260,2020-02-23 00:00:00
229333,73260,2020-02-23 00:00:00
229334,73260,2020-02-23 00:00:00
229335,73260,2020-02-23 00:00:00
229483,73260,2020-02-23 00:00:00
229337,73260,2020-02-23 00:00:00
229338,73260,2020-02-23 00:00:00
229484,73260,2020-02-23 00:00:00
229485,73260,2020-02-23 00:00:00
229486,73260,2020-02-23 00:00:00
229280,73260,2020-02-23 00:00:00
229281,73260,2020-02-23 00:00:00
229578,73260,2020-02-23 00:00:00
232220,73260,2020-02-23 00:00:00
229487,73260,2020-02-23 00:00:00
229456,73260,2020-02-23 00:00:00
229457,73260,2020-02-23 00:00:00
229499,73260,2020-02-23 00:00:00
229500,73260,2020-02-23 00:00:00
229501,73260,2020-02-23 00:00:00
229502,73260,2020-02-23 00:00:00
229503,73260,2020-02-23 00:00:00
229472,73260,2020-02-23 00:00:00
229323,73260,2020-02-23 00:00:00
229324,73260,2020-02-23 00:00:00
229325,73260,2020-02-23 00:00:00
229326,73260,2020-02-23 00:00:00
229327,73260,2020-02-23 00:00:00
229555,73260,2020-02-23 00:00:00
229556,73260,2020-02-23 00:00:00
229557,73260,2020-02-23 00:00:00
229558,73260,2020-02-23 00:00:00
229559,73260,2020-02-23 00:00:00
229560,73260,2020-02-23 00:00:00
229561,73260,2020-02-23 00:00:00
229562,73260,2020-02-23 00:00:00
229563,73260,2020-02-23 00:00:00
229564,73260,2020-02-23 00:00:00
229565,73260,2020-02-23 00:00:00
229576,73260,2020-02-23 00:00:00
229473,73260,2020-02-23 00:00:00
232218,73260,2020-02-23 00:00:00
232219,73260,2020-02-23 00:00:00
229577,73260,2020-02-23 00:00:00
229569,73260,2020-02-23 00:00:00
229570,73260,2020-02-23 00:00:00
229539,73260,2020-02-23 00:00:00
229540,73260,2020-02-23 00:00:00
229541,73260,2020-02-23 00:00:00
229542,73260,2020-02-23 00:00:00
229543,73260,2020-02-23 00:00:00
229544,73260,2020-02-23 00:00:00
229545,73260,2020-02-23 00:00:00
229546,73260,2020-02-23 00:00:00
229547,73260,2020-02-23 00:00:00
229548,73260,2020-02-23 00:00:00
229549,73260,2020-02-23 00:00:00
229579,73260,2020-02-23 00:00:00
229580,73260,2020-02-23 00:00:00
229581,73260,2020-02-23 00:00:00
229553,73260,2020-02-23 00:00:00
229554,73260,2020-02-23 00:00:00
229522,73260,2020-02-23 00:00:00
229523,73260,2020-02-23 00:00:00
229524,73260,2020-02-23 00:00:00
229525,73260,2020-02-23 00:00:00
229526,73260,2020-02-23 00:00:00
229527,73260,2020-02-23 00:00:00
229529,73260,2020-02-23 00:00:00
229530,73260,2020-02-23 00:00:00
229531,73260,2020-02-23 00:00:00
229532,73260,2020-02-23 00:00:00
229533,73260,2020-02-23 00:00:00
229566,73260,2020-02-23 00:00:00
229567,73260,2020-02-23 00:00:00
229568,73260,2020-02-23 00:00:00
229537,73260,2020-02-23 00:00:00
229538,73260,2020-02-23 00:00:00
229504,73260,2020-02-23 00:00:00
229505,73260,2020-02-23 00:00:00
229506,73260,2020-02-23 00:00:00
229507,73260,2020-02-23 00:00:00
229508,73260,2020-02-23 00:00:00
229509,73260,2020-02-23 00:00:00
229510,73260,2020-02-23 00:00:00
229513,73260,2020-02-23 00:00:00
229514,73260,2020-02-23 00:00:00
229515,73260,2020-02-23 00:00:00
229516,73260,2020-02-23 00:00:00
229550,73260,2020-02-23 00:00:00
229551,73260,2020-02-23 00:00:00
229552,73260,2020-02-23 00:00:00
229491,73260,2020-02-23 00:00:00
229463,73260,2020-02-23 00:00:00
229493,73260,2020-02-23 00:00:00
229494,73260,2020-02-23 00:00:00
229495,73260,2020-02-23 00:00:00
229496,73260,2020-02-23 00:00:00
229497,73260,2020-02-23 00:00:00
229498,73260,2020-02-23 00:00:00
229351,73260,2020-02-23 00:00:00
229352,73260,2020-02-23 00:00:00
229353,73260,2020-02-23 00:00:00
229356,73260,2020-02-23 00:00:00
229357,73260,2020-02-23 00:00:00
229534,73260,2020-02-23 00:00:00
229535,73260,2020-02-23 00:00:00
229536,73260,2020-02-23 00:00:00
229342,73260,2020-02-23 00:00:00
229343,73260,2020-02-23 00:00:00
229344,73260,2020-02-23 00:00:00
229345,73260,2020-02-23 00:00:00
229346,73260,2020-02-23 00:00:00
229348,73260,2020-02-23 00:00:00
229349,73260,2020-02-23 00:00:00
229350,73260,2020-02-23 00:00:00
229517,73260,2020-02-23 00:00:00
229518,73260,2020-02-23 00:00:00
229519,73260,2020-02-23 00:00:00
229520,73260,2020-02-23 00:00:00
229521,73260,2020-02-23 00:00:00
229488,73260,2020-02-23 00:00:00
229489,73260,2020-02-23 00:00:00
229490,73260,2020-02-23 00:00:00
229361,73260,2020-02-23 00:00:00
229362,73260,2020-02-23 00:00:00
229364,73260,2020-02-23 00:00:00
229365,73260,2020-02-23 00:00:00
229366,73260,2020-02-23 00:00:00
229367,73260,2020-02-23 00:00:00
229368,73260,2020-02-23 00:00:00
229369,73260,2020-02-23 00:00:00
229370,73260,2020-02-23 00:00:00
229371,73260,2020-02-23 00:00:00
229372,73260,2020-02-23 00:00:00
229373,73260,2020-02-23 00:00:00
229374,73260,2020-02-23 00:00:00
229339,73260,2020-02-23 00:00:00
229340,73260,2020-02-23 00:00:00
229341,73260,2020-02-23 00:00:00
229378,73260,2020-02-23 00:00:00
229379,73260,2020-02-23 00:00:00
229380,73260,2020-02-23 00:00:00
229381,73260,2020-02-23 00:00:00
229382,73260,2020-02-23 00:00:00
229383,73260,2020-02-23 00:00:00
229384,73260,2020-02-23 00:00:00
229385,73260,2020-02-23 00:00:00
229386,73260,2020-02-23 00:00:00
229387,73260,2020-02-23 00:00:00
229388,73260,2020-02-23 00:00:00
229389,73260,2020-02-23 00:00:00
229390,73260,2020-02-23 00:00:00
229358,73260,2020-02-23 00:00:00
229359,73260,2020-02-23 00:00:00
229360,73260,2020-02-23 00:00:00
229394,73260,2020-02-23 00:00:00
229395,73260,2020-02-23 00:00:00
229396,73260,2020-02-23 00:00:00
229397,73260,2020-02-23 00:00:00
229398,73260,2020-02-23 00:00:00
229399,73260,2020-02-23 00:00:00
229400,73260,2020-02-23 00:00:00
229401,73260,2020-02-23 00:00:00
229402,73260,2020-02-23 00:00:00
229403,73260,2020-02-23 00:00:00
229404,73260,2020-02-23 00:00:00
229405,73260,2020-02-23 00:00:00
229406,73260,2020-02-23 00:00:00
229375,73260,2020-02-23 00:00:00
229376,73260,2020-02-23 00:00:00
229377,73260,2020-02-23 00:00:00
229409,73260,2020-02-23 00:00:00
229410,73260,2020-02-23 00:00:00
229411,73260,2020-02-23 00:00:00
229412,73260,2020-02-23 00:00:00
229413,73260,2020-02-23 00:00:00
229414,73260,2020-02-23 00:00:00
229415,73260,2020-02-23 00:00:00
229416,73260,2020-02-23 00:00:00
229417,73260,2020-02-23 00:00:00
229418,73260,2020-02-23 00:00:00
229419,73260,2020-02-23 00:00:00
229420,73260,2020-02-23 00:00:00
229421,73260,2020-02-23 00:00:00
228607,73264,2020-02-24 00:00:00
228606,73264,2020-02-24 00:00:00
228605,73264,2020-02-24 00:00:00
228549,73265,2020-02-24 06:00:00
228570,73265,2020-02-24 06:00:00
228589,73266,2020-02-24 12:00:00
228502,73266,2020-02-24 12:00:00
228588,73266,2020-02-24 12:00:00
228551,73266,2020-02-24 12:00:00
228487,73268,2020-02-25 00:00:00
228467,73269,2020-02-25 06:00:00
228531,73269,2020-02-25 06:00:00
228533,73269,2020-02-25 06:00:00
228539,73269,2020-02-25 06:00:00
228540,73269,2020-02-25 06:00:00
228568,73269,2020-02-25 06:00:00
228571,73269,2020-02-25 06:00:00
228577,73269,2020-02-25 06:00:00
228475,73269,2020-02-25 06:00:00
228512,73269,2020-02-25 06:00:00
228493,73269,2020-02-25 06:00:00
228503,73269,2020-02-25 06:00:00
228510,73269,2020-02-25 06:00:00
228511,73269,2020-02-25 06:00:00
228515,73269,2020-02-25 06:00:00
228522,73269,2020-02-25 06:00:00
228524,73269,2020-02-25 06:00:00
228541,73269,2020-02-25 06:00:00
228542,73269,2020-02-25 06:00:00
228550,73269,2020-02-25 06:00:00
228552,73269,2020-02-25 06:00:00
228557,73269,2020-02-25 06:00:00
228558,73269,2020-02-25 06:00:00
228560,73269,2020-02-25 06:00:00
228567,73269,2020-02-25 06:00:00
228476,73269,2020-02-25 06:00:00
228477,73269,2020-02-25 06:00:00
228484,73269,2020-02-25 06:00:00
228578,73269,2020-02-25 06:00:00
228579,73269,2020-02-25 06:00:00
228580,73269,2020-02-25 06:00:00
228587,73269,2020-02-25 06:00:00
228559,73269,2020-02-25 06:00:00
228590,73269,2020-02-25 06:00:00
228595,73269,2020-02-25 06:00:00
228596,73269,2020-02-25 06:00:00
228597,73269,2020-02-25 06:00:00
228598,73269,2020-02-25 06:00:00
228530,73269,2020-02-25 06:00:00
232279,73278,2020-02-27 12:00:00
228569,73278,2020-02-27 12:00:00
196484,73297,2020-03-03 06:00:00
143616,73350,2020-03-16 12:00:00
236719,73361,2020-03-19 06:00:00
196485,73390,2020-03-26 12:00:00
236780,73433,2020-04-06 06:00:00
236794,73433,2020-04-06 06:00:00
236744,73433,2020-04-06 06:00:00
236740,73433,2020-04-06 06:00:00
236734,73433,2020-04-06 06:00:00
236784,73433,2020-04-06 06:00:00
236781,73433,2020-04-06 06:00:00
236785,73433,2020-04-06 06:00:00
236788,73433,2020-04-06 06:00:00
236789,73433,2020-04-06 06:00:00
236767,73434,2020-04-06 12:00:00
236737,73434,2020-04-06 12:00:00
236792,73434,2020-04-06 12:00:00
236743,73434,2020-04-06 12:00:00
236793,73434,2020-04-06 12:00:00
236768,73434,2020-04-06 12:00:00
236739,73434,2020-04-06 12:00:00
236757,73434,2020-04-06 12:00:00
236758,73434,2020-04-06 12:00:00
236762,73434,2020-04-06 12:00:00
236763,73434,2020-04-06 12:00:00
236774,73445,2020-04-09 06:00:00
236777,73445,2020-04-09 06:00:00
236753,73445,2020-04-09 06:00:00
236747,73445,2020-04-09 06:00:00
236748,73445,2020-04-09 06:00:00
236772,73445,2020-04-09 06:00:00
236773,73445,2020-04-09 06:00:00
236754,73445,2020-04-09 06:00:00
236752,73445,2020-04-09 06:00:00
236727,73449,2020-04-10 06:00:00
236731,73449,2020-04-10 06:00:00
250735,74285,2020-11-05 06:00:00
77708,74309,2020-11-11 06:00:00
230788,74385,2020-11-30 06:00:00
230782,74385,2020-11-30 06:00:00
230783,74385,2020-11-30 06:00:00
230781,74385,2020-11-30 06:00:00
230796,74385,2020-11-30 06:00:00
230890,74385,2020-11-30 06:00:00
230767,74385,2020-11-30 06:00:00
227246,74385,2020-11-30 06:00:00
230879,74385,2020-11-30 06:00:00
230891,74385,2020-11-30 06:00:00
230806,74385,2020-11-30 06:00:00
230810,74385,2020-11-30 06:00:00
230768,74385,2020-11-30 06:00:00
230770,74385,2020-11-30 06:00:00
230793,74385,2020-11-30 06:00:00
230766,74385,2020-11-30 06:00:00
230780,74385,2020-11-30 06:00:00
230765,74385,2020-11-30 06:00:00
230779,74385,2020-11-30 06:00:00
230764,74385,2020-11-30 06:00:00
230774,74385,2020-11-30 06:00:00
230775,74385,2020-11-30 06:00:00
230776,74385,2020-11-30 06:00:00
230777,74385,2020-11-30 06:00:00
230778,74385,2020-11-30 06:00:00
230803,74385,2020-11-30 06:00:00
230800,74385,2020-11-30 06:00:00
230799,74385,2020-11-30 06:00:00
230826,74386,2020-11-30 12:00:00
230843,74386,2020-11-30 12:00:00
230823,74386,2020-11-30 12:00:00
230763,74386,2020-11-30 12:00:00
230797,74386,2020-11-30 12:00:00
227253,74386,2020-11-30 12:00:00
227250,74386,2020-11-30 12:00:00
230878,74386,2020-11-30 12:00:00
230847,74386,2020-11-30 12:00:00
230871,74386,2020-11-30 12:00:00
230854,74386,2020-11-30 12:00:00
230861,74386,2020-11-30 12:00:00
230790,74386,2020-11-30 12:00:00
230789,74386,2020-11-30 12:00:00
227245,74386,2020-11-30 12:00:00
230815,74386,2020-11-30 12:00:00
230849,74386,2020-11-30 12:00:00
230831,74386,2020-11-30 12:00:00
230787,74386,2020-11-30 12:00:00
230832,74386,2020-11-30 12:00:00
230801,74386,2020-11-30 12:00:00
230804,74386,2020-11-30 12:00:00
227256,74386,2020-11-30 12:00:00
230798,74386,2020-11-30 12:00:00
230805,74386,2020-11-30 12:00:00
230848,74386,2020-11-30 12:00:00
230807,74386,2020-11-30 12:00:00
230759,74386,2020-11-30 12:00:00
230811,74386,2020-11-30 12:00:00
230894,74389,2020-12-01 06:00:00
230893,74389,2020-12-01 06:00:00
230892,74389,2020-12-01 06:00:00
230792,74389,2020-12-01 06:00:00
230794,74389,2020-12-01 06:00:00
230771,74389,2020-12-01 06:00:00
230773,74389,2020-12-01 06:00:00
230784,74389,2020-12-01 06:00:00
230786,74389,2020-12-01 06:00:00
230785,74389,2020-12-01 06:00:00
230791,74389,2020-12-01 06:00:00
230814,74393,2020-12-02 06:00:00
230817,74397,2020-12-03 06:00:00
230769,74397,2020-12-03 06:00:00
251516,74402,2020-12-04 12:00:00
230772,74413,2020-12-07 06:00:00
230760,74413,2020-12-07 06:00:00
230851,74418,2020-12-08 12:00:00
230864,74418,2020-12-08 12:00:00
230830,74418,2020-12-08 12:00:00
230834,74418,2020-12-08 12:00:00
230812,74418,2020-12-08 12:00:00
230866,74418,2020-12-08 12:00:00
230820,74425,2020-12-10 06:00:00
230819,74425,2020-12-10 06:00:00
230818,74425,2020-12-10 06:00:00
230852,74425,2020-12-10 06:00:00
230857,74425,2020-12-10 06:00:00
230816,74426,2020-12-10 12:00:00
230821,74426,2020-12-10 12:00:00
230856,74429,2020-12-11 06:00:00
230855,74429,2020-12-11 06:00:00
230853,74429,2020-12-11 06:00:00
230873,74441,2020-12-14 06:00:00
230859,74441,2020-12-14 06:00:00
230827,74441,2020-12-14 06:00:00
230822,74441,2020-12-14 06:00:00
230867,74441,2020-12-14 06:00:00
230877,74441,2020-12-14 06:00:00
230835,74441,2020-12-14 06:00:00
230825,74441,2020-12-14 06:00:00
230758,74441,2020-12-14 06:00:00
230860,74449,2020-12-16 06:00:00
230858,74449,2020-12-16 06:00:00
230824,74477,2020-12-23 06:00:00
230869,74481,2020-12-24 06:00:00
230870,74481,2020-12-24 06:00:00
230872,74481,2020-12-24 06:00:00
230868,74481,2020-12-24 06:00:00
230762,74486,2020-12-25 12:00:00
230802,74502,2020-12-29 12:00:00
230833,74581,2021-01-18 06:00:00
230841,74582,2021-01-18 12:00:00
230842,74582,2021-01-18 12:00:00
230845,74582,2021-01-18 12:00:00
230809,74617,2021-01-27 06:00:00
230795,74617,2021-01-27 06:00:00
230808,74618,2021-01-27 12:00:00
230829,74618,2021-01-27 12:00:00
230761,74618,2021-01-27 12:00:00
162774,74618,2021-01-27 12:00:00
230836,74618,2021-01-27 12:00:00
230840,74618,2021-01-27 12:00:00
230837,74618,2021-01-27 12:00:00
230865,74618,2021-01-27 12:00:00
230828,74618,2021-01-27 12:00:00
230850,74618,2021-01-27 12:00:00
230838,74618,2021-01-27 12:00:00
230839,74618,2021-01-27 12:00:00
230844,74618,2021-01-27 12:00:00
230862,74618,2021-01-27 12:00:00
230876,74618,2021-01-27 12:00:00
230875,74618,2021-01-27 12:00:00
230863,74618,2021-01-27 12:00:00
230874,74618,2021-01-27 12:00:00
230813,74618,2021-01-27 12:00:00
255332,74862,2021-03-29 12:00:00
255334,74866,2021-03-30 12:00:00
255335,74866,2021-03-30 12:00:00
255333,74866,2021-03-30 12:00:00
256139,74968,2021-04-25 00:00:00
256168,75085,2021-05-24 06:00:00
258302,75145,2021-06-08 06:00:00
262169,75226,2021-06-28 12:00:00
262170,75226,2021-06-28 12:00:00
262011,75226,2021-06-28 12:00:00
262012,75226,2021-06-28 12:00:00
262014,75226,2021-06-28 12:00:00
261992,75226,2021-06-28 12:00:00
261993,75226,2021-06-28 12:00:00
261994,75226,2021-06-28 12:00:00
261995,75226,2021-06-28 12:00:00
261996,75226,2021-06-28 12:00:00
261997,75226,2021-06-28 12:00:00
261980,75226,2021-06-28 12:00:00
261981,75226,2021-06-28 12:00:00
261982,75226,2021-06-28 12:00:00
261983,75226,2021-06-28 12:00:00
261984,75226,2021-06-28 12:00:00
262146,75226,2021-06-28 12:00:00
262147,75226,2021-06-28 12:00:00
262148,75226,2021-06-28 12:00:00
262149,75226,2021-06-28 12:00:00
262150,75226,2021-06-28 12:00:00
262151,75226,2021-06-28 12:00:00
262152,75226,2021-06-28 12:00:00
262153,75226,2021-06-28 12:00:00
262154,75226,2021-06-28 12:00:00
262155,75226,2021-06-28 12:00:00
262647,75226,2021-06-28 12:00:00
262513,75226,2021-06-28 12:00:00
262509,75226,2021-06-28 12:00:00
262510,75226,2021-06-28 12:00:00
262543,75226,2021-06-28 12:00:00
262168,75226,2021-06-28 12:00:00
262511,75226,2021-06-28 12:00:00
262143,75226,2021-06-28 12:00:00
262099,75226,2021-06-28 12:00:00
262100,75226,2021-06-28 12:00:00
262101,75226,2021-06-28 12:00:00
262102,75226,2021-06-28 12:00:00
262103,75226,2021-06-28 12:00:00
262104,75226,2021-06-28 12:00:00
262105,75226,2021-06-28 12:00:00
262106,75226,2021-06-28 12:00:00
262107,75226,2021-06-28 12:00:00
262108,75226,2021-06-28 12:00:00
262109,75226,2021-06-28 12:00:00
262110,75226,2021-06-28 12:00:00
262156,75226,2021-06-28 12:00:00
262157,75226,2021-06-28 12:00:00
262090,75226,2021-06-28 12:00:00
262091,75226,2021-06-28 12:00:00
262092,75226,2021-06-28 12:00:00
262093,75226,2021-06-28 12:00:00
262094,75226,2021-06-28 12:00:00
262654,75226,2021-06-28 12:00:00
262659,75226,2021-06-28 12:00:00
262660,75226,2021-06-28 12:00:00
262661,75226,2021-06-28 12:00:00
262663,75226,2021-06-28 12:00:00
262664,75226,2021-06-28 12:00:00
262665,75226,2021-06-28 12:00:00
262666,75226,2021-06-28 12:00:00
262667,75226,2021-06-28 12:00:00
262668,75226,2021-06-28 12:00:00
262127,75226,2021-06-28 12:00:00
262673,75226,2021-06-28 12:00:00
262674,75226,2021-06-28 12:00:00
262675,75226,2021-06-28 12:00:00
262627,75226,2021-06-28 12:00:00
262628,75226,2021-06-28 12:00:00
262111,75226,2021-06-28 12:00:00
262112,75226,2021-06-28 12:00:00
262158,75226,2021-06-28 12:00:00
262114,75226,2021-06-28 12:00:00
262083,75226,2021-06-28 12:00:00
262084,75226,2021-06-28 12:00:00
262085,75226,2021-06-28 12:00:00
262086,75226,2021-06-28 12:00:00
262087,75226,2021-06-28 12:00:00
262088,75226,2021-06-28 12:00:00
262089,75226,2021-06-28 12:00:00
262078,75226,2021-06-28 12:00:00
262551,75226,2021-06-28 12:00:00
262552,75226,2021-06-28 12:00:00
262553,75226,2021-06-28 12:00:00
262572,75226,2021-06-28 12:00:00
262573,75226,2021-06-28 12:00:00
262574,75226,2021-06-28 12:00:00
262558,75226,2021-06-28 12:00:00
262559,75226,2021-06-28 12:00:00
262560,75226,2021-06-28 12:00:00
262561,75226,2021-06-28 12:00:00
262562,75226,2021-06-28 12:00:00
262669,75226,2021-06-28 12:00:00
262670,75226,2021-06-28 12:00:00
262671,75226,2021-06-28 12:00:00
262672,75226,2021-06-28 12:00:00
262549,75226,2021-06-28 12:00:00
262095,75226,2021-06-28 12:00:00
262096,75226,2021-06-28 12:00:00
262142,75226,2021-06-28 12:00:00
262098,75226,2021-06-28 12:00:00
262067,75226,2021-06-28 12:00:00
262068,75226,2021-06-28 12:00:00
262069,75226,2021-06-28 12:00:00
262070,75226,2021-06-28 12:00:00
262071,75226,2021-06-28 12:00:00
262072,75226,2021-06-28 12:00:00
262073,75226,2021-06-28 12:00:00
262074,75226,2021-06-28 12:00:00
262075,75226,2021-06-28 12:00:00
262076,75226,2021-06-28 12:00:00
262077,75226,2021-06-28 12:00:00
262571,75226,2021-06-28 12:00:00
262676,75226,2021-06-28 12:00:00
262677,75226,2021-06-28 12:00:00
262678,75226,2021-06-28 12:00:00
262679,75226,2021-06-28 12:00:00
262680,75226,2021-06-28 12:00:00
262681,75226,2021-06-28 12:00:00
262682,75226,2021-06-28 12:00:00
262683,75226,2021-06-28 12:00:00
262684,75226,2021-06-28 12:00:00
262563,75226,2021-06-28 12:00:00
262564,75226,2021-06-28 12:00:00
262565,75226,2021-06-28 12:00:00
262545,75226,2021-06-28 12:00:00
262546,75226,2021-06-28 12:00:00
262548,75226,2021-06-28 12:00:00
262686,75226,2021-06-28 12:00:00
262687,75226,2021-06-28 12:00:00
262688,75226,2021-06-28 12:00:00
262689,75226,2021-06-28 12:00:00
262690,75226,2021-06-28 12:00:00
262691,75226,2021-06-28 12:00:00
262531,75226,2021-06-28 12:00:00
262532,75226,2021-06-28 12:00:00
262534,75226,2021-06-28 12:00:00
262535,75226,2021-06-28 12:00:00
262536,75226,2021-06-28 12:00:00
262537,75226,2021-06-28 12:00:00
262538,75226,2021-06-28 12:00:00
262554,75226,2021-06-28 12:00:00
262556,75226,2021-06-28 12:00:00
262636,75226,2021-06-28 12:00:00
262568,75226,2021-06-28 12:00:00
262544,75226,2021-06-28 12:00:00
262079,75226,2021-06-28 12:00:00
262080,75226,2021-06-28 12:00:00
262113,75226,2021-06-28 12:00:00
262082,75226,2021-06-28 12:00:00
262053,75226,2021-06-28 12:00:00
262054,75226,2021-06-28 12:00:00
262056,75226,2021-06-28 12:00:00
262057,75226,2021-06-28 12:00:00
262058,75226,2021-06-28 12:00:00
262059,75226,2021-06-28 12:00:00
262060,75226,2021-06-28 12:00:00
262061,75226,2021-06-28 12:00:00
262062,75226,2021-06-28 12:00:00
262685,75226,2021-06-28 12:00:00
262035,75226,2021-06-28 12:00:00
262036,75226,2021-06-28 12:00:00
262037,75226,2021-06-28 12:00:00
262038,75226,2021-06-28 12:00:00
262039,75226,2021-06-28 12:00:00
262040,75226,2021-06-28 12:00:00
262041,75226,2021-06-28 12:00:00
262697,75226,2021-06-28 12:00:00
262698,75226,2021-06-28 12:00:00
262699,75226,2021-06-28 12:00:00
262700,75226,2021-06-28 12:00:00
262539,75226,2021-06-28 12:00:00
262540,75226,2021-06-28 12:00:00
262541,75226,2021-06-28 12:00:00
262566,75226,2021-06-28 12:00:00
262567,75226,2021-06-28 12:00:00
262517,75226,2021-06-28 12:00:00
262518,75226,2021-06-28 12:00:00
262519,75226,2021-06-28 12:00:00
262692,75226,2021-06-28 12:00:00
262693,75226,2021-06-28 12:00:00
262694,75226,2021-06-28 12:00:00
262695,75226,2021-06-28 12:00:00
262696,75226,2021-06-28 12:00:00
262063,75226,2021-06-28 12:00:00
262064,75226,2021-06-28 12:00:00
262097,75226,2021-06-28 12:00:00
262066,75226,2021-06-28 12:00:00
262031,75226,2021-06-28 12:00:00
262032,75226,2021-06-28 12:00:00
262033,75226,2021-06-28 12:00:00
262034,75226,2021-06-28 12:00:00
262707,75226,2021-06-28 12:00:00
262708,75226,2021-06-28 12:00:00
262515,75226,2021-06-28 12:00:00
262081,75226,2021-06-28 12:00:00
262016,75226,2021-06-28 12:00:00
262017,75226,2021-06-28 12:00:00
262018,75226,2021-06-28 12:00:00
262019,75226,2021-06-28 12:00:00
262020,75226,2021-06-28 12:00:00
262021,75226,2021-06-28 12:00:00
262022,75226,2021-06-28 12:00:00
262023,75226,2021-06-28 12:00:00
262024,75226,2021-06-28 12:00:00
262025,75226,2021-06-28 12:00:00
262026,75226,2021-06-28 12:00:00
262516,75226,2021-06-28 12:00:00
262525,75226,2021-06-28 12:00:00
262526,75226,2021-06-28 12:00:00
262557,75226,2021-06-28 12:00:00
262528,75226,2021-06-28 12:00:00
262529,75226,2021-06-28 12:00:00
262530,75226,2021-06-28 12:00:00
261893,75226,2021-06-28 12:00:00
261894,75226,2021-06-28 12:00:00
261895,75226,2021-06-28 12:00:00
261909,75226,2021-06-28 12:00:00
262701,75226,2021-06-28 12:00:00
262702,75226,2021-06-28 12:00:00
262703,75226,2021-06-28 12:00:00
262704,75226,2021-06-28 12:00:00
262705,75226,2021-06-28 12:00:00
262706,75226,2021-06-28 12:00:00
261883,75226,2021-06-28 12:00:00
261884,75226,2021-06-28 12:00:00
261885,75226,2021-06-28 12:00:00
261886,75226,2021-06-28 12:00:00
261887,75226,2021-06-28 12:00:00
261888,75226,2021-06-28 12:00:00
261889,75226,2021-06-28 12:00:00
261890,75226,2021-06-28 12:00:00
261891,75226,2021-06-28 12:00:00
261925,75226,2021-06-28 12:00:00
261926,75226,2021-06-28 12:00:00
262520,75226,2021-06-28 12:00:00
262521,75226,2021-06-28 12:00:00
262522,75226,2021-06-28 12:00:00
262523,75226,2021-06-28 12:00:00
262524,75226,2021-06-28 12:00:00
261951,75226,2021-06-28 12:00:00
261927,75226,2021-06-28 12:00:00
261898,75226,2021-06-28 12:00:00
261899,75226,2021-06-28 12:00:00
261900,75226,2021-06-28 12:00:00
261901,75226,2021-06-28 12:00:00
261903,75226,2021-06-28 12:00:00
261905,75226,2021-06-28 12:00:00
261906,75226,2021-06-28 12:00:00
261907,75226,2021-06-28 12:00:00
261908,75226,2021-06-28 12:00:00
261939,75226,2021-06-28 12:00:00
261940,75226,2021-06-28 12:00:00
261910,75226,2021-06-28 12:00:00
261911,75226,2021-06-28 12:00:00
261882,75226,2021-06-28 12:00:00
262028,75226,2021-06-28 12:00:00
262065,75226,2021-06-28 12:00:00
262030,75226,2021-06-28 12:00:00
261999,75226,2021-06-28 12:00:00
262000,75226,2021-06-28 12:00:00
262001,75226,2021-06-28 12:00:00
262002,75226,2021-06-28 12:00:00
262003,75226,2021-06-28 12:00:00
262004,75226,2021-06-28 12:00:00
262005,75226,2021-06-28 12:00:00
262006,75226,2021-06-28 12:00:00
262007,75226,2021-06-28 12:00:00
262008,75226,2021-06-28 12:00:00
262009,75226,2021-06-28 12:00:00
261923,75226,2021-06-28 12:00:00
261950,75226,2021-06-28 12:00:00
261937,75226,2021-06-28 12:00:00
261938,75226,2021-06-28 12:00:00
261972,75226,2021-06-28 12:00:00
261973,75226,2021-06-28 12:00:00
261941,75226,2021-06-28 12:00:00
261912,75226,2021-06-28 12:00:00
261913,75226,2021-06-28 12:00:00
261914,75226,2021-06-28 12:00:00
261915,75226,2021-06-28 12:00:00
261916,75226,2021-06-28 12:00:00
261917,75226,2021-06-28 12:00:00
261919,75226,2021-06-28 12:00:00
261920,75226,2021-06-28 12:00:00
261921,75226,2021-06-28 12:00:00
261922,75226,2021-06-28 12:00:00
262027,75226,2021-06-28 12:00:00
261948,75226,2021-06-28 12:00:00
261949,75226,2021-06-28 12:00:00
261988,75226,2021-06-28 12:00:00
261989,75226,2021-06-28 12:00:00
261952,75226,2021-06-28 12:00:00
261953,75226,2021-06-28 12:00:00
261954,75226,2021-06-28 12:00:00
261928,75226,2021-06-28 12:00:00
261929,75226,2021-06-28 12:00:00
261930,75226,2021-06-28 12:00:00
261931,75226,2021-06-28 12:00:00
261932,75226,2021-06-28 12:00:00
261933,75226,2021-06-28 12:00:00
261934,75226,2021-06-28 12:00:00
261935,75226,2021-06-28 12:00:00
261936,75226,2021-06-28 12:00:00
261970,75226,2021-06-28 12:00:00
261971,75226,2021-06-28 12:00:00
262013,75226,2021-06-28 12:00:00
261991,75226,2021-06-28 12:00:00
261974,75226,2021-06-28 12:00:00
261955,75226,2021-06-28 12:00:00
261956,75226,2021-06-28 12:00:00
261957,75226,2021-06-28 12:00:00
261958,75226,2021-06-28 12:00:00
261959,75226,2021-06-28 12:00:00
261942,75226,2021-06-28 12:00:00
261943,75226,2021-06-28 12:00:00
261944,75226,2021-06-28 12:00:00
261945,75226,2021-06-28 12:00:00
261946,75226,2021-06-28 12:00:00
261947,75226,2021-06-28 12:00:00
261985,75226,2021-06-28 12:00:00
261986,75226,2021-06-28 12:00:00
261987,75226,2021-06-28 12:00:00
262029,75226,2021-06-28 12:00:00
261998,75226,2021-06-28 12:00:00
261990,75226,2021-06-28 12:00:00
261975,75226,2021-06-28 12:00:00
261976,75226,2021-06-28 12:00:00
261977,75226,2021-06-28 12:00:00
261978,75226,2021-06-28 12:00:00
261979,75226,2021-06-28 12:00:00
261960,75226,2021-06-28 12:00:00
261966,75226,2021-06-28 12:00:00
261967,75226,2021-06-28 12:00:00
261968,75226,2021-06-28 12:00:00
261969,75226,2021-06-28 12:00:00
262527,75226,2021-06-28 12:00:00
262159,75226,2021-06-28 12:00:00
262115,75226,2021-06-28 12:00:00
262116,75226,2021-06-28 12:00:00
262117,75226,2021-06-28 12:00:00
262118,75226,2021-06-28 12:00:00
262119,75226,2021-06-28 12:00:00
262120,75226,2021-06-28 12:00:00
262121,75226,2021-06-28 12:00:00
262122,75226,2021-06-28 12:00:00
262123,75226,2021-06-28 12:00:00
262124,75226,2021-06-28 12:00:00
262125,75226,2021-06-28 12:00:00
262126,75226,2021-06-28 12:00:00
262144,75226,2021-06-28 12:00:00
262145,75226,2021-06-28 12:00:00
262167,75226,2021-06-28 12:00:00
262166,75226,2021-06-28 12:00:00
262165,75226,2021-06-28 12:00:00
262164,75226,2021-06-28 12:00:00
262163,75226,2021-06-28 12:00:00
262162,75226,2021-06-28 12:00:00
262161,75226,2021-06-28 12:00:00
262160,75226,2021-06-28 12:00:00
262514,75226,2021-06-28 12:00:00
262512,75226,2021-06-28 12:00:00
262618,75227,2021-06-28 18:00:00
261896,75227,2021-06-28 18:00:00
261961,75227,2021-06-28 18:00:00
261904,75227,2021-06-28 18:00:00
261924,75227,2021-06-28 18:00:00
261918,75227,2021-06-28 18:00:00
262050,75227,2021-06-28 18:00:00
262052,75227,2021-06-28 18:00:00
262629,75227,2021-06-28 18:00:00
262583,75227,2021-06-28 18:00:00
262569,75227,2021-06-28 18:00:00
262641,75227,2021-06-28 18:00:00
262049,75228,2021-06-29 00:00:00
262615,75228,2021-06-29 00:00:00
261897,75228,2021-06-29 00:00:00
261902,75228,2021-06-29 00:00:00
262591,75228,2021-06-29 00:00:00
262635,75228,2021-06-29 00:00:00
262631,75228,2021-06-29 00:00:00
262630,75228,2021-06-29 00:00:00
262662,75228,2021-06-29 00:00:00
262652,75228,2021-06-29 00:00:00
262587,75228,2021-06-29 00:00:00
262623,75228,2021-06-29 00:00:00
262051,75228,2021-06-29 00:00:00
262570,75228,2021-06-29 00:00:00
262533,75228,2021-06-29 00:00:00
262555,75228,2021-06-29 00:00:00
262048,75228,2021-06-29 00:00:00
262542,75228,2021-06-29 00:00:00
262619,75228,2021-06-29 00:00:00
262612,75228,2021-06-29 00:00:00
262600,75228,2021-06-29 00:00:00
262645,75228,2021-06-29 00:00:00
262639,75228,2021-06-29 00:00:00
262651,75228,2021-06-29 00:00:00
262634,75229,2021-06-29 06:00:00
262055,75229,2021-06-29 06:00:00
262592,75229,2021-06-29 06:00:00
262590,75229,2021-06-29 06:00:00
262650,75229,2021-06-29 06:00:00
262595,75229,2021-06-29 06:00:00
262579,75229,2021-06-29 06:00:00
262594,75229,2021-06-29 06:00:00
262547,75229,2021-06-29 06:00:00
262550,75229,2021-06-29 06:00:00
262593,75229,2021-06-29 06:00:00
262622,75229,2021-06-29 06:00:00
262010,75229,2021-06-29 06:00:00
261892,75229,2021-06-29 06:00:00
262596,75229,2021-06-29 06:00:00
262046,75229,2021-06-29 06:00:00
262047,75229,2021-06-29 06:00:00
262614,75229,2021-06-29 06:00:00
262613,75229,2021-06-29 06:00:00
262616,75229,2021-06-29 06:00:00
262015,75229,2021-06-29 06:00:00
262589,75229,2021-06-29 06:00:00
262588,75229,2021-06-29 06:00:00
262586,75229,2021-06-29 06:00:00
262620,75229,2021-06-29 06:00:00
262621,75229,2021-06-29 06:00:00
262633,75229,2021-06-29 06:00:00
262617,75229,2021-06-29 06:00:00
262607,75229,2021-06-29 06:00:00
262605,75229,2021-06-29 06:00:00
262653,75229,2021-06-29 06:00:00
262624,75229,2021-06-29 06:00:00
262625,75229,2021-06-29 06:00:00
262580,75229,2021-06-29 06:00:00
262626,75229,2021-06-29 06:00:00
262604,75229,2021-06-29 06:00:00
262606,75229,2021-06-29 06:00:00
262649,75229,2021-06-29 06:00:00
262632,75229,2021-06-29 06:00:00
262597,75229,2021-06-29 06:00:00
262598,75229,2021-06-29 06:00:00
262610,75229,2021-06-29 06:00:00
262602,75229,2021-06-29 06:00:00
262601,75229,2021-06-29 06:00:00
262637,75229,2021-06-29 06:00:00
262608,75229,2021-06-29 06:00:00
262599,75229,2021-06-29 06:00:00
262609,75229,2021-06-29 06:00:00
262611,75229,2021-06-29 06:00:00
262648,75229,2021-06-29 06:00:00
262646,75229,2021-06-29 06:00:00
262644,75229,2021-06-29 06:00:00
262638,75229,2021-06-29 06:00:00
262643,75229,2021-06-29 06:00:00
262642,75229,2021-06-29 06:00:00
262640,75229,2021-06-29 06:00:00
262584,75229,2021-06-29 06:00:00
262585,75229,2021-06-29 06:00:00
262581,75229,2021-06-29 06:00:00
262582,75229,2021-06-29 06:00:00
262603,75229,2021-06-29 06:00:00
262312,75230,2021-06-29 12:00:00
261872,75230,2021-06-29 12:00:00
262132,75230,2021-06-29 12:00:00
262813,75297,2021-07-16 06:00:00
262825,75325,2021-07-23 06:00:00
230911,75370,2021-08-03 12:00:00
230651,75370,2021-08-03 12:00:00
230568,75370,2021-08-03 12:00:00
230903,75370,2021-08-03 12:00:00
230558,75371,2021-08-03 18:00:00
230548,75371,2021-08-03 18:00:00
230946,75373,2021-08-04 06:00:00
230945,75373,2021-08-04 06:00:00
230923,75373,2021-08-04 06:00:00
230944,75373,2021-08-04 06:00:00
230553,75373,2021-08-04 06:00:00
230909,75373,2021-08-04 06:00:00
230942,75374,2021-08-04 12:00:00
230931,75375,2021-08-04 18:00:00
230912,75375,2021-08-04 18:00:00
230933,75375,2021-08-04 18:00:00
230937,75375,2021-08-04 18:00:00
230915,75375,2021-08-04 18:00:00
230947,75376,2021-08-05 00:00:00
230950,75376,2021-08-05 00:00:00
230927,75376,2021-08-05 00:00:00
230908,75376,2021-08-05 00:00:00
230938,75376,2021-08-05 00:00:00
230930,75376,2021-08-05 00:00:00
230941,75376,2021-08-05 00:00:00
230919,75377,2021-08-05 06:00:00
230914,75377,2021-08-05 06:00:00
230934,75377,2021-08-05 06:00:00
230935,75377,2021-08-05 06:00:00
230939,75377,2021-08-05 06:00:00
230926,75377,2021-08-05 06:00:00
230922,75377,2021-08-05 06:00:00
230948,75377,2021-08-05 06:00:00
230951,75377,2021-08-05 06:00:00
230918,75377,2021-08-05 06:00:00
230906,75377,2021-08-05 06:00:00
230907,75377,2021-08-05 06:00:00
230905,75377,2021-08-05 06:00:00
230603,75397,2021-08-10 06:00:00
230623,75401,2021-08-11 06:00:00
230613,75402,2021-08-11 12:00:00
230593,75402,2021-08-11 12:00:00
230578,75402,2021-08-11 12:00:00
230647,75402,2021-08-11 12:00:00
230583,75402,2021-08-11 12:00:00
230543,75402,2021-08-11 12:00:00
230563,75402,2021-08-11 12:00:00
230608,75402,2021-08-11 12:00:00
230618,75402,2021-08-11 12:00:00
230598,75402,2021-08-11 12:00:00
230628,75402,2021-08-11 12:00:00
230588,75402,2021-08-11 12:00:00
230649,75402,2021-08-11 12:00:00
230633,75402,2021-08-11 12:00:00
230573,75402,2021-08-11 12:00:00
212488,75493,2021-09-03 06:00:00
212476,75493,2021-09-03 06:00:00
212475,75495,2021-09-03 18:00:00
212481,75495,2021-09-03 18:00:00
212474,75495,2021-09-03 18:00:00
212478,75495,2021-09-03 18:00:00
212511,75497,2021-09-04 06:00:00
212487,75506,2021-09-06 12:00:00
212479,75510,2021-09-07 12:00:00
212477,75510,2021-09-07 12:00:00
212512,75510,2021-09-07 12:00:00
212515,75510,2021-09-07 12:00:00
212525,75510,2021-09-07 12:00:00
212522,75510,2021-09-07 12:00:00
212516,75510,2021-09-07 12:00:00
212526,75510,2021-09-07 12:00:00
212514,75510,2021-09-07 12:00:00
212513,75510,2021-09-07 12:00:00
212502,75510,2021-09-07 12:00:00
212503,75510,2021-09-07 12:00:00
212490,75510,2021-09-07 12:00:00
212491,75510,2021-09-07 12:00:00
212492,75510,2021-09-07 12:00:00
212499,75510,2021-09-07 12:00:00
212500,75510,2021-09-07 12:00:00
212501,75510,2021-09-07 12:00:00
212510,75510,2021-09-07 12:00:00
212509,75510,2021-09-07 12:00:00
262945,75537,2021-09-14 06:00:00
262944,75537,2021-09-14 06:00:00
262943,75537,2021-09-14 06:00:00
262947,75538,2021-09-14 12:00:00
263350,75629,2021-10-07 06:00:00
263349,75629,2021-10-07 06:00:00
263372,75629,2021-10-07 06:00:00
263348,75629,2021-10-07 06:00:00
263357,75629,2021-10-07 06:00:00
263356,75629,2021-10-07 06:00:00
263352,75629,2021-10-07 06:00:00
263353,75629,2021-10-07 06:00:00
263365,75629,2021-10-07 06:00:00
263364,75629,2021-10-07 06:00:00
263373,75629,2021-10-07 06:00:00
263361,75629,2021-10-07 06:00:00
263359,75629,2021-10-07 06:00:00
263358,75629,2021-10-07 06:00:00
263369,75629,2021-10-07 06:00:00
263407,75650,2021-10-12 12:00:00
263405,75670,2021-10-17 12:00:00
171554,75678,2021-10-19 12:00:00
171538,75678,2021-10-19 12:00:00
171545,75678,2021-10-19 12:00:00
171542,75678,2021-10-19 12:00:00
263404,75683,2021-10-20 18:00:00
263346,75683,2021-10-20 18:00:00
263345,75683,2021-10-20 18:00:00
263347,75683,2021-10-20 18:00:00
171537,75685,2021-10-21 06:00:00
171544,75685,2021-10-21 06:00:00
171550,75685,2021-10-21 06:00:00
171540,75685,2021-10-21 06:00:00
263406,75702,2021-10-25 12:00:00
263362,75702,2021-10-25 12:00:00
263363,75702,2021-10-25 12:00:00
263371,75703,2021-10-25 18:00:00
263355,75703,2021-10-25 18:00:00
263370,75703,2021-10-25 18:00:00
263354,75703,2021-10-25 18:00:00
263367,75703,2021-10-25 18:00:00
263408,75703,2021-10-25 18:00:00
263368,75703,2021-10-25 18:00:00
267613,75789,2021-11-16 06:00:00
267551,75793,2021-11-17 06:00:00
266707,75797,2021-11-18 06:00:00
267588,75797,2021-11-18 06:00:00
266718,75797,2021-11-18 06:00:00
267653,75798,2021-11-18 12:00:00
267864,75802,2021-11-19 12:00:00
266699,75814,2021-11-22 12:00:00
267492,75819,2021-11-23 18:00:00
268061,75874,2021-12-07 12:00:00
268025,75874,2021-12-07 12:00:00
268123,75874,2021-12-07 12:00:00
268113,75874,2021-12-07 12:00:00
268298,75874,2021-12-07 12:00:00
268288,75874,2021-12-07 12:00:00
268183,75874,2021-12-07 12:00:00
268133,75874,2021-12-07 12:00:00
268193,75874,2021-12-07 12:00:00
268019,75874,2021-12-07 12:00:00
268057,75874,2021-12-07 12:00:00
268223,75874,2021-12-07 12:00:00
268105,75874,2021-12-07 12:00:00
268048,75874,2021-12-07 12:00:00
268153,75874,2021-12-07 12:00:00
268035,75874,2021-12-07 12:00:00
268043,75874,2021-12-07 12:00:00
268283,75874,2021-12-07 12:00:00
268273,75874,2021-12-07 12:00:00
268278,75874,2021-12-07 12:00:00
268263,75874,2021-12-07 12:00:00
268213,75874,2021-12-07 12:00:00
268208,75874,2021-12-07 12:00:00
268268,75874,2021-12-07 12:00:00
268034,75874,2021-12-07 12:00:00
268248,75874,2021-12-07 12:00:00
268218,75874,2021-12-07 12:00:00
267973,75874,2021-12-07 12:00:00
268060,75874,2021-12-07 12:00:00
268053,75874,2021-12-07 12:00:00
267983,75874,2021-12-07 12:00:00
268168,75874,2021-12-07 12:00:00
268138,75875,2021-12-07 18:00:00
268253,75875,2021-12-07 18:00:00
268128,75875,2021-12-07 18:00:00
268163,75875,2021-12-07 18:00:00
268243,75875,2021-12-07 18:00:00
268158,75875,2021-12-07 18:00:00
268178,75875,2021-12-07 18:00:00
268238,75875,2021-12-07 18:00:00
268258,75876,2021-12-08 00:00:00
268173,75876,2021-12-08 00:00:00
268228,75876,2021-12-08 00:00:00
268233,75876,2021-12-08 00:00:00
268052,75877,2021-12-08 06:00:00
268118,75877,2021-12-08 06:00:00
268106,75877,2021-12-08 06:00:00
268293,75877,2021-12-08 06:00:00
268148,75877,2021-12-08 06:00:00
268047,75877,2021-12-08 06:00:00
268143,75878,2021-12-08 12:00:00
268198,75880,2021-12-09 00:00:00
268066,75881,2021-12-09 06:00:00
268075,75881,2021-12-09 06:00:00
268074,75881,2021-12-09 06:00:00
268090,75881,2021-12-09 06:00:00
268099,75882,2021-12-09 12:00:00
268102,75882,2021-12-09 12:00:00
268081,75882,2021-12-09 12:00:00
268086,75882,2021-12-09 12:00:00
268096,75882,2021-12-09 12:00:00
268091,75882,2021-12-09 12:00:00
268038,75882,2021-12-09 12:00:00
268042,75882,2021-12-09 12:00:00
268067,75882,2021-12-09 12:00:00
268070,75882,2021-12-09 12:00:00
268069,75882,2021-12-09 12:00:00
268068,75882,2021-12-09 12:00:00
268188,75882,2021-12-09 12:00:00
268203,75882,2021-12-09 12:00:00
268109,75882,2021-12-09 12:00:00
267694,75885,2021-12-10 06:00:00
267523,75885,2021-12-10 06:00:00
267522,75885,2021-12-10 06:00:00
267521,75885,2021-12-10 06:00:00
267520,75885,2021-12-10 06:00:00
267519,75885,2021-12-10 06:00:00
267518,75885,2021-12-10 06:00:00
267517,75885,2021-12-10 06:00:00
267516,75885,2021-12-10 06:00:00
267515,75885,2021-12-10 06:00:00
267498,75885,2021-12-10 06:00:00
267493,75885,2021-12-10 06:00:00
267496,75885,2021-12-10 06:00:00
267495,75885,2021-12-10 06:00:00
266793,75885,2021-12-10 06:00:00
267525,75885,2021-12-10 06:00:00
267689,75885,2021-12-10 06:00:00
267539,75885,2021-12-10 06:00:00
267538,75885,2021-12-10 06:00:00
267537,75885,2021-12-10 06:00:00
267536,75885,2021-12-10 06:00:00
267535,75885,2021-12-10 06:00:00
267534,75885,2021-12-10 06:00:00
267533,75885,2021-12-10 06:00:00
267532,75885,2021-12-10 06:00:00
267531,75885,2021-12-10 06:00:00
267530,75885,2021-12-10 06:00:00
267497,75885,2021-12-10 06:00:00
267528,75885,2021-12-10 06:00:00
267527,75885,2021-12-10 06:00:00
267526,75885,2021-12-10 06:00:00
267507,75885,2021-12-10 06:00:00
267708,75885,2021-12-10 06:00:00
267707,75885,2021-12-10 06:00:00
267706,75885,2021-12-10 06:00:00
267705,75885,2021-12-10 06:00:00
267704,75885,2021-12-10 06:00:00
267703,75885,2021-12-10 06:00:00
267702,75885,2021-12-10 06:00:00
267701,75885,2021-12-10 06:00:00
267700,75885,2021-12-10 06:00:00
267699,75885,2021-12-10 06:00:00
267698,75885,2021-12-10 06:00:00
267513,75885,2021-12-10 06:00:00
267544,75885,2021-12-10 06:00:00
267543,75885,2021-12-10 06:00:00
267542,75885,2021-12-10 06:00:00
267541,75885,2021-12-10 06:00:00
267560,75885,2021-12-10 06:00:00
267559,75885,2021-12-10 06:00:00
267558,75885,2021-12-10 06:00:00
267557,75885,2021-12-10 06:00:00
267552,75885,2021-12-10 06:00:00
267550,75885,2021-12-10 06:00:00
267549,75885,2021-12-10 06:00:00
267548,75885,2021-12-10 06:00:00
267547,75885,2021-12-10 06:00:00
267546,75885,2021-12-10 06:00:00
267545,75885,2021-12-10 06:00:00
267713,75885,2021-12-10 06:00:00
267712,75885,2021-12-10 06:00:00
267711,75885,2021-12-10 06:00:00
267710,75885,2021-12-10 06:00:00
267709,75885,2021-12-10 06:00:00
267724,75885,2021-12-10 06:00:00
267723,75885,2021-12-10 06:00:00
267722,75885,2021-12-10 06:00:00
267721,75885,2021-12-10 06:00:00
267720,75885,2021-12-10 06:00:00
267719,75885,2021-12-10 06:00:00
267718,75885,2021-12-10 06:00:00
267717,75885,2021-12-10 06:00:00
267716,75885,2021-12-10 06:00:00
267715,75885,2021-12-10 06:00:00
267714,75885,2021-12-10 06:00:00
267529,75885,2021-12-10 06:00:00
267564,75885,2021-12-10 06:00:00
267563,75885,2021-12-10 06:00:00
267562,75885,2021-12-10 06:00:00
267561,75885,2021-12-10 06:00:00
267743,75885,2021-12-10 06:00:00
267742,75885,2021-12-10 06:00:00
267741,75885,2021-12-10 06:00:00
267740,75885,2021-12-10 06:00:00
267739,75885,2021-12-10 06:00:00
267738,75885,2021-12-10 06:00:00
267737,75885,2021-12-10 06:00:00
267736,75885,2021-12-10 06:00:00
267735,75885,2021-12-10 06:00:00
267734,75885,2021-12-10 06:00:00
267733,75885,2021-12-10 06:00:00
267729,75885,2021-12-10 06:00:00
267728,75885,2021-12-10 06:00:00
267727,75885,2021-12-10 06:00:00
267726,75885,2021-12-10 06:00:00
267725,75885,2021-12-10 06:00:00
267759,75885,2021-12-10 06:00:00
267758,75885,2021-12-10 06:00:00
267757,75885,2021-12-10 06:00:00
267756,75885,2021-12-10 06:00:00
267755,75885,2021-12-10 06:00:00
267754,75885,2021-12-10 06:00:00
267753,75885,2021-12-10 06:00:00
267752,75885,2021-12-10 06:00:00
267751,75885,2021-12-10 06:00:00
267750,75885,2021-12-10 06:00:00
267749,75885,2021-12-10 06:00:00
267748,75885,2021-12-10 06:00:00
267747,75885,2021-12-10 06:00:00
267746,75885,2021-12-10 06:00:00
267745,75885,2021-12-10 06:00:00
267744,75885,2021-12-10 06:00:00
267775,75885,2021-12-10 06:00:00
267774,75885,2021-12-10 06:00:00
267773,75885,2021-12-10 06:00:00
267772,75885,2021-12-10 06:00:00
267771,75885,2021-12-10 06:00:00
267770,75885,2021-12-10 06:00:00
267769,75885,2021-12-10 06:00:00
267768,75885,2021-12-10 06:00:00
267767,75885,2021-12-10 06:00:00
267766,75885,2021-12-10 06:00:00
267765,75885,2021-12-10 06:00:00
267764,75885,2021-12-10 06:00:00
267763,75885,2021-12-10 06:00:00
267762,75885,2021-12-10 06:00:00
267761,75885,2021-12-10 06:00:00
267760,75885,2021-12-10 06:00:00
267791,75885,2021-12-10 06:00:00
267790,75885,2021-12-10 06:00:00
267789,75885,2021-12-10 06:00:00
267788,75885,2021-12-10 06:00:00
267787,75885,2021-12-10 06:00:00
267786,75885,2021-12-10 06:00:00
267785,75885,2021-12-10 06:00:00
267784,75885,2021-12-10 06:00:00
267783,75885,2021-12-10 06:00:00
267782,75885,2021-12-10 06:00:00
267781,75885,2021-12-10 06:00:00
267780,75885,2021-12-10 06:00:00
267779,75885,2021-12-10 06:00:00
267778,75885,2021-12-10 06:00:00
267777,75885,2021-12-10 06:00:00
267776,75885,2021-12-10 06:00:00
267810,75885,2021-12-10 06:00:00
267809,75885,2021-12-10 06:00:00
267808,75885,2021-12-10 06:00:00
267804,75885,2021-12-10 06:00:00
267803,75885,2021-12-10 06:00:00
267802,75885,2021-12-10 06:00:00
267801,75885,2021-12-10 06:00:00
267800,75885,2021-12-10 06:00:00
267799,75885,2021-12-10 06:00:00
267798,75885,2021-12-10 06:00:00
267797,75885,2021-12-10 06:00:00
267796,75885,2021-12-10 06:00:00
267795,75885,2021-12-10 06:00:00
267794,75885,2021-12-10 06:00:00
267793,75885,2021-12-10 06:00:00
267792,75885,2021-12-10 06:00:00
267826,75885,2021-12-10 06:00:00
267825,75885,2021-12-10 06:00:00
267824,75885,2021-12-10 06:00:00
267823,75885,2021-12-10 06:00:00
267822,75885,2021-12-10 06:00:00
267821,75885,2021-12-10 06:00:00
267820,75885,2021-12-10 06:00:00
267819,75885,2021-12-10 06:00:00
267818,75885,2021-12-10 06:00:00
267817,75885,2021-12-10 06:00:00
267816,75885,2021-12-10 06:00:00
267815,75885,2021-12-10 06:00:00
267814,75885,2021-12-10 06:00:00
267813,75885,2021-12-10 06:00:00
267812,75885,2021-12-10 06:00:00
267811,75885,2021-12-10 06:00:00
267842,75885,2021-12-10 06:00:00
267841,75885,2021-12-10 06:00:00
267840,75885,2021-12-10 06:00:00
267839,75885,2021-12-10 06:00:00
267838,75885,2021-12-10 06:00:00
267837,75885,2021-12-10 06:00:00
267836,75885,2021-12-10 06:00:00
267835,75885,2021-12-10 06:00:00
267834,75885,2021-12-10 06:00:00
267833,75885,2021-12-10 06:00:00
267832,75885,2021-12-10 06:00:00
267831,75885,2021-12-10 06:00:00
267830,75885,2021-12-10 06:00:00
267829,75885,2021-12-10 06:00:00
267828,75885,2021-12-10 06:00:00
267827,75885,2021-12-10 06:00:00
267855,75885,2021-12-10 06:00:00
267854,75885,2021-12-10 06:00:00
267853,75885,2021-12-10 06:00:00
267852,75885,2021-12-10 06:00:00
267851,75885,2021-12-10 06:00:00
267850,75885,2021-12-10 06:00:00
267849,75885,2021-12-10 06:00:00
267848,75885,2021-12-10 06:00:00
267691,75885,2021-12-10 06:00:00
267692,75885,2021-12-10 06:00:00
267693,75885,2021-12-10 06:00:00
267847,75885,2021-12-10 06:00:00
267846,75885,2021-12-10 06:00:00
267845,75885,2021-12-10 06:00:00
267844,75885,2021-12-10 06:00:00
267843,75885,2021-12-10 06:00:00
267575,75885,2021-12-10 06:00:00
267574,75885,2021-12-10 06:00:00
267573,75885,2021-12-10 06:00:00
267572,75885,2021-12-10 06:00:00
267571,75885,2021-12-10 06:00:00
267570,75885,2021-12-10 06:00:00
267569,75885,2021-12-10 06:00:00
267568,75885,2021-12-10 06:00:00
267567,75885,2021-12-10 06:00:00
267566,75885,2021-12-10 06:00:00
267565,75885,2021-12-10 06:00:00
267857,75885,2021-12-10 06:00:00
267856,75885,2021-12-10 06:00:00
267580,75885,2021-12-10 06:00:00
267579,75885,2021-12-10 06:00:00
267578,75885,2021-12-10 06:00:00
267577,75885,2021-12-10 06:00:00
267576,75885,2021-12-10 06:00:00
267591,75885,2021-12-10 06:00:00
267590,75885,2021-12-10 06:00:00
267589,75885,2021-12-10 06:00:00
267587,75885,2021-12-10 06:00:00
267586,75885,2021-12-10 06:00:00
267585,75885,2021-12-10 06:00:00
267584,75885,2021-12-10 06:00:00
267583,75885,2021-12-10 06:00:00
267582,75885,2021-12-10 06:00:00
267581,75885,2021-12-10 06:00:00
267612,75885,2021-12-10 06:00:00
267606,75885,2021-12-10 06:00:00
267605,75885,2021-12-10 06:00:00
267604,75885,2021-12-10 06:00:00
267603,75885,2021-12-10 06:00:00
267602,75885,2021-12-10 06:00:00
267601,75885,2021-12-10 06:00:00
267600,75885,2021-12-10 06:00:00
267599,75885,2021-12-10 06:00:00
267598,75885,2021-12-10 06:00:00
267597,75885,2021-12-10 06:00:00
267628,75885,2021-12-10 06:00:00
267596,75885,2021-12-10 06:00:00
267595,75885,2021-12-10 06:00:00
267594,75885,2021-12-10 06:00:00
267593,75885,2021-12-10 06:00:00
267592,75885,2021-12-10 06:00:00
267622,75885,2021-12-10 06:00:00
267621,75885,2021-12-10 06:00:00
267620,75885,2021-12-10 06:00:00
267619,75885,2021-12-10 06:00:00
267618,75885,2021-12-10 06:00:00
267617,75885,2021-12-10 06:00:00
267616,75885,2021-12-10 06:00:00
267615,75885,2021-12-10 06:00:00
267614,75885,2021-12-10 06:00:00
267644,75885,2021-12-10 06:00:00
267643,75885,2021-12-10 06:00:00
267611,75885,2021-12-10 06:00:00
267610,75885,2021-12-10 06:00:00
267609,75885,2021-12-10 06:00:00
267608,75885,2021-12-10 06:00:00
267607,75885,2021-12-10 06:00:00
267637,75885,2021-12-10 06:00:00
267636,75885,2021-12-10 06:00:00
267635,75885,2021-12-10 06:00:00
267634,75885,2021-12-10 06:00:00
267633,75885,2021-12-10 06:00:00
267632,75885,2021-12-10 06:00:00
267631,75885,2021-12-10 06:00:00
267630,75885,2021-12-10 06:00:00
267629,75885,2021-12-10 06:00:00
267665,75885,2021-12-10 06:00:00
267664,75885,2021-12-10 06:00:00
267627,75885,2021-12-10 06:00:00
267626,75885,2021-12-10 06:00:00
267625,75885,2021-12-10 06:00:00
267624,75885,2021-12-10 06:00:00
267623,75885,2021-12-10 06:00:00
267652,75885,2021-12-10 06:00:00
267651,75885,2021-12-10 06:00:00
267650,75885,2021-12-10 06:00:00
267649,75885,2021-12-10 06:00:00
267648,75885,2021-12-10 06:00:00
267647,75885,2021-12-10 06:00:00
267646,75885,2021-12-10 06:00:00
267645,75885,2021-12-10 06:00:00
267681,75885,2021-12-10 06:00:00
267680,75885,2021-12-10 06:00:00
267679,75885,2021-12-10 06:00:00
267642,75885,2021-12-10 06:00:00
267641,75885,2021-12-10 06:00:00
267640,75885,2021-12-10 06:00:00
267639,75885,2021-12-10 06:00:00
267638,75885,2021-12-10 06:00:00
267663,75885,2021-12-10 06:00:00
267662,75885,2021-12-10 06:00:00
267661,75885,2021-12-10 06:00:00
267660,75885,2021-12-10 06:00:00
267654,75885,2021-12-10 06:00:00
267673,75885,2021-12-10 06:00:00
267672,75885,2021-12-10 06:00:00
267671,75885,2021-12-10 06:00:00
267670,75885,2021-12-10 06:00:00
267669,75885,2021-12-10 06:00:00
267668,75885,2021-12-10 06:00:00
267667,75885,2021-12-10 06:00:00
267666,75885,2021-12-10 06:00:00
267697,75885,2021-12-10 06:00:00
267696,75885,2021-12-10 06:00:00
267695,75885,2021-12-10 06:00:00
267678,75885,2021-12-10 06:00:00
267677,75885,2021-12-10 06:00:00
267676,75885,2021-12-10 06:00:00
267675,75885,2021-12-10 06:00:00
267674,75885,2021-12-10 06:00:00
267506,75885,2021-12-10 06:00:00
267505,75885,2021-12-10 06:00:00
267504,75885,2021-12-10 06:00:00
267503,75885,2021-12-10 06:00:00
267502,75885,2021-12-10 06:00:00
267501,75885,2021-12-10 06:00:00
267500,75885,2021-12-10 06:00:00
267499,75885,2021-12-10 06:00:00
267524,75885,2021-12-10 06:00:00
267688,75885,2021-12-10 06:00:00
267687,75885,2021-12-10 06:00:00
267686,75885,2021-12-10 06:00:00
267685,75885,2021-12-10 06:00:00
267684,75885,2021-12-10 06:00:00
267683,75885,2021-12-10 06:00:00
267682,75885,2021-12-10 06:00:00
267514,75885,2021-12-10 06:00:00
267494,75885,2021-12-10 06:00:00
267512,75885,2021-12-10 06:00:00
267511,75885,2021-12-10 06:00:00
267510,75885,2021-12-10 06:00:00
267509,75885,2021-12-10 06:00:00
267508,75885,2021-12-10 06:00:00
266785,75885,2021-12-10 06:00:00
267540,75885,2021-12-10 06:00:00
267690,75885,2021-12-10 06:00:00
268023,75899,2021-12-13 18:00:00
268014,75899,2021-12-13 18:00:00
268008,75899,2021-12-13 18:00:00
268024,75899,2021-12-13 18:00:00
267997,75899,2021-12-13 18:00:00
268001,75899,2021-12-13 18:00:00
268013,75899,2021-12-13 18:00:00
268029,75899,2021-12-13 18:00:00
268002,75899,2021-12-13 18:00:00
267984,75899,2021-12-13 18:00:00
268030,75899,2021-12-13 18:00:00
267996,75899,2021-12-13 18:00:00
267995,75899,2021-12-13 18:00:00
267994,75899,2021-12-13 18:00:00
268007,75899,2021-12-13 18:00:00
267993,75899,2021-12-13 18:00:00
267988,75899,2021-12-13 18:00:00
267987,75899,2021-12-13 18:00:00
267978,75905,2021-12-15 06:00:00
267979,75905,2021-12-15 06:00:00
267974,75905,2021-12-15 06:00:00
268803,75914,2021-12-17 12:00:00
268798,75914,2021-12-17 12:00:00
268815,75914,2021-12-17 12:00:00
268813,75914,2021-12-17 12:00:00
268791,75914,2021-12-17 12:00:00
268795,75914,2021-12-17 12:00:00
268792,75914,2021-12-17 12:00:00
268811,75914,2021-12-17 12:00:00
268825,75917,2021-12-18 06:00:00
268814,75917,2021-12-18 06:00:00
268812,75917,2021-12-18 06:00:00
268810,75917,2021-12-18 06:00:00
268857,75920,2021-12-19 00:00:00
268836,75925,2021-12-20 06:00:00
268834,75925,2021-12-20 06:00:00
268858,75929,2021-12-21 06:00:00
268859,75929,2021-12-21 06:00:00
268860,75929,2021-12-21 06:00:00
268861,75929,2021-12-21 06:00:00
268862,75929,2021-12-21 06:00:00
268863,75929,2021-12-21 06:00:00
268864,75929,2021-12-21 06:00:00
268865,75929,2021-12-21 06:00:00
268835,75929,2021-12-21 06:00:00
268866,75929,2021-12-21 06:00:00
268867,75929,2021-12-21 06:00:00
268868,75929,2021-12-21 06:00:00
268873,75929,2021-12-21 06:00:00
268872,75929,2021-12-21 06:00:00
268871,75929,2021-12-21 06:00:00
268870,75929,2021-12-21 06:00:00
268869,75929,2021-12-21 06:00:00
268080,75934,2021-12-22 12:00:00
268885,75934,2021-12-22 12:00:00
269098,75936,2021-12-23 00:00:00
268997,75937,2021-12-23 06:00:00
269705,75938,2021-12-23 12:00:00
269088,75938,2021-12-23 12:00:00
269691,75938,2021-12-23 12:00:00
269692,75938,2021-12-23 12:00:00
269690,75938,2021-12-23 12:00:00
269704,75938,2021-12-23 12:00:00
269721,75938,2021-12-23 12:00:00
269720,75938,2021-12-23 12:00:00
269693,75938,2021-12-23 12:00:00
269700,75938,2021-12-23 12:00:00
269699,75938,2021-12-23 12:00:00
269698,75938,2021-12-23 12:00:00
269697,75938,2021-12-23 12:00:00
269696,75938,2021-12-23 12:00:00
269695,75938,2021-12-23 12:00:00
269694,75938,2021-12-23 12:00:00
269702,75938,2021-12-23 12:00:00
269703,75938,2021-12-23 12:00:00
269672,75938,2021-12-23 12:00:00
269701,75938,2021-12-23 12:00:00
269111,75938,2021-12-23 12:00:00
269044,75938,2021-12-23 12:00:00
269680,75938,2021-12-23 12:00:00
269681,75938,2021-12-23 12:00:00
269682,75938,2021-12-23 12:00:00
269661,75938,2021-12-23 12:00:00
269657,75938,2021-12-23 12:00:00
269639,75938,2021-12-23 12:00:00
269671,75938,2021-12-23 12:00:00
269670,75938,2021-12-23 12:00:00
269673,75938,2021-12-23 12:00:00
269637,75938,2021-12-23 12:00:00
268931,75938,2021-12-23 12:00:00
268933,75938,2021-12-23 12:00:00
268953,75938,2021-12-23 12:00:00
268902,75938,2021-12-23 12:00:00
269656,75938,2021-12-23 12:00:00
269655,75938,2021-12-23 12:00:00
269669,75938,2021-12-23 12:00:00
269668,75938,2021-12-23 12:00:00
269667,75938,2021-12-23 12:00:00
269666,75938,2021-12-23 12:00:00
269665,75938,2021-12-23 12:00:00
269664,75938,2021-12-23 12:00:00
269663,75938,2021-12-23 12:00:00
269662,75938,2021-12-23 12:00:00
269689,75938,2021-12-23 12:00:00
269653,75938,2021-12-23 12:00:00
269674,75938,2021-12-23 12:00:00
269675,75938,2021-12-23 12:00:00
269676,75938,2021-12-23 12:00:00
269677,75938,2021-12-23 12:00:00
269678,75938,2021-12-23 12:00:00
269679,75938,2021-12-23 12:00:00
269031,75938,2021-12-23 12:00:00
268979,75938,2021-12-23 12:00:00
269686,75938,2021-12-23 12:00:00
269683,75938,2021-12-23 12:00:00
269684,75938,2021-12-23 12:00:00
269685,75938,2021-12-23 12:00:00
269687,75938,2021-12-23 12:00:00
269606,75938,2021-12-23 12:00:00
269573,75938,2021-12-23 12:00:00
269604,75938,2021-12-23 12:00:00
269603,75938,2021-12-23 12:00:00
269602,75938,2021-12-23 12:00:00
269601,75938,2021-12-23 12:00:00
269600,75938,2021-12-23 12:00:00
269599,75938,2021-12-23 12:00:00
269598,75938,2021-12-23 12:00:00
269597,75938,2021-12-23 12:00:00
269596,75938,2021-12-23 12:00:00
269595,75938,2021-12-23 12:00:00
269594,75938,2021-12-23 12:00:00
269593,75938,2021-12-23 12:00:00
269592,75938,2021-12-23 12:00:00
269591,75938,2021-12-23 12:00:00
269590,75938,2021-12-23 12:00:00
269588,75938,2021-12-23 12:00:00
269587,75938,2021-12-23 12:00:00
269586,75938,2021-12-23 12:00:00
269585,75938,2021-12-23 12:00:00
269584,75938,2021-12-23 12:00:00
269583,75938,2021-12-23 12:00:00
269582,75938,2021-12-23 12:00:00
269581,75938,2021-12-23 12:00:00
269580,75938,2021-12-23 12:00:00
269579,75938,2021-12-23 12:00:00
269578,75938,2021-12-23 12:00:00
269577,75938,2021-12-23 12:00:00
269576,75938,2021-12-23 12:00:00
269575,75938,2021-12-23 12:00:00
269574,75938,2021-12-23 12:00:00
269572,75938,2021-12-23 12:00:00
269571,75938,2021-12-23 12:00:00
269570,75938,2021-12-23 12:00:00
269569,75938,2021-12-23 12:00:00
269638,75938,2021-12-23 12:00:00
269605,75938,2021-12-23 12:00:00
269636,75938,2021-12-23 12:00:00
269635,75938,2021-12-23 12:00:00
269634,75938,2021-12-23 12:00:00
269633,75938,2021-12-23 12:00:00
269632,75938,2021-12-23 12:00:00
269631,75938,2021-12-23 12:00:00
269630,75938,2021-12-23 12:00:00
269629,75938,2021-12-23 12:00:00
269628,75938,2021-12-23 12:00:00
269627,75938,2021-12-23 12:00:00
269626,75938,2021-12-23 12:00:00
269625,75938,2021-12-23 12:00:00
269624,75938,2021-12-23 12:00:00
269623,75938,2021-12-23 12:00:00
269654,75938,2021-12-23 12:00:00
269621,75938,2021-12-23 12:00:00
269652,75938,2021-12-23 12:00:00
269651,75938,2021-12-23 12:00:00
269650,75938,2021-12-23 12:00:00
269649,75938,2021-12-23 12:00:00
269648,75938,2021-12-23 12:00:00
269647,75938,2021-12-23 12:00:00
269646,75938,2021-12-23 12:00:00
269645,75938,2021-12-23 12:00:00
269644,75938,2021-12-23 12:00:00
269643,75938,2021-12-23 12:00:00
269642,75938,2021-12-23 12:00:00
269641,75938,2021-12-23 12:00:00
269640,75938,2021-12-23 12:00:00
269719,75938,2021-12-23 12:00:00
269688,75938,2021-12-23 12:00:00
269722,75938,2021-12-23 12:00:00
269607,75938,2021-12-23 12:00:00
269608,75938,2021-12-23 12:00:00
269609,75938,2021-12-23 12:00:00
269610,75938,2021-12-23 12:00:00
269611,75938,2021-12-23 12:00:00
269612,75938,2021-12-23 12:00:00
269613,75938,2021-12-23 12:00:00
269614,75938,2021-12-23 12:00:00
269615,75938,2021-12-23 12:00:00
269616,75938,2021-12-23 12:00:00
269617,75938,2021-12-23 12:00:00
269618,75938,2021-12-23 12:00:00
269619,75938,2021-12-23 12:00:00
269620,75938,2021-12-23 12:00:00
269589,75938,2021-12-23 12:00:00
269622,75938,2021-12-23 12:00:00
269706,75938,2021-12-23 12:00:00
269707,75938,2021-12-23 12:00:00
269708,75938,2021-12-23 12:00:00
269709,75938,2021-12-23 12:00:00
269710,75938,2021-12-23 12:00:00
269711,75938,2021-12-23 12:00:00
269712,75938,2021-12-23 12:00:00
269713,75938,2021-12-23 12:00:00
269714,75938,2021-12-23 12:00:00
269715,75938,2021-12-23 12:00:00
269716,75938,2021-12-23 12:00:00
269717,75938,2021-12-23 12:00:00
269718,75938,2021-12-23 12:00:00
269069,75938,2021-12-23 12:00:00
269050,75938,2021-12-23 12:00:00
269084,75941,2021-12-24 06:00:00
269108,75941,2021-12-24 06:00:00
269089,75941,2021-12-24 06:00:00
269046,75941,2021-12-24 06:00:00
269121,75941,2021-12-24 06:00:00
269123,75941,2021-12-24 06:00:00
269070,75941,2021-12-24 06:00:00
269071,75941,2021-12-24 06:00:00
268980,75941,2021-12-24 06:00:00
268981,75941,2021-12-24 06:00:00
268967,75941,2021-12-24 06:00:00
268954,75941,2021-12-24 06:00:00
269043,75941,2021-12-24 06:00:00
269034,75941,2021-12-24 06:00:00
268905,75941,2021-12-24 06:00:00
268932,75941,2021-12-24 06:00:00
268927,75941,2021-12-24 06:00:00
268906,75941,2021-12-24 06:00:00
269139,75941,2021-12-24 06:00:00
268929,75941,2021-12-24 06:00:00
268901,75941,2021-12-24 06:00:00
268903,75941,2021-12-24 06:00:00
268942,75941,2021-12-24 06:00:00
269073,75941,2021-12-24 06:00:00
269033,75941,2021-12-24 06:00:00
269110,75941,2021-12-24 06:00:00
269020,75941,2021-12-24 06:00:00
269085,75941,2021-12-24 06:00:00
269087,75941,2021-12-24 06:00:00
269107,75941,2021-12-24 06:00:00
269048,75941,2021-12-24 06:00:00
269047,75941,2021-12-24 06:00:00
269124,75941,2021-12-24 06:00:00
269022,75942,2021-12-24 12:00:00
269045,75942,2021-12-24 12:00:00
268955,75942,2021-12-24 12:00:00
269021,75942,2021-12-24 12:00:00
268908,75943,2021-12-24 18:00:00
269109,75945,2021-12-25 06:00:00
269086,75945,2021-12-25 06:00:00
269083,75945,2021-12-25 06:00:00
269122,75945,2021-12-25 06:00:00
269125,75945,2021-12-25 06:00:00
269049,75945,2021-12-25 06:00:00
269126,75945,2021-12-25 06:00:00
268996,75945,2021-12-25 06:00:00
268968,75945,2021-12-25 06:00:00
269032,75945,2021-12-25 06:00:00
269007,75945,2021-12-25 06:00:00
269009,75945,2021-12-25 06:00:00
269008,75945,2021-12-25 06:00:00
269019,75945,2021-12-25 06:00:00
269010,75945,2021-12-25 06:00:00
269006,75945,2021-12-25 06:00:00
268969,75945,2021-12-25 06:00:00
268958,75945,2021-12-25 06:00:00
268957,75945,2021-12-25 06:00:00
268956,75945,2021-12-25 06:00:00
268952,75945,2021-12-25 06:00:00
268951,75945,2021-12-25 06:00:00
269082,75945,2021-12-25 06:00:00
269072,75945,2021-12-25 06:00:00
269068,75945,2021-12-25 06:00:00
269059,75945,2021-12-25 06:00:00
268889,75954,2021-12-27 12:00:00
268928,75957,2021-12-28 06:00:00
268930,75957,2021-12-28 06:00:00
268904,75957,2021-12-28 06:00:00
268917,75957,2021-12-28 06:00:00
269120,75958,2021-12-28 12:00:00
269137,75958,2021-12-28 12:00:00
268983,75958,2021-12-28 12:00:00
268994,75958,2021-12-28 12:00:00
269138,75958,2021-12-28 12:00:00
268995,75958,2021-12-28 12:00:00
269536,75966,2021-12-30 12:00:00
268907,75982,2022-01-03 12:00:00
268918,75982,2022-01-03 12:00:00
269415,76053,2022-01-21 06:00:00
269414,76053,2022-01-21 06:00:00
269416,76053,2022-01-21 06:00:00
269554,76053,2022-01-21 06:00:00
269535,76053,2022-01-21 06:00:00
269551,76053,2022-01-21 06:00:00
269549,76053,2022-01-21 06:00:00
269548,76053,2022-01-21 06:00:00
269546,76053,2022-01-21 06:00:00
269543,76053,2022-01-21 06:00:00
269541,76053,2022-01-21 06:00:00
269540,76053,2022-01-21 06:00:00
269538,76053,2022-01-21 06:00:00
269537,76053,2022-01-21 06:00:00
269562,76053,2022-01-21 06:00:00
269559,76053,2022-01-21 06:00:00
269460,76053,2022-01-21 06:00:00
269459,76053,2022-01-21 06:00:00
269458,76053,2022-01-21 06:00:00
269457,76053,2022-01-21 06:00:00
269456,76053,2022-01-21 06:00:00
269455,76053,2022-01-21 06:00:00
269454,76053,2022-01-21 06:00:00
269474,76053,2022-01-21 06:00:00
269473,76053,2022-01-21 06:00:00
269504,76053,2022-01-21 06:00:00
269502,76053,2022-01-21 06:00:00
269500,76053,2022-01-21 06:00:00
269496,76053,2022-01-21 06:00:00
269494,76053,2022-01-21 06:00:00
269515,76053,2022-01-21 06:00:00
269445,76053,2022-01-21 06:00:00
269444,76053,2022-01-21 06:00:00
269443,76053,2022-01-21 06:00:00
269442,76053,2022-01-21 06:00:00
269441,76053,2022-01-21 06:00:00
269440,76053,2022-01-21 06:00:00
269439,76053,2022-01-21 06:00:00
269438,76053,2022-01-21 06:00:00
269468,76053,2022-01-21 06:00:00
269467,76053,2022-01-21 06:00:00
269466,76053,2022-01-21 06:00:00
269465,76053,2022-01-21 06:00:00
269464,76053,2022-01-21 06:00:00
269463,76053,2022-01-21 06:00:00
269462,76053,2022-01-21 06:00:00
269461,76053,2022-01-21 06:00:00
269422,76053,2022-01-21 06:00:00
269453,76053,2022-01-21 06:00:00
269452,76053,2022-01-21 06:00:00
269451,76053,2022-01-21 06:00:00
269450,76053,2022-01-21 06:00:00
269449,76053,2022-01-21 06:00:00
269448,76053,2022-01-21 06:00:00
269447,76053,2022-01-21 06:00:00
269446,76053,2022-01-21 06:00:00
268891,76053,2022-01-21 06:00:00
269430,76053,2022-01-21 06:00:00
269429,76053,2022-01-21 06:00:00
269428,76053,2022-01-21 06:00:00
269427,76053,2022-01-21 06:00:00
269426,76053,2022-01-21 06:00:00
269425,76053,2022-01-21 06:00:00
269424,76053,2022-01-21 06:00:00
269423,76053,2022-01-21 06:00:00
269413,76053,2022-01-21 06:00:00
269412,76053,2022-01-21 06:00:00
269411,76053,2022-01-21 06:00:00
269410,76053,2022-01-21 06:00:00
269437,76053,2022-01-21 06:00:00
269436,76053,2022-01-21 06:00:00
269435,76053,2022-01-21 06:00:00
269434,76053,2022-01-21 06:00:00
269433,76053,2022-01-21 06:00:00
269432,76053,2022-01-21 06:00:00
269431,76053,2022-01-21 06:00:00
269421,76053,2022-01-21 06:00:00
269420,76053,2022-01-21 06:00:00
269419,76053,2022-01-21 06:00:00
269418,76053,2022-01-21 06:00:00
269417,76053,2022-01-21 06:00:00
269557,76054,2022-01-21 12:00:00
269556,76054,2022-01-21 12:00:00
269555,76054,2022-01-21 12:00:00
269553,76054,2022-01-21 12:00:00
269525,76054,2022-01-21 12:00:00
269524,76054,2022-01-21 12:00:00
269522,76054,2022-01-21 12:00:00
269523,76054,2022-01-21 12:00:00
269558,76054,2022-01-21 12:00:00
269469,76054,2022-01-21 12:00:00
269479,76054,2022-01-21 12:00:00
269480,76054,2022-01-21 12:00:00
269481,76054,2022-01-21 12:00:00
269482,76054,2022-01-21 12:00:00
269483,76054,2022-01-21 12:00:00
269484,76054,2022-01-21 12:00:00
269485,76054,2022-01-21 12:00:00
269486,76054,2022-01-21 12:00:00
269487,76054,2022-01-21 12:00:00
269488,76054,2022-01-21 12:00:00
269560,76054,2022-01-21 12:00:00
269561,76054,2022-01-21 12:00:00
269563,76054,2022-01-21 12:00:00
269564,76054,2022-01-21 12:00:00
269539,76054,2022-01-21 12:00:00
269542,76054,2022-01-21 12:00:00
269544,76054,2022-01-21 12:00:00
269545,76054,2022-01-21 12:00:00
269547,76054,2022-01-21 12:00:00
269550,76054,2022-01-21 12:00:00
269552,76054,2022-01-21 12:00:00
269521,76054,2022-01-21 12:00:00
269471,76054,2022-01-21 12:00:00
269470,76054,2022-01-21 12:00:00
269503,76054,2022-01-21 12:00:00
269511,76054,2022-01-21 12:00:00
269510,76054,2022-01-21 12:00:00
269509,76054,2022-01-21 12:00:00
269478,76054,2022-01-21 12:00:00
269472,76054,2022-01-21 12:00:00
269508,76054,2022-01-21 12:00:00
269507,76054,2022-01-21 12:00:00
269520,76054,2022-01-21 12:00:00
269489,76054,2022-01-21 12:00:00
269490,76054,2022-01-21 12:00:00
269491,76054,2022-01-21 12:00:00
269492,76054,2022-01-21 12:00:00
269493,76054,2022-01-21 12:00:00
269495,76054,2022-01-21 12:00:00
269497,76054,2022-01-21 12:00:00
269498,76054,2022-01-21 12:00:00
269499,76054,2022-01-21 12:00:00
269501,76054,2022-01-21 12:00:00
269526,76054,2022-01-21 12:00:00
269527,76054,2022-01-21 12:00:00
269528,76054,2022-01-21 12:00:00
269529,76054,2022-01-21 12:00:00
269530,76054,2022-01-21 12:00:00
269531,76054,2022-01-21 12:00:00
269532,76054,2022-01-21 12:00:00
269533,76054,2022-01-21 12:00:00
269534,76054,2022-01-21 12:00:00
269505,76054,2022-01-21 12:00:00
269506,76054,2022-01-21 12:00:00
269517,76054,2022-01-21 12:00:00
269516,76054,2022-01-21 12:00:00
269514,76054,2022-01-21 12:00:00
269513,76054,2022-01-21 12:00:00
269512,76054,2022-01-21 12:00:00
269518,76054,2022-01-21 12:00:00
269519,76054,2022-01-21 12:00:00
272683,76070,2022-01-25 12:00:00
272684,76070,2022-01-25 12:00:00
266804,76133,2022-02-10 06:00:00
266606,76133,2022-02-10 06:00:00
266809,76133,2022-02-10 06:00:00
266805,76133,2022-02-10 06:00:00
272690,76133,2022-02-10 06:00:00
266807,76134,2022-02-10 12:00:00
266946,76134,2022-02-10 12:00:00
266733,76134,2022-02-10 12:00:00
266790,76134,2022-02-10 12:00:00
266730,76134,2022-02-10 12:00:00
266791,76134,2022-02-10 12:00:00
266821,76134,2022-02-10 12:00:00
266732,76134,2022-02-10 12:00:00
266731,76134,2022-02-10 12:00:00
266802,76134,2022-02-10 12:00:00
266948,76134,2022-02-10 12:00:00
266719,76134,2022-02-10 12:00:00
266808,76134,2022-02-10 12:00:00
266947,76134,2022-02-10 12:00:00
266624,76134,2022-02-10 12:00:00
266676,76134,2022-02-10 12:00:00
266775,76136,2022-02-11 00:00:00
266637,76137,2022-02-11 06:00:00
266636,76137,2022-02-11 06:00:00
266635,76137,2022-02-11 06:00:00
266626,76137,2022-02-11 06:00:00
266625,76137,2022-02-11 06:00:00
266675,76137,2022-02-11 06:00:00
266674,76137,2022-02-11 06:00:00
266638,76137,2022-02-11 06:00:00
266681,76137,2022-02-11 06:00:00
266690,76137,2022-02-11 06:00:00
266678,76137,2022-02-11 06:00:00
266680,76137,2022-02-11 06:00:00
266677,76137,2022-02-11 06:00:00
266665,76137,2022-02-11 06:00:00
272688,76137,2022-02-11 06:00:00
266849,76137,2022-02-11 06:00:00
266837,76137,2022-02-11 06:00:00
266906,76137,2022-02-11 06:00:00
266921,76137,2022-02-11 06:00:00
266922,76137,2022-02-11 06:00:00
266920,76137,2022-02-11 06:00:00
266918,76137,2022-02-11 06:00:00
266909,76137,2022-02-11 06:00:00
266924,76137,2022-02-11 06:00:00
266925,76137,2022-02-11 06:00:00
266934,76137,2022-02-11 06:00:00
266862,76137,2022-02-11 06:00:00
266838,76137,2022-02-11 06:00:00
266908,76137,2022-02-11 06:00:00
266742,76137,2022-02-11 06:00:00
266888,76137,2022-02-11 06:00:00
266887,76137,2022-02-11 06:00:00
266753,76137,2022-02-11 06:00:00
266763,76137,2022-02-11 06:00:00
266774,76137,2022-02-11 06:00:00
266702,76137,2022-02-11 06:00:00
266721,76137,2022-02-11 06:00:00
266639,76137,2022-02-11 06:00:00
266622,76137,2022-02-11 06:00:00
266650,76137,2022-02-11 06:00:00
266604,76137,2022-02-11 06:00:00
266605,76137,2022-02-11 06:00:00
266607,76137,2022-02-11 06:00:00
266623,76137,2022-02-11 06:00:00
266717,76137,2022-02-11 06:00:00
266716,76137,2022-02-11 06:00:00
266609,76137,2022-02-11 06:00:00
266610,76137,2022-02-11 06:00:00
266810,76137,2022-02-11 06:00:00
266834,76137,2022-02-11 06:00:00
266701,76137,2022-02-11 06:00:00
266752,76137,2022-02-11 06:00:00
266662,76137,2022-02-11 06:00:00
266720,76137,2022-02-11 06:00:00
266659,76137,2022-02-11 06:00:00
266835,76137,2022-02-11 06:00:00
266704,76139,2022-02-11 18:00:00
266661,76139,2022-02-11 18:00:00
266703,76139,2022-02-11 18:00:00
266649,76139,2022-02-11 18:00:00
266664,76139,2022-02-11 18:00:00
266621,76139,2022-02-11 18:00:00
266679,76139,2022-02-11 18:00:00
266919,76141,2022-02-12 06:00:00
266836,76143,2022-02-12 18:00:00
266792,76149,2022-02-14 06:00:00
266923,76149,2022-02-14 06:00:00
266787,76149,2022-02-14 06:00:00
266788,76149,2022-02-14 06:00:00
266764,76149,2022-02-14 06:00:00
266663,76153,2022-02-15 06:00:00
266620,76153,2022-02-15 06:00:00
266648,76153,2022-02-15 06:00:00
266660,76153,2022-02-15 06:00:00
266806,76153,2022-02-15 06:00:00
266863,76154,2022-02-15 12:00:00
266867,76154,2022-02-15 12:00:00
266865,76154,2022-02-15 12:00:00
266864,76160,2022-02-17 00:00:00
266861,76160,2022-02-17 00:00:00
266866,76161,2022-02-17 06:00:00
266878,76161,2022-02-17 06:00:00
266907,76161,2022-02-17 06:00:00
266743,76165,2022-02-18 06:00:00
266839,76165,2022-02-18 06:00:00
266608,76166,2022-02-18 12:00:00
266789,76166,2022-02-18 12:00:00
266705,76166,2022-02-18 12:00:00
266611,76166,2022-02-18 12:00:00
266860,76202,2022-02-27 12:00:00
278050,76214,2022-03-02 12:00:00
278049,76214,2022-03-02 12:00:00
278046,76214,2022-03-02 12:00:00
278039,76214,2022-03-02 12:00:00
278045,76214,2022-03-02 12:00:00
278051,76214,2022-03-02 12:00:00
278015,76214,2022-03-02 12:00:00
278072,76214,2022-03-02 12:00:00
278052,76214,2022-03-02 12:00:00
278000,76214,2022-03-02 12:00:00
278316,76215,2022-03-02 18:00:00
277999,76215,2022-03-02 18:00:00
278032,76217,2022-03-03 06:00:00
278311,76217,2022-03-03 06:00:00
278014,76217,2022-03-03 06:00:00
278019,76217,2022-03-03 06:00:00
278033,76217,2022-03-03 06:00:00
278034,76217,2022-03-03 06:00:00
278026,76217,2022-03-03 06:00:00
278306,76217,2022-03-03 06:00:00
278040,76217,2022-03-03 06:00:00
278004,76217,2022-03-03 06:00:00
278291,76217,2022-03-03 06:00:00
278286,76217,2022-03-03 06:00:00
278296,76217,2022-03-03 06:00:00
278301,76217,2022-03-03 06:00:00
278025,76217,2022-03-03 06:00:00
278031,76217,2022-03-03 06:00:00
278010,76217,2022-03-03 06:00:00
278009,76217,2022-03-03 06:00:00
278021,76217,2022-03-03 06:00:00
278020,76217,2022-03-03 06:00:00
278063,76221,2022-03-04 06:00:00
278321,76221,2022-03-04 06:00:00
278336,76221,2022-03-04 06:00:00
278331,76221,2022-03-04 06:00:00
278061,76221,2022-03-04 06:00:00
278060,76221,2022-03-04 06:00:00
278068,76221,2022-03-04 06:00:00
278326,76221,2022-03-04 06:00:00
278062,76221,2022-03-04 06:00:00
278069,76221,2022-03-04 06:00:00
278073,76221,2022-03-04 06:00:00
278005,76225,2022-03-05 06:00:00
284123,76354,2022-04-06 12:00:00
284125,76354,2022-04-06 12:00:00
171595,76401,2022-04-18 06:00:00
284729,76438,2022-04-27 12:00:00
230846,76438,2022-04-27 12:00:00
284721,76441,2022-04-28 06:00:00
284708,76441,2022-04-28 06:00:00
284705,76441,2022-04-28 06:00:00
284696,76441,2022-04-28 06:00:00
284695,76441,2022-04-28 06:00:00
284901,76441,2022-04-28 06:00:00
284862,76441,2022-04-28 06:00:00
284894,76441,2022-04-28 06:00:00
284692,76441,2022-04-28 06:00:00
284853,76441,2022-04-28 06:00:00
284854,76441,2022-04-28 06:00:00
284709,76441,2022-04-28 06:00:00
284712,76441,2022-04-28 06:00:00
284717,76441,2022-04-28 06:00:00
284720,76441,2022-04-28 06:00:00
284681,76441,2022-04-28 06:00:00
284682,76441,2022-04-28 06:00:00
284723,76441,2022-04-28 06:00:00
284726,76441,2022-04-28 06:00:00
284727,76441,2022-04-28 06:00:00
284704,76441,2022-04-28 06:00:00
284713,76441,2022-04-28 06:00:00
284684,76441,2022-04-28 06:00:00
284683,76441,2022-04-28 06:00:00
284847,76441,2022-04-28 06:00:00
284907,76441,2022-04-28 06:00:00
284881,76441,2022-04-28 06:00:00
284882,76441,2022-04-28 06:00:00
284888,76441,2022-04-28 06:00:00
284889,76441,2022-04-28 06:00:00
284908,76441,2022-04-28 06:00:00
284895,76441,2022-04-28 06:00:00
284874,76441,2022-04-28 06:00:00
284875,76441,2022-04-28 06:00:00
284902,76441,2022-04-28 06:00:00
284868,76441,2022-04-28 06:00:00
284722,76441,2022-04-28 06:00:00
284869,76441,2022-04-28 06:00:00
284716,76441,2022-04-28 06:00:00
284846,76441,2022-04-28 06:00:00
284861,76441,2022-04-28 06:00:00
284697,76442,2022-04-28 12:00:00
277977,76445,2022-04-29 06:00:00
277884,76445,2022-04-29 06:00:00
277880,76445,2022-04-29 06:00:00
277978,76445,2022-04-29 06:00:00
277868,76445,2022-04-29 06:00:00
277870,76445,2022-04-29 06:00:00
277964,76445,2022-04-29 06:00:00
279899,76445,2022-04-29 06:00:00
277874,76445,2022-04-29 06:00:00
277979,76445,2022-04-29 06:00:00
277883,76445,2022-04-29 06:00:00
277882,76445,2022-04-29 06:00:00
277881,76445,2022-04-29 06:00:00
277879,76445,2022-04-29 06:00:00
256119,76445,2022-04-29 06:00:00
277890,76445,2022-04-29 06:00:00
277917,76445,2022-04-29 06:00:00
256120,76445,2022-04-29 06:00:00
267039,76446,2022-04-29 12:00:00
267036,76446,2022-04-29 12:00:00
267026,76446,2022-04-29 12:00:00
267040,76446,2022-04-29 12:00:00
267025,76446,2022-04-29 12:00:00
267097,76446,2022-04-29 12:00:00
267105,76446,2022-04-29 12:00:00
267095,76446,2022-04-29 12:00:00
267328,76446,2022-04-29 12:00:00
267110,76446,2022-04-29 12:00:00
267104,76446,2022-04-29 12:00:00
267052,76446,2022-04-29 12:00:00
267106,76446,2022-04-29 12:00:00
267051,76446,2022-04-29 12:00:00
267383,76446,2022-04-29 12:00:00
267388,76446,2022-04-29 12:00:00
267096,76446,2022-04-29 12:00:00
267338,76446,2022-04-29 12:00:00
277904,76446,2022-04-29 12:00:00
277903,76446,2022-04-29 12:00:00
267368,76446,2022-04-29 12:00:00
267373,76446,2022-04-29 12:00:00
267353,76446,2022-04-29 12:00:00
267348,76446,2022-04-29 12:00:00
277918,76446,2022-04-29 12:00:00
267378,76446,2022-04-29 12:00:00
267393,76446,2022-04-29 12:00:00
267398,76446,2022-04-29 12:00:00
267408,76446,2022-04-29 12:00:00
277909,76446,2022-04-29 12:00:00
266988,76446,2022-04-29 12:00:00
277908,76446,2022-04-29 12:00:00
267428,76446,2022-04-29 12:00:00
284691,76446,2022-04-29 12:00:00
284690,76446,2022-04-29 12:00:00
279900,76446,2022-04-29 12:00:00
277935,76446,2022-04-29 12:00:00
277919,76446,2022-04-29 12:00:00
277921,76446,2022-04-29 12:00:00
277929,76446,2022-04-29 12:00:00
277942,76446,2022-04-29 12:00:00
277937,76446,2022-04-29 12:00:00
277938,76446,2022-04-29 12:00:00
277939,76446,2022-04-29 12:00:00
277940,76446,2022-04-29 12:00:00
277861,76446,2022-04-29 12:00:00
277855,76446,2022-04-29 12:00:00
277886,76446,2022-04-29 12:00:00
267343,76446,2022-04-29 12:00:00
267403,76446,2022-04-29 12:00:00
267418,76446,2022-04-29 12:00:00
267413,76446,2022-04-29 12:00:00
266959,76446,2022-04-29 12:00:00
266966,76446,2022-04-29 12:00:00
266973,76446,2022-04-29 12:00:00
266977,76446,2022-04-29 12:00:00
266987,76446,2022-04-29 12:00:00
266993,76446,2022-04-29 12:00:00
266994,76446,2022-04-29 12:00:00
266984,76447,2022-04-29 18:00:00
267433,76447,2022-04-29 18:00:00
267088,76447,2022-04-29 18:00:00
277902,76447,2022-04-29 18:00:00
277878,76447,2022-04-29 18:00:00
277860,76448,2022-04-30 00:00:00
277983,76448,2022-04-30 00:00:00
277992,76448,2022-04-30 00:00:00
267358,76449,2022-04-30 06:00:00
267006,76452,2022-05-01 00:00:00
267011,76452,2022-05-01 00:00:00
267100,76452,2022-05-01 00:00:00
267058,76452,2022-05-01 00:00:00
267114,76452,2022-05-01 00:00:00
267109,76452,2022-05-01 00:00:00
267064,76452,2022-05-01 00:00:00
267072,76452,2022-05-01 00:00:00
267057,76452,2022-05-01 00:00:00
267014,76452,2022-05-01 00:00:00
267020,76452,2022-05-01 00:00:00
267015,76452,2022-05-01 00:00:00
267087,76452,2022-05-01 00:00:00
267029,76452,2022-05-01 00:00:00
267000,76452,2022-05-01 00:00:00
267005,76452,2022-05-01 00:00:00
266983,76452,2022-05-01 00:00:00
277916,76461,2022-05-03 06:00:00
277915,76461,2022-05-03 06:00:00
277984,76461,2022-05-03 06:00:00
277877,76461,2022-05-03 06:00:00
277928,76461,2022-05-03 06:00:00
277936,76465,2022-05-04 06:00:00
267423,76465,2022-05-04 06:00:00
277926,76465,2022-05-04 06:00:00
267083,76465,2022-05-04 06:00:00
277956,76465,2022-05-04 06:00:00
277950,76465,2022-05-04 06:00:00
277994,76465,2022-05-04 06:00:00
277993,76465,2022-05-04 06:00:00
277995,76465,2022-05-04 06:00:00
277941,76465,2022-05-04 06:00:00
267091,76465,2022-05-04 06:00:00
267079,76465,2022-05-04 06:00:00
267046,76465,2022-05-04 06:00:00
278346,76465,2022-05-04 06:00:00
266965,76465,2022-05-04 06:00:00
266978,76465,2022-05-04 06:00:00
266958,76465,2022-05-04 06:00:00
266960,76465,2022-05-04 06:00:00
266976,76465,2022-05-04 06:00:00
277967,76466,2022-05-04 12:00:00
277910,76466,2022-05-04 12:00:00
277899,76466,2022-05-04 12:00:00
277911,76466,2022-05-04 12:00:00
277966,76466,2022-05-04 12:00:00
277922,76466,2022-05-04 12:00:00
277864,76466,2022-05-04 12:00:00
277863,76466,2022-05-04 12:00:00
277898,76466,2022-05-04 12:00:00
277931,76466,2022-05-04 12:00:00
277930,76466,2022-05-04 12:00:00
277971,76470,2022-05-05 12:00:00
267071,76475,2022-05-06 18:00:00
267019,76475,2022-05-06 18:00:00
267012,76475,2022-05-06 18:00:00
267063,76475,2022-05-06 18:00:00
267078,76475,2022-05-06 18:00:00
267077,76475,2022-05-06 18:00:00
267065,76475,2022-05-06 18:00:00
266999,76475,2022-05-06 18:00:00
267045,76475,2022-05-06 18:00:00
277954,76480,2022-05-08 00:00:00
278517,76489,2022-05-10 06:00:00
277955,76490,2022-05-10 12:00:00
278344,76497,2022-05-12 06:00:00
285853,76498,2022-05-12 12:00:00
285852,76498,2022-05-12 12:00:00
286675,76498,2022-05-12 12:00:00
285839,76498,2022-05-12 12:00:00
285840,76498,2022-05-12 12:00:00
286669,76498,2022-05-12 12:00:00
286670,76498,2022-05-12 12:00:00
285837,76498,2022-05-12 12:00:00
286665,76498,2022-05-12 12:00:00
286664,76498,2022-05-12 12:00:00
286666,76498,2022-05-12 12:00:00
286667,76498,2022-05-12 12:00:00
286674,76498,2022-05-12 12:00:00
286673,76498,2022-05-12 12:00:00
286663,76498,2022-05-12 12:00:00
285857,76498,2022-05-12 12:00:00
286671,76498,2022-05-12 12:00:00
286672,76498,2022-05-12 12:00:00
286677,76498,2022-05-12 12:00:00
286678,76498,2022-05-12 12:00:00
286668,76498,2022-05-12 12:00:00
286680,76498,2022-05-12 12:00:00
286679,76498,2022-05-12 12:00:00
286676,76498,2022-05-12 12:00:00
277953,76500,2022-05-13 00:00:00
277927,76500,2022-05-13 00:00:00
256122,76501,2022-05-13 06:00:00
286681,76501,2022-05-13 06:00:00
286682,76501,2022-05-13 06:00:00
286683,76501,2022-05-13 06:00:00
286684,76501,2022-05-13 06:00:00
286685,76501,2022-05-13 06:00:00
286686,76501,2022-05-13 06:00:00
286687,76501,2022-05-13 06:00:00
286688,76501,2022-05-13 06:00:00
286691,76501,2022-05-13 06:00:00
286692,76501,2022-05-13 06:00:00
256104,76501,2022-05-13 06:00:00
284923,76501,2022-05-13 06:00:00
284922,76501,2022-05-13 06:00:00
284731,76501,2022-05-13 06:00:00
284730,76501,2022-05-13 06:00:00
284871,76501,2022-05-13 06:00:00
284876,76501,2022-05-13 06:00:00
284870,76501,2022-05-13 06:00:00
284865,76501,2022-05-13 06:00:00
284864,76501,2022-05-13 06:00:00
284863,76501,2022-05-13 06:00:00
284858,76501,2022-05-13 06:00:00
284857,76501,2022-05-13 06:00:00
284856,76501,2022-05-13 06:00:00
284855,76501,2022-05-13 06:00:00
284850,76501,2022-05-13 06:00:00
284732,76501,2022-05-13 06:00:00
284848,76501,2022-05-13 06:00:00
256087,76501,2022-05-13 06:00:00
256085,76501,2022-05-13 06:00:00
256086,76501,2022-05-13 06:00:00
284884,76501,2022-05-13 06:00:00
284883,76501,2022-05-13 06:00:00
284849,76501,2022-05-13 06:00:00
285842,76501,2022-05-13 06:00:00
285843,76501,2022-05-13 06:00:00
285869,76501,2022-05-13 06:00:00
285870,76501,2022-05-13 06:00:00
285810,76501,2022-05-13 06:00:00
285799,76501,2022-05-13 06:00:00
285800,76501,2022-05-13 06:00:00
285811,76501,2022-05-13 06:00:00
284928,76501,2022-05-13 06:00:00
284927,76501,2022-05-13 06:00:00
285867,76501,2022-05-13 06:00:00
284921,76501,2022-05-13 06:00:00
285813,76501,2022-05-13 06:00:00
284918,76501,2022-05-13 06:00:00
284917,76501,2022-05-13 06:00:00
284913,76501,2022-05-13 06:00:00
284914,76501,2022-05-13 06:00:00
284904,76501,2022-05-13 06:00:00
284903,76501,2022-05-13 06:00:00
284898,76501,2022-05-13 06:00:00
284912,76501,2022-05-13 06:00:00
284897,76501,2022-05-13 06:00:00
284896,76501,2022-05-13 06:00:00
284890,76501,2022-05-13 06:00:00
284891,76501,2022-05-13 06:00:00
284885,76501,2022-05-13 06:00:00
285826,76501,2022-05-13 06:00:00
284878,76501,2022-05-13 06:00:00
284877,76501,2022-05-13 06:00:00
285814,76501,2022-05-13 06:00:00
285827,76501,2022-05-13 06:00:00
285828,76501,2022-05-13 06:00:00
286699,76501,2022-05-13 06:00:00
256121,76501,2022-05-13 06:00:00
286697,76501,2022-05-13 06:00:00
286696,76501,2022-05-13 06:00:00
286690,76501,2022-05-13 06:00:00
286689,76501,2022-05-13 06:00:00
256106,76501,2022-05-13 06:00:00
256105,76501,2022-05-13 06:00:00
286694,76501,2022-05-13 06:00:00
286698,76501,2022-05-13 06:00:00
286695,76501,2022-05-13 06:00:00
286693,76501,2022-05-13 06:00:00
285854,76502,2022-05-13 12:00:00
285856,76502,2022-05-13 12:00:00
277962,76505,2022-05-14 06:00:00
277963,76505,2022-05-14 06:00:00
278562,76506,2022-05-14 12:00:00
284182,76506,2022-05-14 12:00:00
278504,76508,2022-05-15 00:00:00
278548,76508,2022-05-15 00:00:00
278560,76508,2022-05-15 00:00:00
278521,76508,2022-05-15 00:00:00
278546,76508,2022-05-15 00:00:00
278534,76508,2022-05-15 00:00:00
278510,76509,2022-05-15 06:00:00
278501,76509,2022-05-15 06:00:00
278528,76509,2022-05-15 06:00:00
278558,76509,2022-05-15 06:00:00
278511,76509,2022-05-15 06:00:00
278541,76509,2022-05-15 06:00:00
278540,76509,2022-05-15 06:00:00
278539,76509,2022-05-15 06:00:00
278538,76509,2022-05-15 06:00:00
278537,76509,2022-05-15 06:00:00
278536,76509,2022-05-15 06:00:00
278535,76509,2022-05-15 06:00:00
278533,76509,2022-05-15 06:00:00
278529,76509,2022-05-15 06:00:00
278532,76509,2022-05-15 06:00:00
278531,76509,2022-05-15 06:00:00
278530,76509,2022-05-15 06:00:00
278559,76509,2022-05-15 06:00:00
278499,76509,2022-05-15 06:00:00
278497,76509,2022-05-15 06:00:00
278498,76509,2022-05-15 06:00:00
278514,76509,2022-05-15 06:00:00
278515,76509,2022-05-15 06:00:00
278518,76509,2022-05-15 06:00:00
278516,76509,2022-05-15 06:00:00
278519,76509,2022-05-15 06:00:00
278520,76509,2022-05-15 06:00:00
278522,76509,2022-05-15 06:00:00
278523,76509,2022-05-15 06:00:00
278524,76509,2022-05-15 06:00:00
278525,76509,2022-05-15 06:00:00
278526,76509,2022-05-15 06:00:00
278527,76509,2022-05-15 06:00:00
278543,76509,2022-05-15 06:00:00
278512,76509,2022-05-15 06:00:00
278513,76509,2022-05-15 06:00:00
278542,76509,2022-05-15 06:00:00
278547,76509,2022-05-15 06:00:00
278545,76509,2022-05-15 06:00:00
278549,76509,2022-05-15 06:00:00
278496,76509,2022-05-15 06:00:00
278503,76509,2022-05-15 06:00:00
278505,76509,2022-05-15 06:00:00
278502,76509,2022-05-15 06:00:00
278500,76509,2022-05-15 06:00:00
278507,76509,2022-05-15 06:00:00
278506,76509,2022-05-15 06:00:00
278509,76509,2022-05-15 06:00:00
278508,76509,2022-05-15 06:00:00
278494,76509,2022-05-15 06:00:00
278495,76509,2022-05-15 06:00:00
278343,76509,2022-05-15 06:00:00
278550,76509,2022-05-15 06:00:00
278557,76509,2022-05-15 06:00:00
278561,76509,2022-05-15 06:00:00
278552,76509,2022-05-15 06:00:00
278551,76509,2022-05-15 06:00:00
278556,76509,2022-05-15 06:00:00
278555,76509,2022-05-15 06:00:00
278554,76509,2022-05-15 06:00:00
278553,76509,2022-05-15 06:00:00
278565,76509,2022-05-15 06:00:00
278566,76509,2022-05-15 06:00:00
278563,76509,2022-05-15 06:00:00
278564,76509,2022-05-15 06:00:00
278567,76509,2022-05-15 06:00:00
278568,76509,2022-05-15 06:00:00
278544,76509,2022-05-15 06:00:00
285798,76513,2022-05-16 06:00:00
285866,76514,2022-05-16 12:00:00
285838,76514,2022-05-16 12:00:00
285797,76514,2022-05-16 12:00:00
285812,76514,2022-05-16 12:00:00
285855,76514,2022-05-16 12:00:00
285868,76514,2022-05-16 12:00:00
285809,76514,2022-05-16 12:00:00
285795,76518,2022-05-17 12:00:00
285823,76521,2022-05-18 06:00:00
285824,76521,2022-05-18 06:00:00
267013,76523,2022-05-18 18:00:00
284725,76526,2022-05-19 12:00:00
284728,76526,2022-05-19 12:00:00
284698,76526,2022-05-19 12:00:00
284694,76526,2022-05-19 12:00:00
284718,76526,2022-05-19 12:00:00
284711,76526,2022-05-19 12:00:00
284714,76526,2022-05-19 12:00:00
284715,76526,2022-05-19 12:00:00
284693,76526,2022-05-19 12:00:00
284699,76526,2022-05-19 12:00:00
284706,76526,2022-05-19 12:00:00
284707,76526,2022-05-19 12:00:00
284710,76526,2022-05-19 12:00:00
284719,76526,2022-05-19 12:00:00
284724,76526,2022-05-19 12:00:00
287996,76531,2022-05-20 18:00:00
288001,76531,2022-05-20 18:00:00
287932,76531,2022-05-20 18:00:00
288002,76531,2022-05-20 18:00:00
287933,76531,2022-05-20 18:00:00
287938,76531,2022-05-20 18:00:00
287935,76531,2022-05-20 18:00:00
287934,76531,2022-05-20 18:00:00
287948,76531,2022-05-20 18:00:00
287943,76531,2022-05-20 18:00:00
287991,76531,2022-05-20 18:00:00
288311,76531,2022-05-20 18:00:00
288146,76531,2022-05-20 18:00:00
288196,76531,2022-05-20 18:00:00
288136,76531,2022-05-20 18:00:00
288286,76531,2022-05-20 18:00:00
288226,76531,2022-05-20 18:00:00
288102,76531,2022-05-20 18:00:00
288206,76531,2022-05-20 18:00:00
288098,76531,2022-05-20 18:00:00
288236,76531,2022-05-20 18:00:00
288261,76531,2022-05-20 18:00:00
288107,76531,2022-05-20 18:00:00
288301,76531,2022-05-20 18:00:00
288201,76531,2022-05-20 18:00:00
287906,76531,2022-05-20 18:00:00
287960,76531,2022-05-20 18:00:00
287956,76531,2022-05-20 18:00:00
288030,76531,2022-05-20 18:00:00
287953,76531,2022-05-20 18:00:00
288025,76531,2022-05-20 18:00:00
287911,76531,2022-05-20 18:00:00
288050,76531,2022-05-20 18:00:00
288051,76531,2022-05-20 18:00:00
288056,76531,2022-05-20 18:00:00
288057,76531,2022-05-20 18:00:00
288062,76531,2022-05-20 18:00:00
287925,76531,2022-05-20 18:00:00
288076,76531,2022-05-20 18:00:00
288077,76531,2022-05-20 18:00:00
287928,76531,2022-05-20 18:00:00
287927,76531,2022-05-20 18:00:00
288031,76531,2022-05-20 18:00:00
288117,76531,2022-05-20 18:00:00
288116,76531,2022-05-20 18:00:00
288111,76531,2022-05-20 18:00:00
287931,76531,2022-05-20 18:00:00
288120,76531,2022-05-20 18:00:00
288085,76531,2022-05-20 18:00:00
288086,76531,2022-05-20 18:00:00
288089,76531,2022-05-20 18:00:00
288093,76531,2022-05-20 18:00:00
287926,76531,2022-05-20 18:00:00
288181,76531,2022-05-20 18:00:00
288075,76531,2022-05-20 18:00:00
288156,76531,2022-05-20 18:00:00
288074,76531,2022-05-20 18:00:00
288069,76531,2022-05-20 18:00:00
288063,76531,2022-05-20 18:00:00
288068,76531,2022-05-20 18:00:00
288130,76531,2022-05-20 18:00:00
288129,76531,2022-05-20 18:00:00
288126,76531,2022-05-20 18:00:00
288125,76531,2022-05-20 18:00:00
287905,76531,2022-05-20 18:00:00
287900,76531,2022-05-20 18:00:00
288083,76531,2022-05-20 18:00:00
288084,76531,2022-05-20 18:00:00
288008,76531,2022-05-20 18:00:00
288012,76531,2022-05-20 18:00:00
288016,76531,2022-05-20 18:00:00
287968,76531,2022-05-20 18:00:00
288078,76531,2022-05-20 18:00:00
288082,76531,2022-05-20 18:00:00
288022,76531,2022-05-20 18:00:00
287920,76531,2022-05-20 18:00:00
287919,76531,2022-05-20 18:00:00
287914,76531,2022-05-20 18:00:00
287913,76531,2022-05-20 18:00:00
287912,76531,2022-05-20 18:00:00
288043,76531,2022-05-20 18:00:00
288042,76531,2022-05-20 18:00:00
288037,76531,2022-05-20 18:00:00
288036,76531,2022-05-20 18:00:00
287972,76531,2022-05-20 18:00:00
288045,76531,2022-05-20 18:00:00
287977,76531,2022-05-20 18:00:00
288044,76531,2022-05-20 18:00:00
287982,76531,2022-05-20 18:00:00
287987,76531,2022-05-20 18:00:00
287988,76531,2022-05-20 18:00:00
288166,76532,2022-05-21 00:00:00
287944,76533,2022-05-21 06:00:00
288321,76533,2022-05-21 06:00:00
287949,76533,2022-05-21 06:00:00
288003,76533,2022-05-21 06:00:00
288021,76533,2022-05-21 06:00:00
287899,76533,2022-05-21 06:00:00
287961,76533,2022-05-21 06:00:00
288026,76533,2022-05-21 06:00:00
287965,76533,2022-05-21 06:00:00
288121,76533,2022-05-21 06:00:00
288112,76533,2022-05-21 06:00:00
288306,76533,2022-05-21 06:00:00
288281,76533,2022-05-21 06:00:00
288131,76533,2022-05-21 06:00:00
288094,76533,2022-05-21 06:00:00
288151,76533,2022-05-21 06:00:00
288103,76533,2022-05-21 06:00:00
287978,76533,2022-05-21 06:00:00
287973,76533,2022-05-21 06:00:00
287983,76533,2022-05-21 06:00:00
287997,76533,2022-05-21 06:00:00
287992,76533,2022-05-21 06:00:00
287939,76533,2022-05-21 06:00:00
288017,76533,2022-05-21 06:00:00
288176,76533,2022-05-21 06:00:00
288171,76533,2022-05-21 06:00:00
288216,76533,2022-05-21 06:00:00
288241,76533,2022-05-21 06:00:00
288251,76533,2022-05-21 06:00:00
288256,76533,2022-05-21 06:00:00
288276,76534,2022-05-21 12:00:00
288211,76534,2022-05-21 12:00:00
288316,76534,2022-05-21 12:00:00
288271,76534,2022-05-21 12:00:00
288326,76534,2022-05-21 12:00:00
288331,76534,2022-05-21 12:00:00
288231,76534,2022-05-21 12:00:00
288191,76534,2022-05-21 12:00:00
288291,76534,2022-05-21 12:00:00
288266,76534,2022-05-21 12:00:00
288296,76534,2022-05-21 12:00:00
288221,76534,2022-05-21 12:00:00
288246,76534,2022-05-21 12:00:00
288141,76534,2022-05-21 12:00:00
288186,76534,2022-05-21 12:00:00
288161,76534,2022-05-21 12:00:00
8779,76541,2022-05-23 06:00:00
8817,76541,2022-05-23 06:00:00
8776,76541,2022-05-23 06:00:00
8777,76541,2022-05-23 06:00:00
8778,76541,2022-05-23 06:00:00
8780,76541,2022-05-23 06:00:00
8814,76541,2022-05-23 06:00:00
8815,76541,2022-05-23 06:00:00
8816,76541,2022-05-23 06:00:00
278391,76541,2022-05-23 06:00:00
8781,76541,2022-05-23 06:00:00
286885,76542,2022-05-23 12:00:00
286869,76542,2022-05-23 12:00:00
286870,76542,2022-05-23 12:00:00
286871,76542,2022-05-23 12:00:00
286872,76542,2022-05-23 12:00:00
286873,76542,2022-05-23 12:00:00
286874,76542,2022-05-23 12:00:00
286877,76542,2022-05-23 12:00:00
286878,76542,2022-05-23 12:00:00
286911,76542,2022-05-23 12:00:00
286912,76542,2022-05-23 12:00:00
286881,76542,2022-05-23 12:00:00
286882,76542,2022-05-23 12:00:00
286883,76542,2022-05-23 12:00:00
286884,76542,2022-05-23 12:00:00
286868,76542,2022-05-23 12:00:00
286824,76542,2022-05-23 12:00:00
286825,76542,2022-05-23 12:00:00
287411,76542,2022-05-23 12:00:00
286826,76542,2022-05-23 12:00:00
287869,76542,2022-05-23 12:00:00
287870,76542,2022-05-23 12:00:00
287871,76542,2022-05-23 12:00:00
286827,76542,2022-05-23 12:00:00
286828,76542,2022-05-23 12:00:00
286861,76542,2022-05-23 12:00:00
286862,76542,2022-05-23 12:00:00
286831,76542,2022-05-23 12:00:00
286832,76542,2022-05-23 12:00:00
286833,76542,2022-05-23 12:00:00
286834,76542,2022-05-23 12:00:00
286886,76542,2022-05-23 12:00:00
287883,76542,2022-05-23 12:00:00
287884,76542,2022-05-23 12:00:00
287853,76542,2022-05-23 12:00:00
287854,76542,2022-05-23 12:00:00
287855,76542,2022-05-23 12:00:00
287856,76542,2022-05-23 12:00:00
287857,76542,2022-05-23 12:00:00
287858,76542,2022-05-23 12:00:00
287859,76542,2022-05-23 12:00:00
287860,76542,2022-05-23 12:00:00
287861,76542,2022-05-23 12:00:00
287862,76542,2022-05-23 12:00:00
287863,76542,2022-05-23 12:00:00
287864,76542,2022-05-23 12:00:00
287865,76542,2022-05-23 12:00:00
287866,76542,2022-05-23 12:00:00
287867,76542,2022-05-23 12:00:00
287868,76542,2022-05-23 12:00:00
287837,76542,2022-05-23 12:00:00
287838,76542,2022-05-23 12:00:00
287839,76542,2022-05-23 12:00:00
287840,76542,2022-05-23 12:00:00
287841,76542,2022-05-23 12:00:00
287842,76542,2022-05-23 12:00:00
287843,76542,2022-05-23 12:00:00
287844,76542,2022-05-23 12:00:00
287845,76542,2022-05-23 12:00:00
287846,76542,2022-05-23 12:00:00
287847,76542,2022-05-23 12:00:00
287848,76542,2022-05-23 12:00:00
287404,76542,2022-05-23 12:00:00
287405,76542,2022-05-23 12:00:00
287406,76542,2022-05-23 12:00:00
287407,76542,2022-05-23 12:00:00
287408,76542,2022-05-23 12:00:00
287409,76542,2022-05-23 12:00:00
287410,76542,2022-05-23 12:00:00
287849,76542,2022-05-23 12:00:00
287850,76542,2022-05-23 12:00:00
287851,76542,2022-05-23 12:00:00
287852,76542,2022-05-23 12:00:00
287819,76542,2022-05-23 12:00:00
287820,76542,2022-05-23 12:00:00
287821,76542,2022-05-23 12:00:00
287822,76542,2022-05-23 12:00:00
287825,76542,2022-05-23 12:00:00
287826,76542,2022-05-23 12:00:00
287827,76542,2022-05-23 12:00:00
287828,76542,2022-05-23 12:00:00
287829,76542,2022-05-23 12:00:00
287830,76542,2022-05-23 12:00:00
287831,76542,2022-05-23 12:00:00
287832,76542,2022-05-23 12:00:00
287396,76542,2022-05-23 12:00:00
287397,76542,2022-05-23 12:00:00
287398,76542,2022-05-23 12:00:00
287399,76542,2022-05-23 12:00:00
287400,76542,2022-05-23 12:00:00
287401,76542,2022-05-23 12:00:00
287402,76542,2022-05-23 12:00:00
287403,76542,2022-05-23 12:00:00
287250,76542,2022-05-23 12:00:00
287251,76542,2022-05-23 12:00:00
287252,76542,2022-05-23 12:00:00
287253,76542,2022-05-23 12:00:00
287254,76542,2022-05-23 12:00:00
287255,76542,2022-05-23 12:00:00
287256,76542,2022-05-23 12:00:00
287257,76542,2022-05-23 12:00:00
287258,76542,2022-05-23 12:00:00
287259,76542,2022-05-23 12:00:00
287260,76542,2022-05-23 12:00:00
287261,76542,2022-05-23 12:00:00
287262,76542,2022-05-23 12:00:00
286835,76542,2022-05-23 12:00:00
286836,76542,2022-05-23 12:00:00
286837,76542,2022-05-23 12:00:00
287234,76542,2022-05-23 12:00:00
287235,76542,2022-05-23 12:00:00
287236,76542,2022-05-23 12:00:00
287237,76542,2022-05-23 12:00:00
287238,76542,2022-05-23 12:00:00
287239,76542,2022-05-23 12:00:00
287240,76542,2022-05-23 12:00:00
287241,76542,2022-05-23 12:00:00
287242,76542,2022-05-23 12:00:00
287243,76542,2022-05-23 12:00:00
287244,76542,2022-05-23 12:00:00
287245,76542,2022-05-23 12:00:00
287246,76542,2022-05-23 12:00:00
287247,76542,2022-05-23 12:00:00
286838,76542,2022-05-23 12:00:00
286839,76542,2022-05-23 12:00:00
287218,76542,2022-05-23 12:00:00
287219,76542,2022-05-23 12:00:00
287220,76542,2022-05-23 12:00:00
287221,76542,2022-05-23 12:00:00
287222,76542,2022-05-23 12:00:00
287223,76542,2022-05-23 12:00:00
287224,76542,2022-05-23 12:00:00
287225,76542,2022-05-23 12:00:00
287226,76542,2022-05-23 12:00:00
287227,76542,2022-05-23 12:00:00
287228,76542,2022-05-23 12:00:00
287229,76542,2022-05-23 12:00:00
287230,76542,2022-05-23 12:00:00
287231,76542,2022-05-23 12:00:00
286840,76542,2022-05-23 12:00:00
286841,76542,2022-05-23 12:00:00
287200,76542,2022-05-23 12:00:00
287201,76542,2022-05-23 12:00:00
287202,76542,2022-05-23 12:00:00
287203,76542,2022-05-23 12:00:00
287204,76542,2022-05-23 12:00:00
287205,76542,2022-05-23 12:00:00
287206,76542,2022-05-23 12:00:00
287209,76542,2022-05-23 12:00:00
287210,76542,2022-05-23 12:00:00
287211,76542,2022-05-23 12:00:00
287212,76542,2022-05-23 12:00:00
287213,76542,2022-05-23 12:00:00
287214,76542,2022-05-23 12:00:00
287215,76542,2022-05-23 12:00:00
287248,76542,2022-05-23 12:00:00
287249,76542,2022-05-23 12:00:00
287184,76542,2022-05-23 12:00:00
287185,76542,2022-05-23 12:00:00
287186,76542,2022-05-23 12:00:00
287187,76542,2022-05-23 12:00:00
287188,76542,2022-05-23 12:00:00
287189,76542,2022-05-23 12:00:00
287190,76542,2022-05-23 12:00:00
287191,76542,2022-05-23 12:00:00
287192,76542,2022-05-23 12:00:00
287193,76542,2022-05-23 12:00:00
287194,76542,2022-05-23 12:00:00
287195,76542,2022-05-23 12:00:00
287196,76542,2022-05-23 12:00:00
287197,76542,2022-05-23 12:00:00
287232,76542,2022-05-23 12:00:00
287233,76542,2022-05-23 12:00:00
287382,76542,2022-05-23 12:00:00
287383,76542,2022-05-23 12:00:00
287384,76542,2022-05-23 12:00:00
287385,76542,2022-05-23 12:00:00
287386,76542,2022-05-23 12:00:00
287387,76542,2022-05-23 12:00:00
287388,76542,2022-05-23 12:00:00
287389,76542,2022-05-23 12:00:00
287390,76542,2022-05-23 12:00:00
287391,76542,2022-05-23 12:00:00
287392,76542,2022-05-23 12:00:00
287393,76542,2022-05-23 12:00:00
287394,76542,2022-05-23 12:00:00
287395,76542,2022-05-23 12:00:00
287371,76542,2022-05-23 12:00:00
287372,76542,2022-05-23 12:00:00
287373,76542,2022-05-23 12:00:00
287374,76542,2022-05-23 12:00:00
287375,76542,2022-05-23 12:00:00
287376,76542,2022-05-23 12:00:00
287377,76542,2022-05-23 12:00:00
287378,76542,2022-05-23 12:00:00
287379,76542,2022-05-23 12:00:00
287380,76542,2022-05-23 12:00:00
287381,76542,2022-05-23 12:00:00
287355,76542,2022-05-23 12:00:00
287356,76542,2022-05-23 12:00:00
287357,76542,2022-05-23 12:00:00
287358,76542,2022-05-23 12:00:00
287359,76542,2022-05-23 12:00:00
287360,76542,2022-05-23 12:00:00
287361,76542,2022-05-23 12:00:00
287362,76542,2022-05-23 12:00:00
287363,76542,2022-05-23 12:00:00
287364,76542,2022-05-23 12:00:00
287365,76542,2022-05-23 12:00:00
287366,76542,2022-05-23 12:00:00
287367,76542,2022-05-23 12:00:00
287368,76542,2022-05-23 12:00:00
287369,76542,2022-05-23 12:00:00
287370,76542,2022-05-23 12:00:00
287833,76542,2022-05-23 12:00:00
287834,76542,2022-05-23 12:00:00
287835,76542,2022-05-23 12:00:00
287836,76542,2022-05-23 12:00:00
287803,76542,2022-05-23 12:00:00
287804,76542,2022-05-23 12:00:00
287805,76542,2022-05-23 12:00:00
287806,76542,2022-05-23 12:00:00
287807,76542,2022-05-23 12:00:00
287808,76542,2022-05-23 12:00:00
287809,76542,2022-05-23 12:00:00
287810,76542,2022-05-23 12:00:00
287811,76542,2022-05-23 12:00:00
287812,76542,2022-05-23 12:00:00
287813,76542,2022-05-23 12:00:00
287814,76542,2022-05-23 12:00:00
287348,76542,2022-05-23 12:00:00
287349,76542,2022-05-23 12:00:00
287350,76542,2022-05-23 12:00:00
287351,76542,2022-05-23 12:00:00
287352,76542,2022-05-23 12:00:00
287353,76542,2022-05-23 12:00:00
287354,76542,2022-05-23 12:00:00
287815,76542,2022-05-23 12:00:00
287816,76542,2022-05-23 12:00:00
287817,76542,2022-05-23 12:00:00
287818,76542,2022-05-23 12:00:00
287788,76542,2022-05-23 12:00:00
287168,76542,2022-05-23 12:00:00
287169,76542,2022-05-23 12:00:00
287170,76542,2022-05-23 12:00:00
287171,76542,2022-05-23 12:00:00
287172,76542,2022-05-23 12:00:00
287173,76542,2022-05-23 12:00:00
287174,76542,2022-05-23 12:00:00
287175,76542,2022-05-23 12:00:00
287176,76542,2022-05-23 12:00:00
287177,76542,2022-05-23 12:00:00
287178,76542,2022-05-23 12:00:00
287179,76542,2022-05-23 12:00:00
287180,76542,2022-05-23 12:00:00
287181,76542,2022-05-23 12:00:00
287216,76542,2022-05-23 12:00:00
287217,76542,2022-05-23 12:00:00
287789,76542,2022-05-23 12:00:00
287790,76542,2022-05-23 12:00:00
287791,76542,2022-05-23 12:00:00
287792,76542,2022-05-23 12:00:00
287793,76542,2022-05-23 12:00:00
287794,76542,2022-05-23 12:00:00
287795,76542,2022-05-23 12:00:00
287796,76542,2022-05-23 12:00:00
287797,76542,2022-05-23 12:00:00
287798,76542,2022-05-23 12:00:00
287799,76542,2022-05-23 12:00:00
287347,76542,2022-05-23 12:00:00
286842,76542,2022-05-23 12:00:00
286843,76542,2022-05-23 12:00:00
286844,76542,2022-05-23 12:00:00
286879,76542,2022-05-23 12:00:00
286880,76542,2022-05-23 12:00:00
286847,76542,2022-05-23 12:00:00
286848,76542,2022-05-23 12:00:00
286849,76542,2022-05-23 12:00:00
286850,76542,2022-05-23 12:00:00
287340,76542,2022-05-23 12:00:00
287341,76542,2022-05-23 12:00:00
287342,76542,2022-05-23 12:00:00
287343,76542,2022-05-23 12:00:00
287344,76542,2022-05-23 12:00:00
287345,76542,2022-05-23 12:00:00
287346,76542,2022-05-23 12:00:00
287800,76542,2022-05-23 12:00:00
287801,76542,2022-05-23 12:00:00
287802,76542,2022-05-23 12:00:00
287772,76542,2022-05-23 12:00:00
287773,76542,2022-05-23 12:00:00
287774,76542,2022-05-23 12:00:00
287775,76542,2022-05-23 12:00:00
287776,76542,2022-05-23 12:00:00
287777,76542,2022-05-23 12:00:00
287778,76542,2022-05-23 12:00:00
287779,76542,2022-05-23 12:00:00
287780,76542,2022-05-23 12:00:00
287781,76542,2022-05-23 12:00:00
287782,76542,2022-05-23 12:00:00
287783,76542,2022-05-23 12:00:00
287784,76542,2022-05-23 12:00:00
286851,76542,2022-05-23 12:00:00
286852,76542,2022-05-23 12:00:00
286853,76542,2022-05-23 12:00:00
286854,76542,2022-05-23 12:00:00
286855,76542,2022-05-23 12:00:00
286856,76542,2022-05-23 12:00:00
286857,76542,2022-05-23 12:00:00
286858,76542,2022-05-23 12:00:00
286859,76542,2022-05-23 12:00:00
286860,76542,2022-05-23 12:00:00
286895,76542,2022-05-23 12:00:00
286896,76542,2022-05-23 12:00:00
286863,76542,2022-05-23 12:00:00
286864,76542,2022-05-23 12:00:00
286865,76542,2022-05-23 12:00:00
286866,76542,2022-05-23 12:00:00
286867,76542,2022-05-23 12:00:00
287882,76542,2022-05-23 12:00:00
287872,76542,2022-05-23 12:00:00
287873,76542,2022-05-23 12:00:00
287874,76542,2022-05-23 12:00:00
287875,76542,2022-05-23 12:00:00
287876,76542,2022-05-23 12:00:00
287877,76542,2022-05-23 12:00:00
287878,76542,2022-05-23 12:00:00
287879,76542,2022-05-23 12:00:00
287880,76542,2022-05-23 12:00:00
287881,76542,2022-05-23 12:00:00
287414,76542,2022-05-23 12:00:00
287416,76542,2022-05-23 12:00:00
287415,76542,2022-05-23 12:00:00
287785,76542,2022-05-23 12:00:00
287786,76542,2022-05-23 12:00:00
287787,76542,2022-05-23 12:00:00
287754,76542,2022-05-23 12:00:00
287755,76542,2022-05-23 12:00:00
287756,76542,2022-05-23 12:00:00
287757,76542,2022-05-23 12:00:00
287758,76542,2022-05-23 12:00:00
287759,76542,2022-05-23 12:00:00
287762,76542,2022-05-23 12:00:00
287763,76542,2022-05-23 12:00:00
287764,76542,2022-05-23 12:00:00
287765,76542,2022-05-23 12:00:00
287766,76542,2022-05-23 12:00:00
287767,76542,2022-05-23 12:00:00
287768,76542,2022-05-23 12:00:00
287769,76542,2022-05-23 12:00:00
287770,76542,2022-05-23 12:00:00
287771,76542,2022-05-23 12:00:00
287738,76542,2022-05-23 12:00:00
287739,76542,2022-05-23 12:00:00
287740,76542,2022-05-23 12:00:00
287741,76542,2022-05-23 12:00:00
287742,76542,2022-05-23 12:00:00
287743,76542,2022-05-23 12:00:00
287744,76542,2022-05-23 12:00:00
287745,76542,2022-05-23 12:00:00
287746,76542,2022-05-23 12:00:00
287747,76542,2022-05-23 12:00:00
287748,76542,2022-05-23 12:00:00
287749,76542,2022-05-23 12:00:00
287750,76542,2022-05-23 12:00:00
287751,76542,2022-05-23 12:00:00
287752,76542,2022-05-23 12:00:00
287753,76542,2022-05-23 12:00:00
287722,76542,2022-05-23 12:00:00
287723,76542,2022-05-23 12:00:00
287724,76542,2022-05-23 12:00:00
287725,76542,2022-05-23 12:00:00
287726,76542,2022-05-23 12:00:00
287727,76542,2022-05-23 12:00:00
287728,76542,2022-05-23 12:00:00
287729,76542,2022-05-23 12:00:00
287730,76542,2022-05-23 12:00:00
287731,76542,2022-05-23 12:00:00
287732,76542,2022-05-23 12:00:00
287733,76542,2022-05-23 12:00:00
287734,76542,2022-05-23 12:00:00
287735,76542,2022-05-23 12:00:00
287736,76542,2022-05-23 12:00:00
287737,76542,2022-05-23 12:00:00
287706,76542,2022-05-23 12:00:00
287707,76542,2022-05-23 12:00:00
287708,76542,2022-05-23 12:00:00
287709,76542,2022-05-23 12:00:00
287710,76542,2022-05-23 12:00:00
287711,76542,2022-05-23 12:00:00
287712,76542,2022-05-23 12:00:00
287713,76542,2022-05-23 12:00:00
287714,76542,2022-05-23 12:00:00
287715,76542,2022-05-23 12:00:00
287716,76542,2022-05-23 12:00:00
287717,76542,2022-05-23 12:00:00
287718,76542,2022-05-23 12:00:00
287719,76542,2022-05-23 12:00:00
287720,76542,2022-05-23 12:00:00
287721,76542,2022-05-23 12:00:00
287689,76542,2022-05-23 12:00:00
287690,76542,2022-05-23 12:00:00
287691,76542,2022-05-23 12:00:00
287692,76542,2022-05-23 12:00:00
287695,76542,2022-05-23 12:00:00
287696,76542,2022-05-23 12:00:00
287697,76542,2022-05-23 12:00:00
287698,76542,2022-05-23 12:00:00
287699,76542,2022-05-23 12:00:00
287700,76542,2022-05-23 12:00:00
287701,76542,2022-05-23 12:00:00
287702,76542,2022-05-23 12:00:00
287703,76542,2022-05-23 12:00:00
287704,76542,2022-05-23 12:00:00
287705,76542,2022-05-23 12:00:00
287673,76542,2022-05-23 12:00:00
287674,76542,2022-05-23 12:00:00
287675,76542,2022-05-23 12:00:00
287676,76542,2022-05-23 12:00:00
287677,76542,2022-05-23 12:00:00
287678,76542,2022-05-23 12:00:00
287679,76542,2022-05-23 12:00:00
287680,76542,2022-05-23 12:00:00
287681,76542,2022-05-23 12:00:00
287682,76542,2022-05-23 12:00:00
287683,76542,2022-05-23 12:00:00
287684,76542,2022-05-23 12:00:00
287685,76542,2022-05-23 12:00:00
287686,76542,2022-05-23 12:00:00
287152,76542,2022-05-23 12:00:00
287153,76542,2022-05-23 12:00:00
287154,76542,2022-05-23 12:00:00
287155,76542,2022-05-23 12:00:00
287156,76542,2022-05-23 12:00:00
287157,76542,2022-05-23 12:00:00
287158,76542,2022-05-23 12:00:00
287159,76542,2022-05-23 12:00:00
287160,76542,2022-05-23 12:00:00
287161,76542,2022-05-23 12:00:00
287162,76542,2022-05-23 12:00:00
287163,76542,2022-05-23 12:00:00
287164,76542,2022-05-23 12:00:00
287165,76542,2022-05-23 12:00:00
287198,76542,2022-05-23 12:00:00
287199,76542,2022-05-23 12:00:00
287136,76542,2022-05-23 12:00:00
287137,76542,2022-05-23 12:00:00
287138,76542,2022-05-23 12:00:00
287139,76542,2022-05-23 12:00:00
287166,76542,2022-05-23 12:00:00
287167,76542,2022-05-23 12:00:00
287142,76542,2022-05-23 12:00:00
287143,76542,2022-05-23 12:00:00
287144,76542,2022-05-23 12:00:00
287145,76542,2022-05-23 12:00:00
287146,76542,2022-05-23 12:00:00
287147,76542,2022-05-23 12:00:00
287148,76542,2022-05-23 12:00:00
287149,76542,2022-05-23 12:00:00
287182,76542,2022-05-23 12:00:00
287183,76542,2022-05-23 12:00:00
287119,76542,2022-05-23 12:00:00
287120,76542,2022-05-23 12:00:00
287121,76542,2022-05-23 12:00:00
287122,76542,2022-05-23 12:00:00
287123,76542,2022-05-23 12:00:00
287124,76542,2022-05-23 12:00:00
287125,76542,2022-05-23 12:00:00
287126,76542,2022-05-23 12:00:00
287150,76542,2022-05-23 12:00:00
287151,76542,2022-05-23 12:00:00
287129,76542,2022-05-23 12:00:00
287130,76542,2022-05-23 12:00:00
287131,76542,2022-05-23 12:00:00
287132,76542,2022-05-23 12:00:00
287135,76542,2022-05-23 12:00:00
287140,76542,2022-05-23 12:00:00
287141,76542,2022-05-23 12:00:00
287116,76542,2022-05-23 12:00:00
287117,76542,2022-05-23 12:00:00
287118,76542,2022-05-23 12:00:00
287127,76542,2022-05-23 12:00:00
287128,76542,2022-05-23 12:00:00
287025,76542,2022-05-23 12:00:00
287026,76542,2022-05-23 12:00:00
287027,76542,2022-05-23 12:00:00
287028,76542,2022-05-23 12:00:00
287029,76542,2022-05-23 12:00:00
287030,76542,2022-05-23 12:00:00
287006,76542,2022-05-23 12:00:00
287007,76542,2022-05-23 12:00:00
287008,76542,2022-05-23 12:00:00
287009,76542,2022-05-23 12:00:00
287010,76542,2022-05-23 12:00:00
287011,76542,2022-05-23 12:00:00
287012,76542,2022-05-23 12:00:00
287013,76542,2022-05-23 12:00:00
287017,76542,2022-05-23 12:00:00
287018,76542,2022-05-23 12:00:00
287019,76542,2022-05-23 12:00:00
287020,76542,2022-05-23 12:00:00
286988,76542,2022-05-23 12:00:00
286989,76542,2022-05-23 12:00:00
286990,76542,2022-05-23 12:00:00
286991,76542,2022-05-23 12:00:00
286992,76542,2022-05-23 12:00:00
286993,76542,2022-05-23 12:00:00
286994,76542,2022-05-23 12:00:00
286995,76542,2022-05-23 12:00:00
287031,76542,2022-05-23 12:00:00
287032,76542,2022-05-23 12:00:00
286998,76542,2022-05-23 12:00:00
286999,76542,2022-05-23 12:00:00
287000,76542,2022-05-23 12:00:00
287002,76542,2022-05-23 12:00:00
287003,76542,2022-05-23 12:00:00
287005,76542,2022-05-23 12:00:00
287687,76542,2022-05-23 12:00:00
287688,76542,2022-05-23 12:00:00
286972,76542,2022-05-23 12:00:00
286973,76542,2022-05-23 12:00:00
286974,76542,2022-05-23 12:00:00
286975,76542,2022-05-23 12:00:00
286976,76542,2022-05-23 12:00:00
286977,76542,2022-05-23 12:00:00
286978,76542,2022-05-23 12:00:00
286979,76542,2022-05-23 12:00:00
287015,76542,2022-05-23 12:00:00
287016,76542,2022-05-23 12:00:00
286982,76542,2022-05-23 12:00:00
286983,76542,2022-05-23 12:00:00
286984,76542,2022-05-23 12:00:00
286985,76542,2022-05-23 12:00:00
286986,76542,2022-05-23 12:00:00
286987,76542,2022-05-23 12:00:00
287657,76542,2022-05-23 12:00:00
287658,76542,2022-05-23 12:00:00
287659,76542,2022-05-23 12:00:00
287660,76542,2022-05-23 12:00:00
287661,76542,2022-05-23 12:00:00
287662,76542,2022-05-23 12:00:00
287663,76542,2022-05-23 12:00:00
287664,76542,2022-05-23 12:00:00
287665,76542,2022-05-23 12:00:00
287666,76542,2022-05-23 12:00:00
287667,76542,2022-05-23 12:00:00
287668,76542,2022-05-23 12:00:00
287669,76542,2022-05-23 12:00:00
287670,76542,2022-05-23 12:00:00
287671,76542,2022-05-23 12:00:00
287672,76542,2022-05-23 12:00:00
287641,76542,2022-05-23 12:00:00
287642,76542,2022-05-23 12:00:00
287643,76542,2022-05-23 12:00:00
287644,76542,2022-05-23 12:00:00
287645,76542,2022-05-23 12:00:00
287646,76542,2022-05-23 12:00:00
287647,76542,2022-05-23 12:00:00
287648,76542,2022-05-23 12:00:00
287649,76542,2022-05-23 12:00:00
287650,76542,2022-05-23 12:00:00
287651,76542,2022-05-23 12:00:00
287652,76542,2022-05-23 12:00:00
287653,76542,2022-05-23 12:00:00
287654,76542,2022-05-23 12:00:00
287655,76542,2022-05-23 12:00:00
287656,76542,2022-05-23 12:00:00
287623,76542,2022-05-23 12:00:00
287627,76542,2022-05-23 12:00:00
287628,76542,2022-05-23 12:00:00
287629,76542,2022-05-23 12:00:00
287630,76542,2022-05-23 12:00:00
287631,76542,2022-05-23 12:00:00
287632,76542,2022-05-23 12:00:00
287633,76542,2022-05-23 12:00:00
287634,76542,2022-05-23 12:00:00
287635,76542,2022-05-23 12:00:00
287636,76542,2022-05-23 12:00:00
287637,76542,2022-05-23 12:00:00
287638,76542,2022-05-23 12:00:00
287639,76542,2022-05-23 12:00:00
287640,76542,2022-05-23 12:00:00
287607,76542,2022-05-23 12:00:00
287608,76542,2022-05-23 12:00:00
287609,76542,2022-05-23 12:00:00
287610,76542,2022-05-23 12:00:00
287611,76542,2022-05-23 12:00:00
287612,76542,2022-05-23 12:00:00
287613,76542,2022-05-23 12:00:00
287614,76542,2022-05-23 12:00:00
287615,76542,2022-05-23 12:00:00
287616,76542,2022-05-23 12:00:00
287617,76542,2022-05-23 12:00:00
287618,76542,2022-05-23 12:00:00
287619,76542,2022-05-23 12:00:00
287620,76542,2022-05-23 12:00:00
287621,76542,2022-05-23 12:00:00
287622,76542,2022-05-23 12:00:00
287592,76542,2022-05-23 12:00:00
287593,76542,2022-05-23 12:00:00
287594,76542,2022-05-23 12:00:00
287595,76542,2022-05-23 12:00:00
287596,76542,2022-05-23 12:00:00
287597,76542,2022-05-23 12:00:00
287598,76542,2022-05-23 12:00:00
287599,76542,2022-05-23 12:00:00
287600,76542,2022-05-23 12:00:00
287601,76542,2022-05-23 12:00:00
287602,76542,2022-05-23 12:00:00
287603,76542,2022-05-23 12:00:00
287604,76542,2022-05-23 12:00:00
287605,76542,2022-05-23 12:00:00
287606,76542,2022-05-23 12:00:00
287576,76542,2022-05-23 12:00:00
287577,76542,2022-05-23 12:00:00
287578,76542,2022-05-23 12:00:00
287579,76542,2022-05-23 12:00:00
287580,76542,2022-05-23 12:00:00
287581,76542,2022-05-23 12:00:00
287582,76542,2022-05-23 12:00:00
287583,76542,2022-05-23 12:00:00
287584,76542,2022-05-23 12:00:00
287585,76542,2022-05-23 12:00:00
287586,76542,2022-05-23 12:00:00
287587,76542,2022-05-23 12:00:00
287588,76542,2022-05-23 12:00:00
287589,76542,2022-05-23 12:00:00
287590,76542,2022-05-23 12:00:00
287591,76542,2022-05-23 12:00:00
287563,76542,2022-05-23 12:00:00
287564,76542,2022-05-23 12:00:00
287565,76542,2022-05-23 12:00:00
287566,76542,2022-05-23 12:00:00
287567,76542,2022-05-23 12:00:00
287568,76542,2022-05-23 12:00:00
287569,76542,2022-05-23 12:00:00
287570,76542,2022-05-23 12:00:00
287571,76542,2022-05-23 12:00:00
287572,76542,2022-05-23 12:00:00
287573,76542,2022-05-23 12:00:00
287574,76542,2022-05-23 12:00:00
287575,76542,2022-05-23 12:00:00
286954,76542,2022-05-23 12:00:00
286955,76542,2022-05-23 12:00:00
286956,76542,2022-05-23 12:00:00
286957,76542,2022-05-23 12:00:00
286958,76542,2022-05-23 12:00:00
286959,76542,2022-05-23 12:00:00
286960,76542,2022-05-23 12:00:00
286961,76542,2022-05-23 12:00:00
286996,76542,2022-05-23 12:00:00
286997,76542,2022-05-23 12:00:00
286964,76542,2022-05-23 12:00:00
286967,76542,2022-05-23 12:00:00
286968,76542,2022-05-23 12:00:00
286969,76542,2022-05-23 12:00:00
286970,76542,2022-05-23 12:00:00
286971,76542,2022-05-23 12:00:00
286936,76542,2022-05-23 12:00:00
286937,76542,2022-05-23 12:00:00
286938,76542,2022-05-23 12:00:00
286939,76542,2022-05-23 12:00:00
286940,76542,2022-05-23 12:00:00
286942,76542,2022-05-23 12:00:00
286943,76542,2022-05-23 12:00:00
286945,76542,2022-05-23 12:00:00
286980,76542,2022-05-23 12:00:00
286981,76542,2022-05-23 12:00:00
286948,76542,2022-05-23 12:00:00
286949,76542,2022-05-23 12:00:00
286950,76542,2022-05-23 12:00:00
286951,76542,2022-05-23 12:00:00
286952,76542,2022-05-23 12:00:00
286953,76542,2022-05-23 12:00:00
287495,76542,2022-05-23 12:00:00
286920,76542,2022-05-23 12:00:00
286921,76542,2022-05-23 12:00:00
286922,76542,2022-05-23 12:00:00
286923,76542,2022-05-23 12:00:00
286924,76542,2022-05-23 12:00:00
286925,76542,2022-05-23 12:00:00
286926,76542,2022-05-23 12:00:00
286927,76542,2022-05-23 12:00:00
286962,76542,2022-05-23 12:00:00
286963,76542,2022-05-23 12:00:00
286930,76542,2022-05-23 12:00:00
286931,76542,2022-05-23 12:00:00
286932,76542,2022-05-23 12:00:00
286933,76542,2022-05-23 12:00:00
286934,76542,2022-05-23 12:00:00
286935,76542,2022-05-23 12:00:00
287496,76542,2022-05-23 12:00:00
287497,76542,2022-05-23 12:00:00
287498,76542,2022-05-23 12:00:00
287486,76542,2022-05-23 12:00:00
287487,76542,2022-05-23 12:00:00
287488,76542,2022-05-23 12:00:00
287489,76542,2022-05-23 12:00:00
287490,76542,2022-05-23 12:00:00
287491,76542,2022-05-23 12:00:00
287492,76542,2022-05-23 12:00:00
287493,76542,2022-05-23 12:00:00
287494,76542,2022-05-23 12:00:00
286813,76542,2022-05-23 12:00:00
286903,76542,2022-05-23 12:00:00
286904,76542,2022-05-23 12:00:00
286905,76542,2022-05-23 12:00:00
286906,76542,2022-05-23 12:00:00
286907,76542,2022-05-23 12:00:00
286908,76542,2022-05-23 12:00:00
286909,76542,2022-05-23 12:00:00
286910,76542,2022-05-23 12:00:00
286946,76542,2022-05-23 12:00:00
286947,76542,2022-05-23 12:00:00
286913,76542,2022-05-23 12:00:00
286914,76542,2022-05-23 12:00:00
286915,76542,2022-05-23 12:00:00
286917,76542,2022-05-23 12:00:00
286918,76542,2022-05-23 12:00:00
286919,76542,2022-05-23 12:00:00
286814,76542,2022-05-23 12:00:00
286887,76542,2022-05-23 12:00:00
286888,76542,2022-05-23 12:00:00
286889,76542,2022-05-23 12:00:00
286890,76542,2022-05-23 12:00:00
286891,76542,2022-05-23 12:00:00
286892,76542,2022-05-23 12:00:00
286893,76542,2022-05-23 12:00:00
286894,76542,2022-05-23 12:00:00
286928,76542,2022-05-23 12:00:00
286929,76542,2022-05-23 12:00:00
286897,76542,2022-05-23 12:00:00
286898,76542,2022-05-23 12:00:00
286899,76542,2022-05-23 12:00:00
286900,76542,2022-05-23 12:00:00
286901,76542,2022-05-23 12:00:00
286902,76542,2022-05-23 12:00:00
286829,76542,2022-05-23 12:00:00
286830,76542,2022-05-23 12:00:00
286808,76542,2022-05-23 12:00:00
286809,76542,2022-05-23 12:00:00
286810,76542,2022-05-23 12:00:00
286811,76542,2022-05-23 12:00:00
286812,76542,2022-05-23 12:00:00
286845,76542,2022-05-23 12:00:00
286846,76542,2022-05-23 12:00:00
286815,76542,2022-05-23 12:00:00
286816,76542,2022-05-23 12:00:00
286817,76542,2022-05-23 12:00:00
286818,76542,2022-05-23 12:00:00
286819,76542,2022-05-23 12:00:00
286820,76542,2022-05-23 12:00:00
286821,76542,2022-05-23 12:00:00
286822,76542,2022-05-23 12:00:00
286823,76542,2022-05-23 12:00:00
287273,76543,2022-05-23 18:00:00
287419,76543,2022-05-23 18:00:00
287417,76543,2022-05-23 18:00:00
287286,76543,2022-05-23 18:00:00
287287,76543,2022-05-23 18:00:00
287288,76543,2022-05-23 18:00:00
287268,76543,2022-05-23 18:00:00
287269,76543,2022-05-23 18:00:00
287270,76543,2022-05-23 18:00:00
287271,76543,2022-05-23 18:00:00
287272,76543,2022-05-23 18:00:00
287265,76543,2022-05-23 18:00:00
287284,76543,2022-05-23 18:00:00
287285,76543,2022-05-23 18:00:00
287279,76543,2022-05-23 18:00:00
287280,76543,2022-05-23 18:00:00
287266,76543,2022-05-23 18:00:00
287267,76543,2022-05-23 18:00:00
287328,76543,2022-05-23 18:00:00
287329,76543,2022-05-23 18:00:00
287330,76543,2022-05-23 18:00:00
287331,76543,2022-05-23 18:00:00
287332,76543,2022-05-23 18:00:00
287333,76543,2022-05-23 18:00:00
287334,76543,2022-05-23 18:00:00
287335,76543,2022-05-23 18:00:00
287336,76543,2022-05-23 18:00:00
287313,76543,2022-05-23 18:00:00
287314,76543,2022-05-23 18:00:00
287315,76543,2022-05-23 18:00:00
287316,76543,2022-05-23 18:00:00
287317,76543,2022-05-23 18:00:00
287318,76543,2022-05-23 18:00:00
287319,76543,2022-05-23 18:00:00
287320,76543,2022-05-23 18:00:00
287321,76543,2022-05-23 18:00:00
287322,76543,2022-05-23 18:00:00
287323,76543,2022-05-23 18:00:00
287324,76543,2022-05-23 18:00:00
287325,76543,2022-05-23 18:00:00
287326,76543,2022-05-23 18:00:00
287327,76543,2022-05-23 18:00:00
287312,76543,2022-05-23 18:00:00
287297,76543,2022-05-23 18:00:00
287298,76543,2022-05-23 18:00:00
287299,76543,2022-05-23 18:00:00
287300,76543,2022-05-23 18:00:00
287301,76543,2022-05-23 18:00:00
287302,76543,2022-05-23 18:00:00
287303,76543,2022-05-23 18:00:00
287304,76543,2022-05-23 18:00:00
287305,76543,2022-05-23 18:00:00
287306,76543,2022-05-23 18:00:00
287307,76543,2022-05-23 18:00:00
287308,76543,2022-05-23 18:00:00
287309,76543,2022-05-23 18:00:00
287310,76543,2022-05-23 18:00:00
287311,76543,2022-05-23 18:00:00
287104,76543,2022-05-23 18:00:00
287499,76543,2022-05-23 18:00:00
287500,76543,2022-05-23 18:00:00
287501,76543,2022-05-23 18:00:00
287502,76543,2022-05-23 18:00:00
287503,76543,2022-05-23 18:00:00
287504,76543,2022-05-23 18:00:00
287505,76543,2022-05-23 18:00:00
287506,76543,2022-05-23 18:00:00
287507,76543,2022-05-23 18:00:00
287508,76543,2022-05-23 18:00:00
287113,76543,2022-05-23 18:00:00
287114,76543,2022-05-23 18:00:00
287115,76543,2022-05-23 18:00:00
287095,76543,2022-05-23 18:00:00
287096,76543,2022-05-23 18:00:00
287065,76543,2022-05-23 18:00:00
287066,76543,2022-05-23 18:00:00
287067,76543,2022-05-23 18:00:00
287068,76543,2022-05-23 18:00:00
287069,76543,2022-05-23 18:00:00
287070,76543,2022-05-23 18:00:00
287105,76543,2022-05-23 18:00:00
287106,76543,2022-05-23 18:00:00
287107,76543,2022-05-23 18:00:00
287087,76543,2022-05-23 18:00:00
287088,76543,2022-05-23 18:00:00
287089,76543,2022-05-23 18:00:00
287090,76543,2022-05-23 18:00:00
287091,76543,2022-05-23 18:00:00
287079,76543,2022-05-23 18:00:00
287080,76543,2022-05-23 18:00:00
287092,76543,2022-05-23 18:00:00
287093,76543,2022-05-23 18:00:00
287094,76543,2022-05-23 18:00:00
287108,76543,2022-05-23 18:00:00
287021,76543,2022-05-23 18:00:00
287022,76543,2022-05-23 18:00:00
287109,76543,2022-05-23 18:00:00
287097,76543,2022-05-23 18:00:00
287098,76543,2022-05-23 18:00:00
287099,76543,2022-05-23 18:00:00
287100,76543,2022-05-23 18:00:00
287101,76543,2022-05-23 18:00:00
287102,76543,2022-05-23 18:00:00
287071,76543,2022-05-23 18:00:00
287072,76543,2022-05-23 18:00:00
287073,76543,2022-05-23 18:00:00
287074,76543,2022-05-23 18:00:00
287075,76543,2022-05-23 18:00:00
287076,76543,2022-05-23 18:00:00
287077,76543,2022-05-23 18:00:00
287275,76543,2022-05-23 18:00:00
287276,76543,2022-05-23 18:00:00
287277,76543,2022-05-23 18:00:00
287278,76543,2022-05-23 18:00:00
287078,76543,2022-05-23 18:00:00
287111,76543,2022-05-23 18:00:00
287112,76543,2022-05-23 18:00:00
287081,76543,2022-05-23 18:00:00
287082,76543,2022-05-23 18:00:00
287083,76543,2022-05-23 18:00:00
287084,76543,2022-05-23 18:00:00
287085,76543,2022-05-23 18:00:00
287086,76543,2022-05-23 18:00:00
287023,76543,2022-05-23 18:00:00
287274,76543,2022-05-23 18:00:00
287024,76543,2022-05-23 18:00:00
287289,76543,2022-05-23 18:00:00
287290,76543,2022-05-23 18:00:00
287291,76543,2022-05-23 18:00:00
287292,76543,2022-05-23 18:00:00
287293,76543,2022-05-23 18:00:00
287294,76543,2022-05-23 18:00:00
287295,76543,2022-05-23 18:00:00
287296,76543,2022-05-23 18:00:00
287281,76543,2022-05-23 18:00:00
287282,76543,2022-05-23 18:00:00
287283,76543,2022-05-23 18:00:00
287110,76543,2022-05-23 18:00:00
287103,76543,2022-05-23 18:00:00
287418,76543,2022-05-23 18:00:00
287460,76545,2022-05-24 06:00:00
287459,76545,2022-05-24 06:00:00
287458,76545,2022-05-24 06:00:00
287457,76545,2022-05-24 06:00:00
287456,76545,2022-05-24 06:00:00
287455,76545,2022-05-24 06:00:00
287454,76545,2022-05-24 06:00:00
287453,76545,2022-05-24 06:00:00
287452,76545,2022-05-24 06:00:00
287451,76545,2022-05-24 06:00:00
287450,76545,2022-05-24 06:00:00
287449,76545,2022-05-24 06:00:00
287448,76545,2022-05-24 06:00:00
287465,76545,2022-05-24 06:00:00
287464,76545,2022-05-24 06:00:00
287463,76545,2022-05-24 06:00:00
287462,76545,2022-05-24 06:00:00
287461,76545,2022-05-24 06:00:00
287483,76545,2022-05-24 06:00:00
287482,76545,2022-05-24 06:00:00
287481,76545,2022-05-24 06:00:00
287480,76545,2022-05-24 06:00:00
287479,76545,2022-05-24 06:00:00
287478,76545,2022-05-24 06:00:00
287477,76545,2022-05-24 06:00:00
287509,76545,2022-05-24 06:00:00
287525,76545,2022-05-24 06:00:00
287524,76545,2022-05-24 06:00:00
287523,76545,2022-05-24 06:00:00
287446,76545,2022-05-24 06:00:00
287427,76545,2022-05-24 06:00:00
287445,76545,2022-05-24 06:00:00
287511,76545,2022-05-24 06:00:00
287510,76545,2022-05-24 06:00:00
287541,76545,2022-05-24 06:00:00
287540,76545,2022-05-24 06:00:00
287423,76545,2022-05-24 06:00:00
287424,76545,2022-05-24 06:00:00
287425,76545,2022-05-24 06:00:00
287426,76545,2022-05-24 06:00:00
287521,76545,2022-05-24 06:00:00
287522,76545,2022-05-24 06:00:00
287520,76545,2022-05-24 06:00:00
287515,76545,2022-05-24 06:00:00
287516,76545,2022-05-24 06:00:00
287517,76545,2022-05-24 06:00:00
287518,76545,2022-05-24 06:00:00
287519,76545,2022-05-24 06:00:00
287537,76545,2022-05-24 06:00:00
287538,76545,2022-05-24 06:00:00
287536,76545,2022-05-24 06:00:00
287512,76545,2022-05-24 06:00:00
287539,76545,2022-05-24 06:00:00
287514,76545,2022-05-24 06:00:00
287513,76545,2022-05-24 06:00:00
287527,76545,2022-05-24 06:00:00
287528,76545,2022-05-24 06:00:00
287529,76545,2022-05-24 06:00:00
287530,76545,2022-05-24 06:00:00
287531,76545,2022-05-24 06:00:00
287532,76545,2022-05-24 06:00:00
287533,76545,2022-05-24 06:00:00
287534,76545,2022-05-24 06:00:00
287535,76545,2022-05-24 06:00:00
287447,76545,2022-05-24 06:00:00
8813,76545,2022-05-24 06:00:00
287549,76545,2022-05-24 06:00:00
287548,76545,2022-05-24 06:00:00
287547,76545,2022-05-24 06:00:00
287546,76545,2022-05-24 06:00:00
287545,76545,2022-05-24 06:00:00
287544,76545,2022-05-24 06:00:00
287543,76545,2022-05-24 06:00:00
287526,76545,2022-05-24 06:00:00
287557,76545,2022-05-24 06:00:00
287556,76545,2022-05-24 06:00:00
287555,76545,2022-05-24 06:00:00
287554,76545,2022-05-24 06:00:00
287553,76545,2022-05-24 06:00:00
287552,76545,2022-05-24 06:00:00
287551,76545,2022-05-24 06:00:00
287550,76545,2022-05-24 06:00:00
287560,76545,2022-05-24 06:00:00
287559,76545,2022-05-24 06:00:00
287558,76545,2022-05-24 06:00:00
287431,76545,2022-05-24 06:00:00
287430,76545,2022-05-24 06:00:00
287429,76545,2022-05-24 06:00:00
287542,76545,2022-05-24 06:00:00
287471,76545,2022-05-24 06:00:00
287472,76545,2022-05-24 06:00:00
287473,76545,2022-05-24 06:00:00
287474,76545,2022-05-24 06:00:00
287475,76545,2022-05-24 06:00:00
287476,76545,2022-05-24 06:00:00
287422,76545,2022-05-24 06:00:00
287435,76545,2022-05-24 06:00:00
287436,76545,2022-05-24 06:00:00
287437,76545,2022-05-24 06:00:00
287438,76545,2022-05-24 06:00:00
287420,76545,2022-05-24 06:00:00
287428,76545,2022-05-24 06:00:00
287439,76545,2022-05-24 06:00:00
287440,76545,2022-05-24 06:00:00
287441,76545,2022-05-24 06:00:00
287442,76545,2022-05-24 06:00:00
287443,76545,2022-05-24 06:00:00
287444,76545,2022-05-24 06:00:00
287421,76545,2022-05-24 06:00:00
287432,76545,2022-05-24 06:00:00
287433,76545,2022-05-24 06:00:00
287434,76545,2022-05-24 06:00:00
287470,76545,2022-05-24 06:00:00
287467,76545,2022-05-24 06:00:00
287468,76545,2022-05-24 06:00:00
287469,76545,2022-05-24 06:00:00
287466,76545,2022-05-24 06:00:00
289182,76566,2022-05-29 12:00:00
287624,76566,2022-05-29 12:00:00
289176,76566,2022-05-29 12:00:00
289183,76566,2022-05-29 12:00:00
289187,76566,2022-05-29 12:00:00
289181,76566,2022-05-29 12:00:00
289179,76566,2022-05-29 12:00:00
289180,76566,2022-05-29 12:00:00
289186,76566,2022-05-29 12:00:00
289185,76566,2022-05-29 12:00:00
289184,76566,2022-05-29 12:00:00
289206,76566,2022-05-29 12:00:00
289190,76566,2022-05-29 12:00:00
289205,76566,2022-05-29 12:00:00
289208,76566,2022-05-29 12:00:00
289207,76566,2022-05-29 12:00:00
289178,76566,2022-05-29 12:00:00
289177,76566,2022-05-29 12:00:00
289191,76566,2022-05-29 12:00:00
289210,76566,2022-05-29 12:00:00
289209,76566,2022-05-29 12:00:00
289211,76566,2022-05-29 12:00:00
289192,76566,2022-05-29 12:00:00
289189,76566,2022-05-29 12:00:00
289188,76566,2022-05-29 12:00:00
289213,76566,2022-05-29 12:00:00
289212,76566,2022-05-29 12:00:00
289196,76566,2022-05-29 12:00:00
289197,76566,2022-05-29 12:00:00
289198,76566,2022-05-29 12:00:00
289199,76566,2022-05-29 12:00:00
289200,76566,2022-05-29 12:00:00
289193,76566,2022-05-29 12:00:00
289194,76566,2022-05-29 12:00:00
289195,76566,2022-05-29 12:00:00
289202,76566,2022-05-29 12:00:00
289201,76566,2022-05-29 12:00:00
289203,76566,2022-05-29 12:00:00
289204,76566,2022-05-29 12:00:00
289253,76571,2022-05-30 18:00:00
289222,76571,2022-05-30 18:00:00
289221,76571,2022-05-30 18:00:00
289238,76571,2022-05-30 18:00:00
289237,76571,2022-05-30 18:00:00
289239,76571,2022-05-30 18:00:00
289235,76571,2022-05-30 18:00:00
289234,76571,2022-05-30 18:00:00
289233,76571,2022-05-30 18:00:00
289232,76571,2022-05-30 18:00:00
289231,76571,2022-05-30 18:00:00
289230,76571,2022-05-30 18:00:00
289229,76571,2022-05-30 18:00:00
289228,76571,2022-05-30 18:00:00
289227,76571,2022-05-30 18:00:00
289226,76571,2022-05-30 18:00:00
289225,76571,2022-05-30 18:00:00
289224,76571,2022-05-30 18:00:00
289223,76571,2022-05-30 18:00:00
289252,76571,2022-05-30 18:00:00
289251,76571,2022-05-30 18:00:00
289250,76571,2022-05-30 18:00:00
289249,76571,2022-05-30 18:00:00
289248,76571,2022-05-30 18:00:00
289247,76571,2022-05-30 18:00:00
289246,76571,2022-05-30 18:00:00
289245,76571,2022-05-30 18:00:00
289244,76571,2022-05-30 18:00:00
289243,76571,2022-05-30 18:00:00
289242,76571,2022-05-30 18:00:00
289220,76571,2022-05-30 18:00:00
289219,76571,2022-05-30 18:00:00
289218,76571,2022-05-30 18:00:00
289217,76571,2022-05-30 18:00:00
289216,76571,2022-05-30 18:00:00
289215,76571,2022-05-30 18:00:00
289214,76571,2022-05-30 18:00:00
289236,76571,2022-05-30 18:00:00
289241,76571,2022-05-30 18:00:00
289240,76571,2022-05-30 18:00:00
277960,76577,2022-06-01 06:00:00
277989,76577,2022-06-01 06:00:00
277961,76577,2022-06-01 06:00:00
278425,76578,2022-06-01 12:00:00
278429,76578,2022-06-01 12:00:00
278430,76578,2022-06-01 12:00:00
278459,76578,2022-06-01 12:00:00
278426,76578,2022-06-01 12:00:00
278404,76578,2022-06-01 12:00:00
278405,76578,2022-06-01 12:00:00
278443,76578,2022-06-01 12:00:00
278444,76578,2022-06-01 12:00:00
278408,76578,2022-06-01 12:00:00
278409,76578,2022-06-01 12:00:00
278410,76578,2022-06-01 12:00:00
278432,76578,2022-06-01 12:00:00
278433,76578,2022-06-01 12:00:00
278434,76578,2022-06-01 12:00:00
278435,76578,2022-06-01 12:00:00
278436,76578,2022-06-01 12:00:00
278437,76578,2022-06-01 12:00:00
278438,76578,2022-06-01 12:00:00
278431,76578,2022-06-01 12:00:00
278460,76578,2022-06-01 12:00:00
278387,76578,2022-06-01 12:00:00
278386,76578,2022-06-01 12:00:00
278385,76578,2022-06-01 12:00:00
278384,76578,2022-06-01 12:00:00
278383,76578,2022-06-01 12:00:00
278382,76578,2022-06-01 12:00:00
278381,76578,2022-06-01 12:00:00
278380,76578,2022-06-01 12:00:00
278379,76578,2022-06-01 12:00:00
278356,76578,2022-06-01 12:00:00
278390,76578,2022-06-01 12:00:00
278357,76578,2022-06-01 12:00:00
278361,76578,2022-06-01 12:00:00
278362,76578,2022-06-01 12:00:00
278363,76578,2022-06-01 12:00:00
278360,76578,2022-06-01 12:00:00
278353,76578,2022-06-01 12:00:00
278341,76578,2022-06-01 12:00:00
278374,76578,2022-06-01 12:00:00
278375,76578,2022-06-01 12:00:00
278345,76578,2022-06-01 12:00:00
278351,76578,2022-06-01 12:00:00
278350,76578,2022-06-01 12:00:00
278349,76578,2022-06-01 12:00:00
278365,76578,2022-06-01 12:00:00
278366,76578,2022-06-01 12:00:00
278367,76578,2022-06-01 12:00:00
278368,76578,2022-06-01 12:00:00
278369,76578,2022-06-01 12:00:00
278370,76578,2022-06-01 12:00:00
278439,76578,2022-06-01 12:00:00
278440,76578,2022-06-01 12:00:00
278388,76578,2022-06-01 12:00:00
278389,76578,2022-06-01 12:00:00
278427,76578,2022-06-01 12:00:00
278428,76578,2022-06-01 12:00:00
278392,76578,2022-06-01 12:00:00
278393,76578,2022-06-01 12:00:00
278394,76578,2022-06-01 12:00:00
278395,76578,2022-06-01 12:00:00
278396,76578,2022-06-01 12:00:00
278397,76578,2022-06-01 12:00:00
278398,76578,2022-06-01 12:00:00
278399,76578,2022-06-01 12:00:00
278400,76578,2022-06-01 12:00:00
278401,76578,2022-06-01 12:00:00
278402,76578,2022-06-01 12:00:00
278403,76578,2022-06-01 12:00:00
278372,76578,2022-06-01 12:00:00
278373,76578,2022-06-01 12:00:00
278406,76578,2022-06-01 12:00:00
278407,76578,2022-06-01 12:00:00
278376,76578,2022-06-01 12:00:00
278377,76578,2022-06-01 12:00:00
278378,76578,2022-06-01 12:00:00
278416,76578,2022-06-01 12:00:00
278417,76578,2022-06-01 12:00:00
278418,76578,2022-06-01 12:00:00
278419,76578,2022-06-01 12:00:00
278420,76578,2022-06-01 12:00:00
278421,76578,2022-06-01 12:00:00
278422,76578,2022-06-01 12:00:00
278423,76578,2022-06-01 12:00:00
278424,76578,2022-06-01 12:00:00
278473,76578,2022-06-01 12:00:00
278474,76578,2022-06-01 12:00:00
278477,76578,2022-06-01 12:00:00
278478,76578,2022-06-01 12:00:00
278479,76578,2022-06-01 12:00:00
278480,76578,2022-06-01 12:00:00
278481,76578,2022-06-01 12:00:00
278482,76578,2022-06-01 12:00:00
278483,76578,2022-06-01 12:00:00
278484,76578,2022-06-01 12:00:00
278485,76578,2022-06-01 12:00:00
278486,76578,2022-06-01 12:00:00
278487,76578,2022-06-01 12:00:00
278488,76578,2022-06-01 12:00:00
278489,76578,2022-06-01 12:00:00
278490,76578,2022-06-01 12:00:00
278455,76578,2022-06-01 12:00:00
278456,76578,2022-06-01 12:00:00
278457,76578,2022-06-01 12:00:00
278458,76578,2022-06-01 12:00:00
278461,76578,2022-06-01 12:00:00
278462,76578,2022-06-01 12:00:00
277894,76578,2022-06-01 12:00:00
277965,76578,2022-06-01 12:00:00
278355,76578,2022-06-01 12:00:00
278354,76578,2022-06-01 12:00:00
278352,76578,2022-06-01 12:00:00
278342,76578,2022-06-01 12:00:00
277862,76578,2022-06-01 12:00:00
277896,76578,2022-06-01 12:00:00
278358,76578,2022-06-01 12:00:00
278359,76578,2022-06-01 12:00:00
278364,76578,2022-06-01 12:00:00
278371,76578,2022-06-01 12:00:00
278441,76578,2022-06-01 12:00:00
278442,76578,2022-06-01 12:00:00
278475,76578,2022-06-01 12:00:00
278476,76578,2022-06-01 12:00:00
278445,76578,2022-06-01 12:00:00
278446,76578,2022-06-01 12:00:00
278447,76578,2022-06-01 12:00:00
278448,76578,2022-06-01 12:00:00
278449,76578,2022-06-01 12:00:00
278450,76578,2022-06-01 12:00:00
278451,76578,2022-06-01 12:00:00
278452,76578,2022-06-01 12:00:00
278453,76578,2022-06-01 12:00:00
278454,76578,2022-06-01 12:00:00
278465,76578,2022-06-01 12:00:00
278466,76578,2022-06-01 12:00:00
278467,76578,2022-06-01 12:00:00
278468,76578,2022-06-01 12:00:00
278469,76578,2022-06-01 12:00:00
278470,76578,2022-06-01 12:00:00
278463,76578,2022-06-01 12:00:00
278464,76578,2022-06-01 12:00:00
278471,76578,2022-06-01 12:00:00
278472,76578,2022-06-01 12:00:00
277946,76581,2022-06-02 06:00:00
278347,76581,2022-06-02 06:00:00
278348,76581,2022-06-02 06:00:00
277972,76581,2022-06-02 06:00:00
277988,76581,2022-06-02 06:00:00
277973,76581,2022-06-02 06:00:00
267030,76581,2022-06-02 06:00:00
266967,76581,2022-06-02 06:00:00
266968,76581,2022-06-02 06:00:00
277947,76581,2022-06-02 06:00:00
277948,76581,2022-06-02 06:00:00
277949,76581,2022-06-02 06:00:00
277968,76581,2022-06-02 06:00:00
267031,76581,2022-06-02 06:00:00
267066,76613,2022-06-10 06:00:00
267363,76633,2022-06-15 06:00:00
267333,76633,2022-06-15 06:00:00
171596,76654,2022-06-20 12:00:00
290855,76742,2022-07-12 12:00:00
196949,76853,2022-08-09 06:00:00
196950,76853,2022-08-09 06:00:00
255329,76886,2022-08-17 12:00:00
93718,76890,2022-08-18 12:00:00
121158,77059,2022-09-29 18:00:00
121159,77059,2022-09-29 18:00:00
298484,77366,2022-12-15 12:00:00
298483,77369,2022-12-16 06:00:00
298485,77391,2022-12-21 18:00:00
302180,77773,2023-03-27 06:00:00
302178,77773,2023-03-27 06:00:00
302179,77774,2023-03-27 12:00:00
302182,77774,2023-03-27 12:00:00
302181,77774,2023-03-27 12:00:00
302196,77778,2023-03-28 12:00:00
302189,77778,2023-03-28 12:00:00
302190,77778,2023-03-28 12:00:00
302191,77778,2023-03-28 12:00:00
302193,77778,2023-03-28 12:00:00
302195,77778,2023-03-28 12:00:00
302198,77778,2023-03-28 12:00:00
302197,77778,2023-03-28 12:00:00
302200,77778,2023-03-28 12:00:00
302194,77778,2023-03-28 12:00:00
302199,77778,2023-03-28 12:00:00
302192,77778,2023-03-28 12:00:00
245476,77858,2023-04-17 12:00:00
302188,77889,2023-04-25 06:00:00
256109,77889,2023-04-25 06:00:00
256108,77889,2023-04-25 06:00:00
302187,77889,2023-04-25 06:00:00
302186,77889,2023-04-25 06:00:00
302185,77889,2023-04-25 06:00:00
304353,78089,2023-06-14 06:00:00
304354,78089,2023-06-14 06:00:00
305217,78145,2023-06-28 06:00:00
305215,78145,2023-06-28 06:00:00
305216,78145,2023-06-28 06:00:00
305213,78145,2023-06-28 06:00:00
305214,78145,2023-06-28 06:00:00
305212,78145,2023-06-28 06:00:00
305218,78145,2023-06-28 06:00:00
305221,78149,2023-06-29 06:00:00
305223,78177,2023-07-06 06:00:00
245483,78197,2023-07-11 06:00:00
307925,78198,2023-07-11 12:00:00
245480,78201,2023-07-12 06:00:00
245479,78201,2023-07-12 06:00:00
245482,78201,2023-07-12 06:00:00
245485,78201,2023-07-12 06:00:00
245484,78201,2023-07-12 06:00:00
308076,78361,2023-08-21 06:00:00
308077,78361,2023-08-21 06:00:00
51664,78573,2023-10-13 06:00:00
51663,78573,2023-10-13 06:00:00
51141,78573,2023-10-13 06:00:00
51140,78573,2023-10-13 06:00:00
51139,78573,2023-10-13 06:00:00
308170,78575,2023-10-13 18:00:00
308171,78575,2023-10-13 18:00:00
308174,78582,2023-10-15 12:00:00
308175,78583,2023-10-15 18:00:00
308179,78586,2023-10-16 12:00:00
51143,78589,2023-10-17 06:00:00
51142,78590,2023-10-17 12:00:00
308188,78591,2023-10-17 18:00:00
308186,78591,2023-10-17 18:00:00
308187,78591,2023-10-17 18:00:00
308185,78591,2023-10-17 18:00:00
171599,78635,2023-10-28 18:00:00
171580,78635,2023-10-28 18:00:00
171600,78635,2023-10-28 18:00:00
171590,78645,2023-10-31 06:00:00
171597,78645,2023-10-31 06:00:00
171622,78645,2023-10-31 06:00:00
171641,78645,2023-10-31 06:00:00
171623,78645,2023-10-31 06:00:00
308178,78677,2023-11-08 06:00:00
308173,78678,2023-11-08 12:00:00
308172,78678,2023-11-08 12:00:00
171594,78679,2023-11-08 18:00:00
313013,78709,2023-11-16 06:00:00
171601,78733,2023-11-22 06:00:00
171628,78733,2023-11-22 06:00:00
171629,78733,2023-11-22 06:00:00
171647,78733,2023-11-22 06:00:00
171635,78733,2023-11-22 06:00:00
171615,78733,2023-11-22 06:00:00
171608,78733,2023-11-22 06:00:00
171631,78810,2023-12-11 12:00:00
171625,78810,2023-12-11 12:00:00
171627,78810,2023-12-11 12:00:00
171632,78810,2023-12-11 12:00:00
171612,78810,2023-12-11 12:00:00
171617,78810,2023-12-11 12:00:00
171610,78810,2023-12-11 12:00:00
171636,78810,2023-12-11 12:00:00
171646,78810,2023-12-11 12:00:00
171637,78810,2023-12-11 12:00:00
171630,78810,2023-12-11 12:00:00
171593,78810,2023-12-11 12:00:00
171624,78810,2023-12-11 12:00:00
171611,78810,2023-12-11 12:00:00
171620,78810,2023-12-11 12:00:00
171616,78810,2023-12-11 12:00:00
171621,78810,2023-12-11 12:00:00
171614,78810,2023-12-11 12:00:00
171618,78810,2023-12-11 12:00:00
171603,78810,2023-12-11 12:00:00
171609,78810,2023-12-11 12:00:00
171607,78810,2023-12-11 12:00:00
171606,78810,2023-12-11 12:00:00
171602,78810,2023-12-11 12:00:00
171604,78810,2023-12-11 12:00:00
171638,78810,2023-12-11 12:00:00
171634,78810,2023-12-11 12:00:00
316137,79154,2024-03-06 12:00:00
48121,79486,2024-05-28 12:00:00
48120,79486,2024-05-28 12:00:00
47585,79489,2024-05-29 06:00:00
47586,79489,2024-05-29 06:00:00
321167,79650,2024-07-08 12:00:00
297164,79770,2024-08-07 12:00:00
297165,79770,2024-08-07 12:00:00
321855,80154,2024-11-11 12:00:00
143647,80591,2025-02-28 18:00:00
143690,80594,2025-03-01 12:00:00
143674,80594,2025-03-01 12:00:00
143555,80595,2025-03-01 18:00:00
147018,80595,2025-03-01 18:00:00
143553,80605,2025-03-04 06:00:00
143514,80605,2025-03-04 06:00:00
143643,80605,2025-03-04 06:00:00
143689,80613,2025-03-06 06:00:00
143673,80613,2025-03-06 06:00:00
143642,80613,2025-03-06 06:00:00
147017,80613,2025-03-06 06:00:00
143513,80613,2025-03-06 06:00:00
143552,80613,2025-03-06 06:00:00
330657,80991,2025-06-08 18:00:00
330707,80991,2025-06-08 18:00:00
330399,80993,2025-06-09 06:00:00
330398,80993,2025-06-09 06:00:00
330410,80993,2025-06-09 06:00:00
330411,80993,2025-06-09 06:00:00
330401,80993,2025-06-09 06:00:00
330400,80993,2025-06-09 06:00:00
330435,80993,2025-06-09 06:00:00
330436,80993,2025-06-09 06:00:00
330422,80993,2025-06-09 06:00:00
330413,80993,2025-06-09 06:00:00
330516,80993,2025-06-09 06:00:00
330488,80993,2025-06-09 06:00:00
330462,80993,2025-06-09 06:00:00
330461,80993,2025-06-09 06:00:00
330451,80993,2025-06-09 06:00:00
330475,80993,2025-06-09 06:00:00
330670,80993,2025-06-09 06:00:00
330667,80993,2025-06-09 06:00:00
330645,80993,2025-06-09 06:00:00
330646,80993,2025-06-09 06:00:00
330632,80993,2025-06-09 06:00:00
330673,80993,2025-06-09 06:00:00
330696,80993,2025-06-09 06:00:00
330706,80993,2025-06-09 06:00:00
330683,80993,2025-06-09 06:00:00
330595,80993,2025-06-09 06:00:00
330594,80993,2025-06-09 06:00:00
330531,80993,2025-06-09 06:00:00
330542,80993,2025-06-09 06:00:00
330532,80993,2025-06-09 06:00:00
330552,80993,2025-06-09 06:00:00
330577,80993,2025-06-09 06:00:00
330431,80994,2025-06-09 12:00:00
330512,80994,2025-06-09 12:00:00
330606,80994,2025-06-09 12:00:00
330607,80994,2025-06-09 12:00:00
330620,80994,2025-06-09 12:00:00
330711,80997,2025-06-10 06:00:00
330631,80998,2025-06-10 12:00:00
330209,80998,2025-06-10 12:00:00
330206,80998,2025-06-10 12:00:00
330473,81001,2025-06-11 06:00:00
330472,81001,2025-06-11 06:00:00
330447,81001,2025-06-11 06:00:00
330437,81001,2025-06-11 06:00:00
330432,81001,2025-06-11 06:00:00
330474,81001,2025-06-11 06:00:00
330446,81001,2025-06-11 06:00:00
330412,81001,2025-06-11 06:00:00
330434,81001,2025-06-11 06:00:00
330259,81001,2025-06-11 06:00:00
330262,81001,2025-06-11 06:00:00
330263,81001,2025-06-11 06:00:00
330264,81001,2025-06-11 06:00:00
330288,81001,2025-06-11 06:00:00
330317,81001,2025-06-11 06:00:00
330326,81001,2025-06-11 06:00:00
330260,81001,2025-06-11 06:00:00
330261,81001,2025-06-11 06:00:00
330389,81001,2025-06-11 06:00:00
330352,81001,2025-06-11 06:00:00
330332,81001,2025-06-11 06:00:00
330433,81001,2025-06-11 06:00:00
330484,81001,2025-06-11 06:00:00
330672,81001,2025-06-11 06:00:00
330642,81001,2025-06-11 06:00:00
330644,81001,2025-06-11 06:00:00
330641,81001,2025-06-11 06:00:00
330590,81001,2025-06-11 06:00:00
330593,81001,2025-06-11 06:00:00
330596,81001,2025-06-11 06:00:00
330489,81001,2025-06-11 06:00:00
330527,81001,2025-06-11 06:00:00
330514,81001,2025-06-11 06:00:00
330515,81001,2025-06-11 06:00:00
330517,81001,2025-06-11 06:00:00
330518,81001,2025-06-11 06:00:00
330450,81001,2025-06-11 06:00:00
330448,81001,2025-06-11 06:00:00
330513,81001,2025-06-11 06:00:00
330486,81001,2025-06-11 06:00:00
330485,81001,2025-06-11 06:00:00
330487,81001,2025-06-11 06:00:00
330449,81001,2025-06-11 06:00:00
330471,81001,2025-06-11 06:00:00
330563,81001,2025-06-11 06:00:00
330543,81001,2025-06-11 06:00:00
330529,81001,2025-06-11 06:00:00
330579,81001,2025-06-11 06:00:00
330528,81001,2025-06-11 06:00:00
330530,81001,2025-06-11 06:00:00
330553,81001,2025-06-11 06:00:00
330541,81001,2025-06-11 06:00:00
330554,81001,2025-06-11 06:00:00
330565,81001,2025-06-11 06:00:00
330578,81001,2025-06-11 06:00:00
330682,81001,2025-06-11 06:00:00
330694,81001,2025-06-11 06:00:00
330692,81001,2025-06-11 06:00:00
330710,81001,2025-06-11 06:00:00
330708,81001,2025-06-11 06:00:00
330695,81001,2025-06-11 06:00:00
330709,81001,2025-06-11 06:00:00
330580,81001,2025-06-11 06:00:00
330611,81001,2025-06-11 06:00:00
330605,81001,2025-06-11 06:00:00
330666,81001,2025-06-11 06:00:00
330668,81001,2025-06-11 06:00:00
330643,81001,2025-06-11 06:00:00
330655,81001,2025-06-11 06:00:00
330669,81001,2025-06-11 06:00:00
330671,81001,2025-06-11 06:00:00
330207,81001,2025-06-11 06:00:00
330247,81001,2025-06-11 06:00:00
330236,81001,2025-06-11 06:00:00
330246,81001,2025-06-11 06:00:00
330233,81001,2025-06-11 06:00:00
330234,81001,2025-06-11 06:00:00
330232,81001,2025-06-11 06:00:00
330235,81001,2025-06-11 06:00:00
330258,81001,2025-06-11 06:00:00
330223,81001,2025-06-11 06:00:00
330221,81001,2025-06-11 06:00:00
330222,81001,2025-06-11 06:00:00
330249,81001,2025-06-11 06:00:00
330219,81001,2025-06-11 06:00:00
330329,81001,2025-06-11 06:00:00
330378,81001,2025-06-11 06:00:00
330248,81001,2025-06-11 06:00:00
330220,81001,2025-06-11 06:00:00
330460,81005,2025-06-12 06:00:00
330591,81006,2025-06-12 12:00:00
330564,81006,2025-06-12 12:00:00
330589,81006,2025-06-12 12:00:00
330608,81006,2025-06-12 12:00:00
330693,81026,2025-06-17 12:00:00
330656,81029,2025-06-18 06:00:00
330697,81041,2025-06-21 06:00:00
98142,81310,2025-08-27 12:00:00
330502,81358,2025-09-08 12:00:00
330503,81358,2025-09-08 12:00:00
330500,81358,2025-09-08 12:00:00
330208,81442,2025-09-29 12:00:00
330237,81442,2025-09-29 12:00:00
330501,81481,2025-10-09 06:00:00
330499,81481,2025-10-09 06:00:00
330498,81481,2025-10-09 06:00:00
331374,81682,2025-11-28 12:00:00
331409,81682,2025-11-28 12:00:00
331449,81686,2025-11-29 12:00:00
331444,81686,2025-11-29 12:00:00
331379,81686,2025-11-29 12:00:00
331434,81686,2025-11-29 12:00:00
331429,81686,2025-11-29 12:00:00
331439,81686,2025-11-29 12:00:00
331424,81686,2025-11-29 12:00:00
331399,81686,2025-11-29 12:00:00
331394,81686,2025-11-29 12:00:00
331389,81686,2025-11-29 12:00:00
331384,81686,2025-11-29 12:00:00
331404,81686,2025-11-29 12:00:00
331414,81686,2025-11-29 12:00:00
331419,81686,2025-11-29 12:00:00
331499,81686,2025-11-29 12:00:00
331484,81686,2025-11-29 12:00:00
331489,81686,2025-11-29 12:00:00
331479,81686,2025-11-29 12:00:00
331494,81686,2025-11-29 12:00:00
331459,81686,2025-11-29 12:00:00
331474,81686,2025-11-29 12:00:00
331464,81686,2025-11-29 12:00:00
331469,81686,2025-11-29 12:00:00
331454,81686,2025-11-29 12:00:00
333403,81687,2025-11-29 18:00:00
334472,81690,2025-11-30 12:00:00
334457,81690,2025-11-30 12:00:00
334458,81690,2025-11-30 12:00:00
334459,81690,2025-11-30 12:00:00
334460,81690,2025-11-30 12:00:00
334461,81690,2025-11-30 12:00:00
334462,81690,2025-11-30 12:00:00
334463,81690,2025-11-30 12:00:00
334464,81690,2025-11-30 12:00:00
334465,81690,2025-11-30 12:00:00
334466,81690,2025-11-30 12:00:00
334467,81690,2025-11-30 12:00:00
334468,81690,2025-11-30 12:00:00
334469,81690,2025-11-30 12:00:00
334470,81690,2025-11-30 12:00:00
334707,81690,2025-11-30 12:00:00
334456,81690,2025-11-30 12:00:00
334741,81690,2025-11-30 12:00:00
334742,81690,2025-11-30 12:00:00
334745,81690,2025-11-30 12:00:00
334746,81690,2025-11-30 12:00:00
334747,81690,2025-11-30 12:00:00
334748,81690,2025-11-30 12:00:00
334749,81690,2025-11-30 12:00:00
334750,81690,2025-11-30 12:00:00
334717,81690,2025-11-30 12:00:00
334718,81690,2025-11-30 12:00:00
334719,81690,2025-11-30 12:00:00
334720,81690,2025-11-30 12:00:00
334721,81690,2025-11-30 12:00:00
334722,81690,2025-11-30 12:00:00
334705,81690,2025-11-30 12:00:00
334440,81690,2025-11-30 12:00:00
334441,81690,2025-11-30 12:00:00
334442,81690,2025-11-30 12:00:00
334443,81690,2025-11-30 12:00:00
334444,81690,2025-11-30 12:00:00
334445,81690,2025-11-30 12:00:00
334446,81690,2025-11-30 12:00:00
334447,81690,2025-11-30 12:00:00
334448,81690,2025-11-30 12:00:00
334449,81690,2025-11-30 12:00:00
334450,81690,2025-11-30 12:00:00
334451,81690,2025-11-30 12:00:00
334452,81690,2025-11-30 12:00:00
334453,81690,2025-11-30 12:00:00
334454,81690,2025-11-30 12:00:00
334455,81690,2025-11-30 12:00:00
334422,81690,2025-11-30 12:00:00
334423,81690,2025-11-30 12:00:00
334424,81690,2025-11-30 12:00:00
334425,81690,2025-11-30 12:00:00
334426,81690,2025-11-30 12:00:00
334427,81690,2025-11-30 12:00:00
334428,81690,2025-11-30 12:00:00
334429,81690,2025-11-30 12:00:00
334430,81690,2025-11-30 12:00:00
334431,81690,2025-11-30 12:00:00
334434,81690,2025-11-30 12:00:00
334435,81690,2025-11-30 12:00:00
334436,81690,2025-11-30 12:00:00
334437,81690,2025-11-30 12:00:00
334438,81690,2025-11-30 12:00:00
334439,81690,2025-11-30 12:00:00
334406,81690,2025-11-30 12:00:00
334407,81690,2025-11-30 12:00:00
334408,81690,2025-11-30 12:00:00
334409,81690,2025-11-30 12:00:00
334410,81690,2025-11-30 12:00:00
334411,81690,2025-11-30 12:00:00
334412,81690,2025-11-30 12:00:00
334413,81690,2025-11-30 12:00:00
334414,81690,2025-11-30 12:00:00
334415,81690,2025-11-30 12:00:00
334416,81690,2025-11-30 12:00:00
334417,81690,2025-11-30 12:00:00
334418,81690,2025-11-30 12:00:00
334419,81690,2025-11-30 12:00:00
334420,81690,2025-11-30 12:00:00
334421,81690,2025-11-30 12:00:00
334388,81690,2025-11-30 12:00:00
334389,81690,2025-11-30 12:00:00
334390,81690,2025-11-30 12:00:00
334391,81690,2025-11-30 12:00:00
334392,81690,2025-11-30 12:00:00
334393,81690,2025-11-30 12:00:00
334394,81690,2025-11-30 12:00:00
334395,81690,2025-11-30 12:00:00
334396,81690,2025-11-30 12:00:00
334399,81690,2025-11-30 12:00:00
334400,81690,2025-11-30 12:00:00
334401,81690,2025-11-30 12:00:00
334402,81690,2025-11-30 12:00:00
334403,81690,2025-11-30 12:00:00
334404,81690,2025-11-30 12:00:00
334405,81690,2025-11-30 12:00:00
334372,81690,2025-11-30 12:00:00
334373,81690,2025-11-30 12:00:00
334374,81690,2025-11-30 12:00:00
334375,81690,2025-11-30 12:00:00
334376,81690,2025-11-30 12:00:00
334377,81690,2025-11-30 12:00:00
334378,81690,2025-11-30 12:00:00
334379,81690,2025-11-30 12:00:00
334380,81690,2025-11-30 12:00:00
334381,81690,2025-11-30 12:00:00
334382,81690,2025-11-30 12:00:00
334383,81690,2025-11-30 12:00:00
334384,81690,2025-11-30 12:00:00
334385,81690,2025-11-30 12:00:00
334386,81690,2025-11-30 12:00:00
334387,81690,2025-11-30 12:00:00
334356,81690,2025-11-30 12:00:00
334357,81690,2025-11-30 12:00:00
334358,81690,2025-11-30 12:00:00
334359,81690,2025-11-30 12:00:00
334360,81690,2025-11-30 12:00:00
334361,81690,2025-11-30 12:00:00
334362,81690,2025-11-30 12:00:00
334363,81690,2025-11-30 12:00:00
334364,81690,2025-11-30 12:00:00
334365,81690,2025-11-30 12:00:00
334366,81690,2025-11-30 12:00:00
334367,81690,2025-11-30 12:00:00
334368,81690,2025-11-30 12:00:00
334369,81690,2025-11-30 12:00:00
334370,81690,2025-11-30 12:00:00
334371,81690,2025-11-30 12:00:00
334337,81690,2025-11-30 12:00:00
334338,81690,2025-11-30 12:00:00
334339,81690,2025-11-30 12:00:00
334340,81690,2025-11-30 12:00:00
334341,81690,2025-11-30 12:00:00
334342,81690,2025-11-30 12:00:00
334343,81690,2025-11-30 12:00:00
334344,81690,2025-11-30 12:00:00
334345,81690,2025-11-30 12:00:00
334346,81690,2025-11-30 12:00:00
334347,81690,2025-11-30 12:00:00
334348,81690,2025-11-30 12:00:00
334352,81690,2025-11-30 12:00:00
334353,81690,2025-11-30 12:00:00
334354,81690,2025-11-30 12:00:00
334355,81690,2025-11-30 12:00:00
334321,81690,2025-11-30 12:00:00
334322,81690,2025-11-30 12:00:00
334323,81690,2025-11-30 12:00:00
334324,81690,2025-11-30 12:00:00
334325,81690,2025-11-30 12:00:00
334326,81690,2025-11-30 12:00:00
334327,81690,2025-11-30 12:00:00
334328,81690,2025-11-30 12:00:00
334329,81690,2025-11-30 12:00:00
334330,81690,2025-11-30 12:00:00
334331,81690,2025-11-30 12:00:00
334332,81690,2025-11-30 12:00:00
334333,81690,2025-11-30 12:00:00
334334,81690,2025-11-30 12:00:00
334335,81690,2025-11-30 12:00:00
334336,81690,2025-11-30 12:00:00
334303,81690,2025-11-30 12:00:00
334304,81690,2025-11-30 12:00:00
334305,81690,2025-11-30 12:00:00
334306,81690,2025-11-30 12:00:00
334307,81690,2025-11-30 12:00:00
334308,81690,2025-11-30 12:00:00
334309,81690,2025-11-30 12:00:00
334310,81690,2025-11-30 12:00:00
334311,81690,2025-11-30 12:00:00
334312,81690,2025-11-30 12:00:00
334313,81690,2025-11-30 12:00:00
334314,81690,2025-11-30 12:00:00
334315,81690,2025-11-30 12:00:00
334316,81690,2025-11-30 12:00:00
334317,81690,2025-11-30 12:00:00
334318,81690,2025-11-30 12:00:00
334287,81690,2025-11-30 12:00:00
334288,81690,2025-11-30 12:00:00
334289,81690,2025-11-30 12:00:00
334290,81690,2025-11-30 12:00:00
334291,81690,2025-11-30 12:00:00
334292,81690,2025-11-30 12:00:00
334293,81690,2025-11-30 12:00:00
334294,81690,2025-11-30 12:00:00
334295,81690,2025-11-30 12:00:00
334296,81690,2025-11-30 12:00:00
334297,81690,2025-11-30 12:00:00
334298,81690,2025-11-30 12:00:00
334299,81690,2025-11-30 12:00:00
334300,81690,2025-11-30 12:00:00
334301,81690,2025-11-30 12:00:00
334302,81690,2025-11-30 12:00:00
334271,81690,2025-11-30 12:00:00
334272,81690,2025-11-30 12:00:00
334273,81690,2025-11-30 12:00:00
334274,81690,2025-11-30 12:00:00
334275,81690,2025-11-30 12:00:00
334276,81690,2025-11-30 12:00:00
334277,81690,2025-11-30 12:00:00
334278,81690,2025-11-30 12:00:00
334279,81690,2025-11-30 12:00:00
334280,81690,2025-11-30 12:00:00
334281,81690,2025-11-30 12:00:00
334282,81690,2025-11-30 12:00:00
334283,81690,2025-11-30 12:00:00
334284,81690,2025-11-30 12:00:00
334285,81690,2025-11-30 12:00:00
334286,81690,2025-11-30 12:00:00
334255,81690,2025-11-30 12:00:00
334256,81690,2025-11-30 12:00:00
334257,81690,2025-11-30 12:00:00
334258,81690,2025-11-30 12:00:00
334259,81690,2025-11-30 12:00:00
334260,81690,2025-11-30 12:00:00
334261,81690,2025-11-30 12:00:00
334262,81690,2025-11-30 12:00:00
334263,81690,2025-11-30 12:00:00
334264,81690,2025-11-30 12:00:00
334265,81690,2025-11-30 12:00:00
334266,81690,2025-11-30 12:00:00
334267,81690,2025-11-30 12:00:00
334268,81690,2025-11-30 12:00:00
334269,81690,2025-11-30 12:00:00
334270,81690,2025-11-30 12:00:00
334236,81690,2025-11-30 12:00:00
334237,81690,2025-11-30 12:00:00
334238,81690,2025-11-30 12:00:00
334239,81690,2025-11-30 12:00:00
334240,81690,2025-11-30 12:00:00
334241,81690,2025-11-30 12:00:00
334242,81690,2025-11-30 12:00:00
334243,81690,2025-11-30 12:00:00
334244,81690,2025-11-30 12:00:00
334245,81690,2025-11-30 12:00:00
334246,81690,2025-11-30 12:00:00
334247,81690,2025-11-30 12:00:00
334248,81690,2025-11-30 12:00:00
334249,81690,2025-11-30 12:00:00
334253,81690,2025-11-30 12:00:00
334254,81690,2025-11-30 12:00:00
334220,81690,2025-11-30 12:00:00
334221,81690,2025-11-30 12:00:00
334222,81690,2025-11-30 12:00:00
334223,81690,2025-11-30 12:00:00
334224,81690,2025-11-30 12:00:00
334225,81690,2025-11-30 12:00:00
334226,81690,2025-11-30 12:00:00
334227,81690,2025-11-30 12:00:00
334228,81690,2025-11-30 12:00:00
334229,81690,2025-11-30 12:00:00
334230,81690,2025-11-30 12:00:00
334231,81690,2025-11-30 12:00:00
334232,81690,2025-11-30 12:00:00
334233,81690,2025-11-30 12:00:00
334234,81690,2025-11-30 12:00:00
334235,81690,2025-11-30 12:00:00
334204,81690,2025-11-30 12:00:00
334205,81690,2025-11-30 12:00:00
334206,81690,2025-11-30 12:00:00
334207,81690,2025-11-30 12:00:00
334208,81690,2025-11-30 12:00:00
334209,81690,2025-11-30 12:00:00
334210,81690,2025-11-30 12:00:00
334211,81690,2025-11-30 12:00:00
334212,81690,2025-11-30 12:00:00
334213,81690,2025-11-30 12:00:00
334214,81690,2025-11-30 12:00:00
334215,81690,2025-11-30 12:00:00
334216,81690,2025-11-30 12:00:00
334217,81690,2025-11-30 12:00:00
334218,81690,2025-11-30 12:00:00
334219,81690,2025-11-30 12:00:00
334188,81690,2025-11-30 12:00:00
334189,81690,2025-11-30 12:00:00
334190,81690,2025-11-30 12:00:00
334191,81690,2025-11-30 12:00:00
334192,81690,2025-11-30 12:00:00
334193,81690,2025-11-30 12:00:00
334194,81690,2025-11-30 12:00:00
334195,81690,2025-11-30 12:00:00
334196,81690,2025-11-30 12:00:00
334197,81690,2025-11-30 12:00:00
334198,81690,2025-11-30 12:00:00
334199,81690,2025-11-30 12:00:00
334200,81690,2025-11-30 12:00:00
334201,81690,2025-11-30 12:00:00
334202,81690,2025-11-30 12:00:00
334203,81690,2025-11-30 12:00:00
333996,81690,2025-11-30 12:00:00
333997,81690,2025-11-30 12:00:00
333998,81690,2025-11-30 12:00:00
334001,81690,2025-11-30 12:00:00
334002,81690,2025-11-30 12:00:00
334012,81690,2025-11-30 12:00:00
334013,81690,2025-11-30 12:00:00
334014,81690,2025-11-30 12:00:00
334024,81690,2025-11-30 12:00:00
334025,81690,2025-11-30 12:00:00
334043,81690,2025-11-30 12:00:00
334183,81690,2025-11-30 12:00:00
334184,81690,2025-11-30 12:00:00
334185,81690,2025-11-30 12:00:00
334186,81690,2025-11-30 12:00:00
334187,81690,2025-11-30 12:00:00
333980,81690,2025-11-30 12:00:00
333981,81690,2025-11-30 12:00:00
333982,81690,2025-11-30 12:00:00
333983,81690,2025-11-30 12:00:00
333984,81690,2025-11-30 12:00:00
333985,81690,2025-11-30 12:00:00
333986,81690,2025-11-30 12:00:00
333987,81690,2025-11-30 12:00:00
333988,81690,2025-11-30 12:00:00
333989,81690,2025-11-30 12:00:00
333990,81690,2025-11-30 12:00:00
333991,81690,2025-11-30 12:00:00
333992,81690,2025-11-30 12:00:00
333993,81690,2025-11-30 12:00:00
333994,81690,2025-11-30 12:00:00
333995,81690,2025-11-30 12:00:00
333964,81690,2025-11-30 12:00:00
333965,81690,2025-11-30 12:00:00
333966,81690,2025-11-30 12:00:00
333967,81690,2025-11-30 12:00:00
333968,81690,2025-11-30 12:00:00
333969,81690,2025-11-30 12:00:00
333970,81690,2025-11-30 12:00:00
333971,81690,2025-11-30 12:00:00
333972,81690,2025-11-30 12:00:00
333973,81690,2025-11-30 12:00:00
333974,81690,2025-11-30 12:00:00
333975,81690,2025-11-30 12:00:00
333976,81690,2025-11-30 12:00:00
333977,81690,2025-11-30 12:00:00
333978,81690,2025-11-30 12:00:00
333979,81690,2025-11-30 12:00:00
333948,81690,2025-11-30 12:00:00
333949,81690,2025-11-30 12:00:00
333950,81690,2025-11-30 12:00:00
333951,81690,2025-11-30 12:00:00
333952,81690,2025-11-30 12:00:00
333953,81690,2025-11-30 12:00:00
333954,81690,2025-11-30 12:00:00
333955,81690,2025-11-30 12:00:00
333956,81690,2025-11-30 12:00:00
333957,81690,2025-11-30 12:00:00
333958,81690,2025-11-30 12:00:00
333959,81690,2025-11-30 12:00:00
333960,81690,2025-11-30 12:00:00
333961,81690,2025-11-30 12:00:00
333962,81690,2025-11-30 12:00:00
333963,81690,2025-11-30 12:00:00
333930,81690,2025-11-30 12:00:00
333931,81690,2025-11-30 12:00:00
333932,81690,2025-11-30 12:00:00
333933,81690,2025-11-30 12:00:00
333934,81690,2025-11-30 12:00:00
333935,81690,2025-11-30 12:00:00
333936,81690,2025-11-30 12:00:00
333937,81690,2025-11-30 12:00:00
333938,81690,2025-11-30 12:00:00
333939,81690,2025-11-30 12:00:00
333940,81690,2025-11-30 12:00:00
333943,81690,2025-11-30 12:00:00
333944,81690,2025-11-30 12:00:00
333945,81690,2025-11-30 12:00:00
333946,81690,2025-11-30 12:00:00
333947,81690,2025-11-30 12:00:00
333914,81690,2025-11-30 12:00:00
333915,81690,2025-11-30 12:00:00
333916,81690,2025-11-30 12:00:00
333917,81690,2025-11-30 12:00:00
333918,81690,2025-11-30 12:00:00
333919,81690,2025-11-30 12:00:00
333920,81690,2025-11-30 12:00:00
333921,81690,2025-11-30 12:00:00
333922,81690,2025-11-30 12:00:00
333923,81690,2025-11-30 12:00:00
333924,81690,2025-11-30 12:00:00
333925,81690,2025-11-30 12:00:00
333926,81690,2025-11-30 12:00:00
333927,81690,2025-11-30 12:00:00
333928,81690,2025-11-30 12:00:00
333929,81690,2025-11-30 12:00:00
333898,81690,2025-11-30 12:00:00
333899,81690,2025-11-30 12:00:00
333900,81690,2025-11-30 12:00:00
333901,81690,2025-11-30 12:00:00
333902,81690,2025-11-30 12:00:00
333903,81690,2025-11-30 12:00:00
333904,81690,2025-11-30 12:00:00
333905,81690,2025-11-30 12:00:00
333906,81690,2025-11-30 12:00:00
333907,81690,2025-11-30 12:00:00
333908,81690,2025-11-30 12:00:00
333909,81690,2025-11-30 12:00:00
333910,81690,2025-11-30 12:00:00
333911,81690,2025-11-30 12:00:00
333912,81690,2025-11-30 12:00:00
333913,81690,2025-11-30 12:00:00
333758,81690,2025-11-30 12:00:00
333762,81690,2025-11-30 12:00:00
333763,81690,2025-11-30 12:00:00
333764,81690,2025-11-30 12:00:00
333768,81690,2025-11-30 12:00:00
333769,81690,2025-11-30 12:00:00
333773,81690,2025-11-30 12:00:00
333777,81690,2025-11-30 12:00:00
333781,81690,2025-11-30 12:00:00
333782,81690,2025-11-30 12:00:00
333785,81690,2025-11-30 12:00:00
333786,81690,2025-11-30 12:00:00
333894,81690,2025-11-30 12:00:00
333895,81690,2025-11-30 12:00:00
333896,81690,2025-11-30 12:00:00
333897,81690,2025-11-30 12:00:00
333724,81690,2025-11-30 12:00:00
333725,81690,2025-11-30 12:00:00
333726,81690,2025-11-30 12:00:00
333729,81690,2025-11-30 12:00:00
333730,81690,2025-11-30 12:00:00
333731,81690,2025-11-30 12:00:00
333732,81690,2025-11-30 12:00:00
333733,81690,2025-11-30 12:00:00
333736,81690,2025-11-30 12:00:00
333737,81690,2025-11-30 12:00:00
333742,81690,2025-11-30 12:00:00
333746,81690,2025-11-30 12:00:00
333749,81690,2025-11-30 12:00:00
333750,81690,2025-11-30 12:00:00
333754,81690,2025-11-30 12:00:00
333681,81690,2025-11-30 12:00:00
333687,81690,2025-11-30 12:00:00
333688,81690,2025-11-30 12:00:00
333693,81690,2025-11-30 12:00:00
333694,81690,2025-11-30 12:00:00
333699,81690,2025-11-30 12:00:00
333700,81690,2025-11-30 12:00:00
333705,81690,2025-11-30 12:00:00
333706,81690,2025-11-30 12:00:00
333711,81690,2025-11-30 12:00:00
333712,81690,2025-11-30 12:00:00
333713,81690,2025-11-30 12:00:00
333717,81690,2025-11-30 12:00:00
333718,81690,2025-11-30 12:00:00
333723,81690,2025-11-30 12:00:00
333641,81690,2025-11-30 12:00:00
333642,81690,2025-11-30 12:00:00
333543,81690,2025-11-30 12:00:00
333544,81690,2025-11-30 12:00:00
334491,81690,2025-11-30 12:00:00
334492,81690,2025-11-30 12:00:00
334493,81690,2025-11-30 12:00:00
334494,81690,2025-11-30 12:00:00
334495,81690,2025-11-30 12:00:00
334510,81690,2025-11-30 12:00:00
334511,81690,2025-11-30 12:00:00
334477,81690,2025-11-30 12:00:00
334478,81690,2025-11-30 12:00:00
334479,81690,2025-11-30 12:00:00
334480,81690,2025-11-30 12:00:00
334484,81690,2025-11-30 12:00:00
334485,81690,2025-11-30 12:00:00
334486,81690,2025-11-30 12:00:00
334487,81690,2025-11-30 12:00:00
334488,81690,2025-11-30 12:00:00
334489,81690,2025-11-30 12:00:00
334490,81690,2025-11-30 12:00:00
334529,81690,2025-11-30 12:00:00
334530,81690,2025-11-30 12:00:00
334496,81690,2025-11-30 12:00:00
334497,81690,2025-11-30 12:00:00
334498,81690,2025-11-30 12:00:00
334499,81690,2025-11-30 12:00:00
334500,81690,2025-11-30 12:00:00
334501,81690,2025-11-30 12:00:00
334502,81690,2025-11-30 12:00:00
334503,81690,2025-11-30 12:00:00
334504,81690,2025-11-30 12:00:00
334505,81690,2025-11-30 12:00:00
334506,81690,2025-11-30 12:00:00
334507,81690,2025-11-30 12:00:00
334508,81690,2025-11-30 12:00:00
334509,81690,2025-11-30 12:00:00
334545,81690,2025-11-30 12:00:00
334546,81690,2025-11-30 12:00:00
334512,81690,2025-11-30 12:00:00
334513,81690,2025-11-30 12:00:00
334514,81690,2025-11-30 12:00:00
334515,81690,2025-11-30 12:00:00
334516,81690,2025-11-30 12:00:00
334517,81690,2025-11-30 12:00:00
334518,81690,2025-11-30 12:00:00
334519,81690,2025-11-30 12:00:00
334520,81690,2025-11-30 12:00:00
334521,81690,2025-11-30 12:00:00
334522,81690,2025-11-30 12:00:00
334526,81690,2025-11-30 12:00:00
334527,81690,2025-11-30 12:00:00
334528,81690,2025-11-30 12:00:00
334561,81690,2025-11-30 12:00:00
334562,81690,2025-11-30 12:00:00
334531,81690,2025-11-30 12:00:00
334532,81690,2025-11-30 12:00:00
334533,81690,2025-11-30 12:00:00
334534,81690,2025-11-30 12:00:00
334535,81690,2025-11-30 12:00:00
334536,81690,2025-11-30 12:00:00
334537,81690,2025-11-30 12:00:00
334538,81690,2025-11-30 12:00:00
334539,81690,2025-11-30 12:00:00
334540,81690,2025-11-30 12:00:00
334541,81690,2025-11-30 12:00:00
334542,81690,2025-11-30 12:00:00
334543,81690,2025-11-30 12:00:00
334544,81690,2025-11-30 12:00:00
334579,81690,2025-11-30 12:00:00
334580,81690,2025-11-30 12:00:00
334547,81690,2025-11-30 12:00:00
334548,81690,2025-11-30 12:00:00
334549,81690,2025-11-30 12:00:00
334550,81690,2025-11-30 12:00:00
334551,81690,2025-11-30 12:00:00
334552,81690,2025-11-30 12:00:00
334553,81690,2025-11-30 12:00:00
334554,81690,2025-11-30 12:00:00
334555,81690,2025-11-30 12:00:00
334556,81690,2025-11-30 12:00:00
334557,81690,2025-11-30 12:00:00
334558,81690,2025-11-30 12:00:00
334559,81690,2025-11-30 12:00:00
334560,81690,2025-11-30 12:00:00
334595,81690,2025-11-30 12:00:00
334596,81690,2025-11-30 12:00:00
334563,81690,2025-11-30 12:00:00
334564,81690,2025-11-30 12:00:00
334567,81690,2025-11-30 12:00:00
334568,81690,2025-11-30 12:00:00
334569,81690,2025-11-30 12:00:00
334570,81690,2025-11-30 12:00:00
334571,81690,2025-11-30 12:00:00
334572,81690,2025-11-30 12:00:00
334573,81690,2025-11-30 12:00:00
334574,81690,2025-11-30 12:00:00
334575,81690,2025-11-30 12:00:00
334576,81690,2025-11-30 12:00:00
334577,81690,2025-11-30 12:00:00
334578,81690,2025-11-30 12:00:00
334611,81690,2025-11-30 12:00:00
334612,81690,2025-11-30 12:00:00
334581,81690,2025-11-30 12:00:00
334582,81690,2025-11-30 12:00:00
334583,81690,2025-11-30 12:00:00
334584,81690,2025-11-30 12:00:00
334585,81690,2025-11-30 12:00:00
334586,81690,2025-11-30 12:00:00
334587,81690,2025-11-30 12:00:00
334588,81690,2025-11-30 12:00:00
334589,81690,2025-11-30 12:00:00
334590,81690,2025-11-30 12:00:00
334591,81690,2025-11-30 12:00:00
334592,81690,2025-11-30 12:00:00
334593,81690,2025-11-30 12:00:00
334594,81690,2025-11-30 12:00:00
334630,81690,2025-11-30 12:00:00
334631,81690,2025-11-30 12:00:00
334597,81690,2025-11-30 12:00:00
334598,81690,2025-11-30 12:00:00
334599,81690,2025-11-30 12:00:00
334600,81690,2025-11-30 12:00:00
334601,81690,2025-11-30 12:00:00
334602,81690,2025-11-30 12:00:00
334603,81690,2025-11-30 12:00:00
334604,81690,2025-11-30 12:00:00
334605,81690,2025-11-30 12:00:00
334606,81690,2025-11-30 12:00:00
334607,81690,2025-11-30 12:00:00
334608,81690,2025-11-30 12:00:00
334609,81690,2025-11-30 12:00:00
334610,81690,2025-11-30 12:00:00
334646,81690,2025-11-30 12:00:00
334647,81690,2025-11-30 12:00:00
334613,81690,2025-11-30 12:00:00
334614,81690,2025-11-30 12:00:00
334615,81690,2025-11-30 12:00:00
334616,81690,2025-11-30 12:00:00
334617,81690,2025-11-30 12:00:00
334618,81690,2025-11-30 12:00:00
334619,81690,2025-11-30 12:00:00
334620,81690,2025-11-30 12:00:00
334621,81690,2025-11-30 12:00:00
334625,81690,2025-11-30 12:00:00
334626,81690,2025-11-30 12:00:00
334627,81690,2025-11-30 12:00:00
334628,81690,2025-11-30 12:00:00
334629,81690,2025-11-30 12:00:00
334662,81690,2025-11-30 12:00:00
334663,81690,2025-11-30 12:00:00
334632,81690,2025-11-30 12:00:00
334633,81690,2025-11-30 12:00:00
334634,81690,2025-11-30 12:00:00
334635,81690,2025-11-30 12:00:00
334636,81690,2025-11-30 12:00:00
334637,81690,2025-11-30 12:00:00
334638,81690,2025-11-30 12:00:00
334639,81690,2025-11-30 12:00:00
334640,81690,2025-11-30 12:00:00
334641,81690,2025-11-30 12:00:00
334642,81690,2025-11-30 12:00:00
334643,81690,2025-11-30 12:00:00
334644,81690,2025-11-30 12:00:00
334645,81690,2025-11-30 12:00:00
334681,81690,2025-11-30 12:00:00
334648,81690,2025-11-30 12:00:00
334649,81690,2025-11-30 12:00:00
334650,81690,2025-11-30 12:00:00
334651,81690,2025-11-30 12:00:00
334652,81690,2025-11-30 12:00:00
334653,81690,2025-11-30 12:00:00
334654,81690,2025-11-30 12:00:00
334655,81690,2025-11-30 12:00:00
334656,81690,2025-11-30 12:00:00
334657,81690,2025-11-30 12:00:00
334658,81690,2025-11-30 12:00:00
334659,81690,2025-11-30 12:00:00
334660,81690,2025-11-30 12:00:00
334661,81690,2025-11-30 12:00:00
334697,81690,2025-11-30 12:00:00
334664,81690,2025-11-30 12:00:00
334665,81690,2025-11-30 12:00:00
334666,81690,2025-11-30 12:00:00
334667,81690,2025-11-30 12:00:00
334668,81690,2025-11-30 12:00:00
334669,81690,2025-11-30 12:00:00
334670,81690,2025-11-30 12:00:00
334673,81690,2025-11-30 12:00:00
334674,81690,2025-11-30 12:00:00
334675,81690,2025-11-30 12:00:00
334676,81690,2025-11-30 12:00:00
334677,81690,2025-11-30 12:00:00
334678,81690,2025-11-30 12:00:00
334679,81690,2025-11-30 12:00:00
334680,81690,2025-11-30 12:00:00
334689,81690,2025-11-30 12:00:00
334767,81690,2025-11-30 12:00:00
334768,81690,2025-11-30 12:00:00
334769,81690,2025-11-30 12:00:00
334770,81690,2025-11-30 12:00:00
334771,81690,2025-11-30 12:00:00
334772,81690,2025-11-30 12:00:00
334773,81690,2025-11-30 12:00:00
334774,81690,2025-11-30 12:00:00
334690,81690,2025-11-30 12:00:00
334691,81690,2025-11-30 12:00:00
334692,81690,2025-11-30 12:00:00
334693,81690,2025-11-30 12:00:00
334694,81690,2025-11-30 12:00:00
334695,81690,2025-11-30 12:00:00
334696,81690,2025-11-30 12:00:00
334758,81690,2025-11-30 12:00:00
334709,81690,2025-11-30 12:00:00
334710,81690,2025-11-30 12:00:00
334711,81690,2025-11-30 12:00:00
334712,81690,2025-11-30 12:00:00
334713,81690,2025-11-30 12:00:00
334714,81690,2025-11-30 12:00:00
334715,81690,2025-11-30 12:00:00
334716,81690,2025-11-30 12:00:00
334682,81690,2025-11-30 12:00:00
334683,81690,2025-11-30 12:00:00
334684,81690,2025-11-30 12:00:00
334685,81690,2025-11-30 12:00:00
334686,81690,2025-11-30 12:00:00
334687,81690,2025-11-30 12:00:00
334688,81690,2025-11-30 12:00:00
334740,81690,2025-11-30 12:00:00
334775,81690,2025-11-30 12:00:00
334776,81690,2025-11-30 12:00:00
334777,81690,2025-11-30 12:00:00
334778,81690,2025-11-30 12:00:00
334779,81690,2025-11-30 12:00:00
334780,81690,2025-11-30 12:00:00
334781,81690,2025-11-30 12:00:00
334751,81690,2025-11-30 12:00:00
334752,81690,2025-11-30 12:00:00
334753,81690,2025-11-30 12:00:00
334754,81690,2025-11-30 12:00:00
334755,81690,2025-11-30 12:00:00
334756,81690,2025-11-30 12:00:00
334757,81690,2025-11-30 12:00:00
334724,81690,2025-11-30 12:00:00
334759,81690,2025-11-30 12:00:00
334760,81690,2025-11-30 12:00:00
334761,81690,2025-11-30 12:00:00
334762,81690,2025-11-30 12:00:00
334764,81690,2025-11-30 12:00:00
334765,81690,2025-11-30 12:00:00
334766,81690,2025-11-30 12:00:00
334733,81690,2025-11-30 12:00:00
334734,81690,2025-11-30 12:00:00
334735,81690,2025-11-30 12:00:00
334736,81690,2025-11-30 12:00:00
334737,81690,2025-11-30 12:00:00
334739,81690,2025-11-30 12:00:00
334706,81690,2025-11-30 12:00:00
334473,81690,2025-11-30 12:00:00
334474,81690,2025-11-30 12:00:00
334475,81690,2025-11-30 12:00:00
334476,81690,2025-11-30 12:00:00
334725,81690,2025-11-30 12:00:00
334726,81690,2025-11-30 12:00:00
334727,81690,2025-11-30 12:00:00
334728,81690,2025-11-30 12:00:00
334729,81690,2025-11-30 12:00:00
334730,81690,2025-11-30 12:00:00
334731,81690,2025-11-30 12:00:00
334732,81690,2025-11-30 12:00:00
334698,81690,2025-11-30 12:00:00
334699,81690,2025-11-30 12:00:00
334723,81690,2025-11-30 12:00:00
334704,81690,2025-11-30 12:00:00
334700,81690,2025-11-30 12:00:00
334708,81690,2025-11-30 12:00:00
334471,81690,2025-11-30 12:00:00
333743,81691,2025-11-30 18:00:00
333476,81693,2025-12-01 06:00:00
333645,81693,2025-12-01 06:00:00
333439,81693,2025-12-01 06:00:00
333519,81693,2025-12-01 06:00:00
333669,81693,2025-12-01 06:00:00
333670,81693,2025-12-01 06:00:00
333638,81693,2025-12-01 06:00:00
333470,81693,2025-12-01 06:00:00
333471,81693,2025-12-01 06:00:00
333660,81693,2025-12-01 06:00:00
333625,81694,2025-12-01 12:00:00
333630,81694,2025-12-01 12:00:00
333450,81694,2025-12-01 12:00:00
333634,81694,2025-12-01 12:00:00
333406,81694,2025-12-01 12:00:00
333549,81694,2025-12-01 12:00:00
334738,81694,2025-12-01 12:00:00
333415,81694,2025-12-01 12:00:00
333467,81694,2025-12-01 12:00:00
333583,81694,2025-12-01 12:00:00
333586,81694,2025-12-01 12:00:00
333611,81694,2025-12-01 12:00:00
333574,81694,2025-12-01 12:00:00
333432,81694,2025-12-01 12:00:00
333629,81694,2025-12-01 12:00:00
333620,81694,2025-12-01 12:00:00
333621,81694,2025-12-01 12:00:00
333554,81697,2025-12-02 06:00:00
334763,81697,2025-12-02 06:00:00
333652,81702,2025-12-03 12:00:00
333646,81702,2025-12-03 12:00:00
333647,81702,2025-12-03 12:00:00
333436,81705,2025-12-04 06:00:00
333442,81705,2025-12-04 06:00:00
333407,81705,2025-12-04 06:00:00
333607,81705,2025-12-04 06:00:00
333612,81705,2025-12-04 06:00:00
333575,81705,2025-12-04 06:00:00
333558,81705,2025-12-04 06:00:00
333459,81705,2025-12-04 06:00:00
333616,81705,2025-12-04 06:00:00
333550,81705,2025-12-04 06:00:00
333483,81705,2025-12-04 06:00:00
333489,81705,2025-12-04 06:00:00
333495,81705,2025-12-04 06:00:00
333435,81705,2025-12-04 06:00:00
333603,81705,2025-12-04 06:00:00
333451,81705,2025-12-04 06:00:00
333416,81705,2025-12-04 06:00:00
333682,81706,2025-12-04 12:00:00
333455,81709,2025-12-05 06:00:00
333446,81709,2025-12-05 06:00:00
333587,81709,2025-12-05 06:00:00
333591,81709,2025-12-05 06:00:00
333595,81709,2025-12-05 06:00:00
333579,81709,2025-12-05 06:00:00
333562,81709,2025-12-05 06:00:00
333570,81709,2025-12-05 06:00:00
333463,81709,2025-12-05 06:00:00
333506,81709,2025-12-05 06:00:00
333507,81709,2025-12-05 06:00:00
333424,81709,2025-12-05 06:00:00
333532,81710,2025-12-05 12:00:00
333533,81710,2025-12-05 12:00:00
333539,81710,2025-12-05 12:00:00
333536,81710,2025-12-05 12:00:00
333538,81710,2025-12-05 12:00:00
333537,81710,2025-12-05 12:00:00
333500,81710,2025-12-05 12:00:00
333525,81710,2025-12-05 12:00:00
333599,81710,2025-12-05 12:00:00
333530,81710,2025-12-05 12:00:00
333420,81710,2025-12-05 12:00:00
333531,81710,2025-12-05 12:00:00
333411,81710,2025-12-05 12:00:00
333428,81710,2025-12-05 12:00:00
333494,81710,2025-12-05 12:00:00
333477,81710,2025-12-05 12:00:00
333482,81710,2025-12-05 12:00:00
333488,81710,2025-12-05 12:00:00
333501,81710,2025-12-05 12:00:00
333540,81710,2025-12-05 12:00:00
333512,81710,2025-12-05 12:00:00
333513,81710,2025-12-05 12:00:00
333518,81710,2025-12-05 12:00:00
333566,81710,2025-12-05 12:00:00
333520,81710,2025-12-05 12:00:00
333524,81710,2025-12-05 12:00:00
333664,81729,2025-12-10 06:00:00
333676,81729,2025-12-10 06:00:00
333675,81729,2025-12-10 06:00:00
333663,81729,2025-12-10 06:00:00
333656,81733,2025-12-11 06:00:00
334938,81733,2025-12-11 06:00:00
95914,82097,2026-03-12 06:00:00
