ид_канала_данных,median,iqr
104026,37.0,80.0
104027,55.0,115.75
104028,30.0,54.0
104029,30.0,57.0
104030,84.0,190.0
104031,32.0,81.0
104032,36.0,72.75
104033,39.0,85.0
104034,66.0,155.75
104035,38.0,67.0
104036,60.0,100.0
104037,70.0,134.0
104038,46.0,107.0
104039,36.0,67.0
104040,56.0,82.0
104041,48.0,117.0
104042,37.0,86.0
104043,82.0,185.0
104044,39.0,98.0
104045,52.0,175.0
104046,22.0,56.0
104047,28.0,72.0
104048,23.0,35.0
104049,29.0,54.0
104050,35.0,84.0
104051,30.0,59.0
104052,33.0,54.0
104053,54.0,113.25
104054,37.0,74.0
104055,34.0,66.0
104056,32.5,78.0
104057,37.0,62.0
104058,79.0,135.25
104059,39.0,107.0
104060,62.0,126.0
104061,50.0,98.0
104062,37.0,57.0
104063,60.0,146.0
104064,109.5,171.75
104065,40.0,69.0
104066,27.0,58.0
104813,2.0,2.0
104814,2.0,0.0
113981,8.0,14.0
113983,8.0,8.0
113985,2.0,2.0
113987,4.0,6.0
113988,2.0,2.0
113990,3.0,5.0
113991,2.0,2.0
113992,2.0,2.0
113994,2.0,4.0
113995,2.0,1.0
113996,2.0,2.0
113997,1.0,1.0
113998,2.0,0.0
113999,2.0,2.0
114000,2.0,1.25
114002,2.0,2.0
114003,4.0,4.0
114004,1.0,1.0
114005,2.0,2.0
114007,1.0,1.0
114008,2.0,0.25
114010,1.0,1.0
114046,22.0,137.5
115208,4.0,6.0
115209,2.0,2.0
115211,2.0,0.0
115215,20.0,68.0
115216,2.0,2.0
115217,4.0,18.0
115218,2.0,0.0
115219,1.0,1.0
115223,12.0,137.0
115224,2.0,3.0
115225,2.0,2.0
115229,12.0,28.0
115230,2.0,2.75
115231,18.0,30.0
115235,12.0,50.0
115236,2.0,2.0
115237,8.0,16.0
115238,2.0,1.0
115239,2.0,3.0
115240,1.0,0.0
115244,10.0,30.0
115245,2.0,2.0
115246,6.0,22.0
115247,2.0,2.0
115248,1.0,0.0
115252,14.0,33.0
115253,2.0,2.0
115254,6.0,8.0
115255,2.0,0.0
115256,1.0,0.0
115260,12.0,30.0
115261,2.0,2.0
115262,4.0,6.0
115263,2.0,2.0
115264,1.0,0.0
115268,6.0,14.0
115269,2.0,2.0
115271,2.0,6.0
115275,4.0,10.0
115276,2.0,2.0
115277,1.0,1.0
115278,2.0,2.0
115282,16.0,65.0
115283,2.0,1.0
115284,4.0,18.0
115285,2.0,2.0
115286,1.0,1.0
115290,12.0,42.0
115291,2.0,2.0
115292,8.0,20.0
115293,2.0,0.0
115298,2.0,0.0
115299,2.0,0.0
115302,10.0,32.0
115303,2.0,2.0
115304,8.0,22.0
115305,2.0,2.0
115310,14.0,48.0
115311,2.0,0.5
115312,14.0,26.0
115313,2.0,0.0
115315,1.0,1.0
115319,12.0,16.0
115320,2.0,2.0
115321,8.0,14.0
115322,2.0,0.0
115323,2.0,2.0
115325,1.0,2.0
115337,7.5,28.0
115338,2.0,1.0
115339,4.0,6.0
115340,2.0,2.0
115345,2.0,0.5
115346,2.0,0.0
115347,1.0,1.0
115348,2.0,2.0
115349,2.0,0.0
115353,6.0,20.0
115354,2.0,1.5
115355,1.0,1.0
115359,10.0,20.0
115360,2.0,2.0
115361,4.0,8.0
115362,2.0,0.0
115363,2.0,2.0
115364,2.0,2.0
115369,6.0,18.0
115370,2.0,2.0
115371,7.0,16.5
115372,2.0,1.0
115373,2.0,1.0
115374,1.0,1.0
115379,10.0,28.0
115380,2.0,0.0
115381,10.0,38.5
115382,2.0,0.0
115383,2.0,2.0
115384,1.0,1.0
115385,2.0,2.0
115389,12.0,34.0
115390,2.0,0.0
115391,12.0,23.0
115392,2.0,0.0
115393,2.0,2.0
115394,1.0,1.0
115398,8.0,14.0
115400,12.0,16.0
115401,4.0,4.0
115406,4.0,8.0
115407,2.0,0.0
115408,2.0,2.0
115409,2.0,4.0
115410,1.0,1.0
115414,10.0,22.0
115415,2.0,0.0
115416,15.0,37.5
115417,4.0,4.0
115418,2.0,2.0
115536,2.0,0.0
115540,2.0,0.0
115544,2.0,2.0
115548,2.0,0.0
116066,23.0,39.0
116067,35.0,45.0
116068,31.0,51.0
116069,27.0,56.0
116070,26.0,44.0
116071,19.5,50.0
116072,35.0,64.0
116073,35.0,51.0
116074,35.0,58.0
116075,25.0,47.0
116076,32.5,52.0
116077,44.0,75.0
116078,35.0,64.0
116079,28.0,54.0
116080,33.0,63.0
116081,23.0,39.0
116082,29.0,51.0
116083,32.0,46.0
116084,28.0,44.0
116085,50.0,90.0
116086,30.0,51.0
116087,28.0,38.0
116088,31.0,52.0
116089,27.0,40.0
116090,33.0,46.0
116091,29.0,46.0
116092,88.0,182.0
116093,33.0,51.0
116094,28.0,42.0
116095,25.0,37.0
116096,31.0,40.0
116097,25.0,36.0
116098,35.0,68.25
116099,51.0,113.0
116100,25.0,43.0
116101,26.0,38.0
116102,27.0,48.0
116103,29.0,50.0
116104,19.0,27.0
116105,25.0,40.5
116106,24.0,36.0
116107,33.0,53.0
116108,29.0,45.0
116109,26.0,41.0
116110,21.0,38.0
116111,28.0,43.0
116112,28.0,49.0
116113,28.0,51.0
116114,32.0,51.0
116115,23.0,35.0
116116,26.0,43.0
116117,32.0,54.0
116118,28.0,44.25
116119,29.0,47.0
116120,30.0,52.75
116121,23.0,41.0
116122,36.0,79.0
116123,23.0,45.0
116124,33.0,53.0
116125,24.0,39.0
116126,24.0,38.0
116127,39.0,62.0
116128,29.0,39.0
116129,30.0,49.0
116130,26.0,41.0
116131,34.0,70.0
116132,27.0,46.0
116133,38.0,65.0
116134,25.0,38.0
116135,39.0,61.0
116136,34.0,54.0
116137,21.0,37.0
116138,32.0,51.0
116139,32.0,43.0
116140,29.0,43.0
116141,26.0,43.0
116142,29.0,40.0
116143,25.0,40.0
116144,33.0,44.0
116148,2.0,0.0
120151,20.0,25.5
120153,12.0,16.0
120154,1.0,0.0
120155,6.0,10.0
120156,1.0,0.0
120161,4.0,4.0
120162,1.0,0.0
120165,8.0,12.0
120166,1.0,0.0
120169,6.0,10.0
120171,8.0,10.0
120172,1.0,0.0
120225,1.0,1.0
120226,2.0,2.0
120227,2.0,2.0
120230,3.0,3.0
120231,2.0,1.0
120233,1.0,1.0
120234,4.0,3.0
120236,1.0,1.0
120237,3.0,3.0
120239,1.0,1.0
120241,1.0,1.0
120242,2.5,3.0
120244,1.0,1.0
120245,3.0,3.0
120247,1.0,1.0
120249,1.0,1.0
120250,4.0,3.0
120252,1.0,1.0
120253,1.0,1.0
120254,3.0,3.0
120256,1.0,1.0
120257,4.0,3.0
120258,4.0,4.0
120259,2.0,0.75
120260,1.0,1.0
120261,4.0,3.0
120262,2.0,2.0
120263,1.0,1.0
120264,1.0,1.0
120265,4.0,3.0
120266,2.0,2.0
120269,2.0,3.0
120270,30.0,36.0
120271,2.0,2.0
120273,4.0,4.0
120274,2.0,5.0
120276,4.0,3.0
120277,24.0,48.0
120278,2.0,4.0
120280,2.0,4.75
120281,12.0,8.0
120289,6.0,8.0
120290,1.0,0.0
120291,6.0,12.0
120297,4.0,6.0
120298,2.0,2.0
120299,4.0,4.0
120300,1.0,0.0
120305,8.0,4.5
120309,6.0,11.5
120311,6.0,6.0
120312,2.0,1.0
120315,4.0,8.0
120317,10.0,12.0
120318,2.0,3.0
120325,4.0,8.0
120326,1.0,1.0
120331,4.0,4.0
120332,1.0,1.0
120335,6.0,10.0
120336,2.0,4.0
120337,4.0,4.0
120338,3.0,4.0
120345,10.0,18.0
120346,1.0,0.0
120347,4.0,6.0
120348,1.0,0.0
120355,16.0,32.0
120356,1.0,1.0
120359,2.0,4.0
120360,2.0,1.0
120361,8.0,52.0
120362,1.0,2.0
120365,4.0,6.0
120366,1.0,0.0
120367,6.0,8.0
120368,1.0,2.0
120379,2.0,6.0
120380,1.0,0.0
120381,4.0,6.0
120383,4.0,4.0
120385,6.0,4.0
120386,2.0,2.0
120395,2.0,4.0
120396,1.0,1.0
120397,2.5,6.0
120398,1.0,0.0
120399,6.0,8.5
120407,4.0,7.0
120408,1.0,1.0
120413,8.0,8.0
120414,1.0,1.0
120457,2.0,0.0
120458,2.0,0.0
120459,1.0,0.0
120460,2.0,2.0
120462,2.0,0.0
120463,2.0,0.0
120464,1.0,0.0
120465,2.0,0.0
120466,1.0,0.0
120467,2.0,0.0
120468,1.0,1.0
120469,2.0,0.0
120470,2.0,0.0
120471,1.0,0.0
120472,2.0,0.0
120473,1.0,0.0
120474,2.0,0.0
120475,1.0,1.0
120476,2.0,0.0
120477,2.0,1.0
120478,2.0,0.75
120479,2.0,1.0
120480,2.0,0.0
120482,2.0,0.0
120483,2.0,0.0
120485,2.0,0.0
120487,2.0,0.0
120488,2.0,0.0
120490,2.0,0.0
120491,1.0,1.0
120492,2.0,0.0
120493,2.0,0.0
120494,2.0,1.0
120495,2.0,0.0
120497,2.0,1.0
120499,4.0,4.0
120500,2.0,2.0
120501,2.0,1.0
120503,2.0,0.0
120504,2.0,0.0
120505,2.0,3.0
120506,2.0,0.0
120507,2.0,0.0
120508,1.0,1.0
120509,2.0,0.0
120510,2.0,0.0
120511,2.0,1.0
120512,2.0,2.0
120513,1.0,0.0
120514,2.0,0.0
120515,1.0,0.0
120516,2.0,0.0
120517,2.0,2.0
120518,1.0,1.0
120519,2.0,0.0
120520,2.0,3.0
120521,2.0,0.0
120522,2.0,2.0
120523,2.0,2.0
120524,2.0,0.0
120525,2.0,0.0
120526,1.0,1.0
120527,2.0,0.5
120528,2.0,0.5
120529,1.0,0.0
120530,2.0,0.0
120531,2.0,0.0
120532,1.0,0.0
120533,2.0,0.0
120534,2.0,0.0
120535,1.0,0.0
120537,2.0,0.0
120538,2.0,0.0
120539,1.0,0.0
120540,2.0,1.25
120541,2.0,0.0
120542,1.0,0.0
120543,2.0,6.0
120544,2.0,0.0
120545,1.0,1.0
120546,2.0,0.0
120547,2.0,0.0
120548,1.0,1.0
120549,2.0,0.0
120550,2.0,2.0
120551,2.0,2.0
120552,1.0,2.0
120553,2.0,0.5
120554,2.0,1.0
120555,2.0,0.0
120556,2.0,0.0
120557,2.0,0.0
120558,1.0,0.0
120559,5.0,46.0
120560,4.0,46.0
120561,1.0,1.0
120562,2.0,0.0
120563,2.0,0.0
120564,1.0,1.0
120565,2.0,0.0
120566,2.0,0.0
120567,1.0,0.0
120568,2.0,0.0
120569,2.0,0.0
120570,1.0,0.0
120571,2.0,0.0
120572,1.0,0.0
120573,2.0,2.0
120574,2.0,0.0
120575,2.0,0.0
120576,1.0,0.0
120577,2.0,1.0
120578,2.0,0.0
120580,2.0,0.0
120582,2.0,0.25
120583,2.0,0.0
120584,2.0,2.0
120585,2.0,1.0
120586,1.0,1.0
120587,2.0,0.0
120588,1.0,1.0
120589,2.0,2.0
120590,2.0,1.5
120591,1.0,1.0
120592,2.0,0.5
120593,2.0,0.5
120594,1.0,1.0
120595,2.0,3.0
120596,2.0,2.0
120597,2.0,0.0
120598,2.0,0.0
120599,1.0,0.0
120600,2.0,0.0
120602,2.0,2.0
120604,2.0,2.0
120605,2.0,4.0
120606,2.0,2.0
120607,2.0,2.0
120608,2.0,1.0
120609,2.0,0.0
120610,2.0,0.0
120612,1.0,1.0
120613,2.0,2.0
120614,1.0,1.0
120615,2.0,2.0
120616,1.0,0.0
120617,2.0,2.0
120618,1.0,1.0
120619,2.0,2.0
120620,1.0,0.0
120624,2.0,2.0
120966,2.0,2.0
120967,2.0,0.0
121161,32.0,36.0
135187,8.0,18.0
135188,2.0,1.0
135189,2.0,2.0
135190,1.0,1.0
135191,4.0,6.0
135192,2.0,0.0
135193,2.0,2.0
135194,2.0,1.0
135195,3.0,6.0
135196,2.0,1.0
135197,4.0,10.0
135198,2.0,1.25
135199,2.0,2.0
135200,2.0,0.0
135201,2.0,1.0
135202,2.0,0.0
135203,2.0,0.0
135204,2.0,1.0
135205,2.0,2.0
135206,2.0,1.0
135207,2.0,2.0
135208,2.0,1.0
135209,2.0,1.0
135210,2.0,0.0
135211,2.0,0.0
135212,2.0,0.0
135213,1.0,1.0
135215,2.0,1.0
135216,2.0,2.0
135217,2.0,0.0
135219,2.0,1.0
135220,2.0,0.0
135221,2.0,0.0
135222,2.0,2.0
135223,2.0,0.0
135225,2.0,2.0
135227,2.0,2.0
135228,4.0,6.0
135229,18.0,34.0
143491,2.0,4.0
143492,3.0,6.0
143493,3.0,4.0
143494,2.0,2.0
143497,4.0,6.0
143498,4.0,7.5
143499,2.0,2.0
143503,4.0,4.0
143505,3.0,7.0
143506,3.0,4.0
143508,2.0,2.0
143510,2.0,2.0
143511,4.0,8.0
143512,1.0,1.0
143515,2.0,2.0
143517,4.0,7.0
143518,3.0,6.0
143520,3.0,4.0
143521,4.0,6.0
143523,3.0,6.0
143526,2.0,2.0
143527,2.0,2.0
143528,2.0,1.0
143530,4.5,10.0
143531,4.0,6.0
143532,4.0,6.0
143533,2.0,4.0
143534,4.0,4.0
143535,2.0,2.0
143537,1.0,1.0
143538,4.0,8.0
143539,4.0,4.0
143541,4.0,4.0
143543,3.0,4.0
143544,3.0,5.25
143545,3.0,9.0
143546,4.0,4.0
143548,2.0,2.0
143554,2.0,2.0
143556,3.0,4.25
143557,4.0,4.0
143558,2.0,2.0
143564,2.0,2.0
143565,3.0,4.0
143567,3.0,8.0
143568,3.0,5.5
143570,4.0,10.0
143571,4.0,10.0
143577,3.0,8.0
143580,3.0,3.0
143587,2.0,2.0
143588,3.0,3.0
143590,2.0,2.0
143592,4.0,6.0
143593,1.0,2.0
143594,2.0,4.0
143595,3.0,6.0
143596,3.0,4.0
143597,2.0,2.0
143599,2.0,1.25
143600,2.0,2.0
143602,3.0,4.0
143603,3.0,4.0
143610,2.0,2.0
143611,3.0,4.0
143613,1.0,0.0
143614,2.5,4.0
143615,3.0,6.0
143616,2.0,2.0
143620,2.0,3.0
143621,3.0,4.0
143622,3.0,8.0
143623,3.5,4.0
143624,2.0,1.0
143625,1.0,1.0
143626,2.0,2.0
143627,2.0,1.0
143630,2.0,0.0
143632,3.0,4.0
143633,3.0,4.0
143634,4.0,6.0
143635,1.0,1.0
143636,3.0,3.0
143637,2.0,2.0
143638,2.0,2.0
143644,2.0,2.0
143648,2.0,4.0
143649,3.0,4.0
143650,3.0,7.0
143651,2.0,4.0
143652,2.0,2.0
143653,1.0,2.0
143661,4.0,6.0
143663,4.0,10.0
143665,5.0,12.0
143667,4.0,6.0
143669,6.0,9.0
143671,6.0,12.0
143675,8.0,15.75
143677,6.0,8.0
143679,10.0,21.0
143681,14.0,34.0
143683,10.0,18.0
143685,10.0,26.0
143687,8.0,24.0
143691,6.0,14.5
143693,10.0,20.0
143695,4.0,6.0
143696,1.0,1.0
143699,4.0,8.0
143701,6.0,11.0
143703,6.0,10.0
143705,4.0,6.0
143707,6.0,8.0
143709,6.0,18.0
143711,2.0,3.0
143713,8.0,13.5
143715,6.0,12.0
143717,4.0,8.0
143719,8.0,12.0
143721,4.0,12.0
144735,6.0,12.0
144736,1.0,1.0
144737,6.0,20.0
144739,4.0,8.0
144740,1.0,1.0
144741,6.0,9.5
144742,1.0,1.0
144743,4.0,4.0
144744,1.0,1.0
144745,4.0,8.0
144747,4.0,10.0
144749,10.0,28.0
144751,4.0,6.0
144752,1.0,1.0
144753,10.0,30.0
144755,6.0,18.0
144756,2.0,3.0
144757,4.0,6.0
144758,1.0,2.0
144759,3.0,4.0
144760,1.0,1.0
144761,4.0,10.0
144762,1.0,1.0
144763,10.0,22.0
144764,1.0,0.0
144765,18.0,50.0
144766,1.0,1.0
144767,6.0,16.0
144768,1.0,1.0
144769,4.0,10.0
144771,16.0,78.0
144773,2.0,4.0
144774,2.0,1.0
144775,4.0,8.0
144776,1.0,1.0
144777,4.0,8.0
144779,8.0,34.0
144781,10.0,34.0
144782,1.0,1.0
144783,8.0,26.75
144784,1.0,1.0
144785,12.0,32.0
144786,1.0,1.0
144787,4.0,8.0
144789,4.0,8.0
144791,12.0,43.5
144793,6.0,21.5
144795,14.0,30.0
144797,12.0,33.0
144798,1.0,1.0
144799,6.0,18.0
144800,1.0,1.0
144801,6.0,17.0
144802,1.0,1.0
144803,18.0,57.0
144805,4.0,14.0
144807,22.0,62.0
144809,16.0,44.0
144810,1.0,1.0
144811,18.0,54.0
144812,1.0,1.0
144813,4.0,6.0
144814,2.0,4.0
144816,4.0,4.0
144817,1.0,1.0
144818,3.0,4.0
144820,2.0,2.0
144821,2.0,3.0
144822,2.0,2.0
144823,1.0,1.0
144824,2.0,2.0
144825,2.0,2.0
144826,1.0,1.0
144828,2.0,3.0
144829,1.0,1.0
144830,2.0,2.0
144831,3.0,4.0
144833,2.0,2.0
144834,4.0,4.0
144835,1.0,1.0
144836,4.0,6.0
144837,2.0,2.0
144839,2.0,2.0
144840,2.0,4.0
144841,2.0,3.0
144845,2.0,1.0
144846,2.0,2.0
144847,4.0,6.0
144848,2.0,2.0
144849,4.0,9.0
144850,2.0,4.0
144851,1.0,1.0
144852,5.0,8.0
144853,2.0,2.0
144854,1.0,0.0
144855,2.0,0.0
144856,2.0,2.0
144857,6.0,12.0
144859,2.0,0.0
144860,5.0,9.0
144861,1.0,1.0
144862,4.0,6.0
144864,2.0,1.0
144865,2.0,0.0
144866,2.0,2.0
144868,2.0,0.0
144869,1.5,1.0
144871,2.0,2.0
144872,2.0,2.0
144873,1.0,1.0
144901,2.0,2.0
144902,1.0,1.0
147008,2.0,0.0
147010,2.0,2.0
147011,2.0,0.0
147013,3.0,4.0
147019,4.0,5.0
147179,76.0,123.0
147180,41.0,107.0
147181,78.0,132.0
147182,57.0,121.75
147183,104.0,124.0
147184,70.0,83.0
147185,67.0,145.0
147186,65.0,123.75
147187,117.0,150.0
147188,79.0,133.0
147189,70.0,122.0
147190,56.0,114.0
147191,67.0,144.0
147192,58.0,131.0
147193,76.0,133.0
147194,70.0,132.5
147195,38.0,96.0
147196,61.5,114.75
147197,60.0,130.0
147198,53.0,109.0
147199,82.0,139.0
147200,53.0,125.0
147201,34.0,98.0
147202,43.0,82.0
147203,78.0,122.0
147204,150.0,131.0
147205,49.0,104.0
147206,60.0,115.0
147207,129.0,183.0
147208,75.0,126.0
147209,48.0,101.0
147210,67.0,122.0
147211,73.0,135.0
147212,100.0,124.0
154103,2.0,2.0
154106,2.0,2.0
154107,2.0,1.0
154108,2.0,2.0
154109,268.0,603.75
154110,1.0,1.0
154112,1.0,1.0
154113,2.0,4.0
154114,2.0,2.0
154115,50.0,148.0
154116,2.0,3.0
154118,1.0,1.0
154119,2.0,2.0
154120,2.0,2.0
154121,24.0,48.0
154122,1.0,1.0
154123,2.0,2.0
154124,2.0,2.0
154125,2.0,2.0
154126,534.0,574.0
154127,4.0,6.0
154847,4.0,3.0
154848,3.0,3.0
154849,3.0,3.0
154850,3.0,3.0
154851,4.0,3.0
155051,2.0,2.0
157284,2.0,2.0
157285,4.0,4.0
157286,2.0,3.0
157287,2.0,2.0
157288,3.0,3.0
157289,2.0,2.0
157290,2.0,2.0
157292,2.0,2.0
157293,2.0,2.0
157294,2.0,2.0
157295,4.0,6.0
157297,2.0,2.0
157298,2.0,2.0
157299,2.0,4.0
157300,4.0,10.0
157302,2.0,0.0
157303,2.0,2.0
157305,2.0,2.0
157306,2.0,2.0
157307,2.0,2.0
157308,4.0,4.0
157309,2.0,4.0
157310,2.0,2.0
157311,2.0,2.0
157316,4.0,6.0
157320,8.0,26.0
158890,2.0,0.0
158894,6.0,7.0
158899,6.0,11.0
158904,6.0,9.0
158909,6.0,12.0
158914,7.0,258.0
158919,4.0,4.0
158924,8.0,16.0
158929,6.0,7.0
158934,6.0,7.0
158939,7.0,14.0
158944,4.0,4.0
158949,8.0,160.25
158954,8.0,10.0
158959,7.0,16.0
158964,6.0,9.0
158969,6.0,11.0
158974,6.0,11.0
158980,2.0,2.0
162754,2.0,0.0
162757,2.0,1.0
162761,2.0,2.0
162765,2.0,0.0
162766,2.0,2.0
162769,2.0,1.0
162770,2.0,2.0
162774,2.0,0.0
162775,2.0,1.0
162778,2.0,0.0
162779,2.0,1.0
162782,2.0,0.0
162783,2.0,1.0
162786,2.0,0.0
162787,2.0,2.0
162791,2.0,2.0
162795,2.0,1.0
162798,2.0,1.0
162801,2.0,1.0
162805,2.0,1.0
162809,2.0,1.0
162813,2.0,2.0
162818,2.0,1.0
162822,2.0,2.0
162825,2.0,2.0
162826,2.0,2.0
162829,2.0,1.0
162830,2.0,2.0
162833,2.0,1.0
162834,4.0,4.0
162838,2.0,1.0
162839,2.0,1.0
162843,2.0,2.0
162846,2.0,2.0
162847,2.0,2.0
162850,2.0,1.0
162854,2.0,2.0
162855,2.0,1.0
162858,2.0,2.0
162861,2.0,2.0
162865,2.0,1.0
162866,2.0,0.0
162870,2.0,1.0
162874,2.0,2.0
162878,2.0,4.0
162879,2.0,1.0
162882,2.0,0.0
162885,2.0,1.0
162911,2.0,2.0
166955,57.0,139.5
168445,2.0,0.0
168535,2.0,1.0
171363,2.0,2.0
171367,41.0,280.0
171368,2.0,5.0
171369,38.0,230.0
171537,2.0,2.0
171538,2.0,2.0
171539,2.0,2.0
171540,4.0,4.0
171541,14.0,18.0
171542,78.0,94.0
171544,4.0,2.5
171545,2.0,2.0
171546,2.0,2.0
171547,2.0,0.0
171550,5.0,2.0
171551,2.0,2.0
171552,4.0,8.0
171553,2.0,3.75
171554,4.0,6.0
171556,4.0,6.0
171557,2.0,1.0
171558,213.5,274.0
171559,1.0,0.0
171563,20.0,38.0
171564,24.0,46.0
171565,2.0,2.0
171570,2.0,1.0
171571,2.0,2.0
171572,80.0,232.0
171575,2.0,2.0
171576,2.0,3.0
171577,28.0,78.0
171581,2.0,2.0
171582,14.0,22.0
171583,2.0,2.0
171584,2.0,2.0
171587,3.5,3.0
171588,12.0,20.0
171589,58.0,128.0
171590,29.0,80.0
171594,6.0,15.0
171595,74.0,81.0
171596,3.0,2.5
171597,14.0,64.0
171599,6.0,14.0
171600,4.0,5.5
171601,8.0,11.25
171602,54.0,90.0
171603,2.0,3.0
171604,4.0,6.0
171606,24.0,34.0
171607,5.0,5.5
171608,18.0,32.0
171609,86.0,137.5
171610,2.0,1.0
171612,4.0,6.0
171614,5.0,7.5
171615,2.0,12.0
171616,124.0,94.0
171617,1.0,2.0
171618,4.0,9.0
171620,4.0,5.0
171621,5.0,2.0
171622,9.0,17.0
171623,192.0,172.0
171624,2.0,0.0
171625,1.0,2.0
171627,5.0,5.0
171628,33.0,42.0
171629,166.0,159.0
171630,2.0,2.0
171631,2.0,2.0
171634,8.0,5.25
171635,8.0,13.0
171636,60.0,63.5
171637,6.0,6.0
171638,1.0,2.0
171640,10.0,18.0
171641,1.0,2.0
171645,2.0,2.0
171646,6.0,3.75
171647,28.0,53.75
171648,4.0,4.0
171649,22.0,94.0
171654,2.0,2.0
171993,2.0,0.75
171994,2.0,1.0
171995,2.0,1.0
171996,2.0,1.0
179177,2.0,2.0
179178,2.0,2.0
179179,2.0,2.0
179180,2.0,2.0
179181,2.0,2.5
179182,2.0,2.25
179752,2.0,0.0
185838,2.0,2.0
185904,1.0,2.0
193078,4.0,7.0
193083,2.0,4.0
193085,4.0,12.0
193089,2.0,4.0
193090,2.0,2.0
193091,8.0,16.0
193093,6.0,14.0
193095,2.0,1.0
193097,10.0,20.0
193099,14.0,54.0
193100,1.0,0.0
193101,4.0,6.0
193103,2.0,4.0
193107,8.0,30.0
193108,4.0,6.0
193113,2.0,2.0
193114,2.0,2.0
193115,2.0,2.0
193116,2.0,0.0
193117,2.0,0.0
193118,2.0,0.0
193119,2.0,0.0
193120,2.0,3.0
193121,2.0,0.0
193123,2.0,2.0
193124,2.0,0.0
193125,2.0,0.0
193126,2.0,0.0
193127,2.0,0.0
193128,2.0,2.0
193130,2.0,1.0
193131,2.0,2.0
193132,2.0,2.0
193134,2.0,1.0
193135,2.0,1.0
193136,2.0,0.0
193138,2.0,0.25
193139,2.0,0.25
193140,2.0,0.0
193141,1.0,1.0
193142,2.0,0.0
193143,2.0,0.0
193144,2.0,0.0
193145,2.0,0.0
193146,2.0,1.0
193147,2.0,0.0
193148,2.0,0.0
193149,2.0,0.0
193150,2.0,2.0
193151,2.0,0.0
193152,2.0,2.0
193153,2.0,2.0
193155,2.0,2.0
193156,2.0,2.0
193157,2.0,0.0
193158,2.0,0.0
193159,2.0,2.0
193161,2.0,0.0
193162,2.0,0.0
193163,2.0,0.0
193164,2.0,0.0
193165,2.0,0.0
193166,1.0,1.0
193167,2.0,2.0
193169,2.0,2.0
193170,2.0,2.0
193171,2.0,2.0
193172,2.0,0.0
193173,2.0,1.0
193174,2.0,0.0
193175,2.0,0.0
193176,2.0,0.0
193177,2.0,0.0
193179,2.0,0.0
193180,2.0,0.0
193181,2.0,0.0
193182,2.0,3.0
193183,2.0,1.0
193184,2.0,2.0
193185,1.0,0.0
193186,2.0,2.0
193187,3.0,2.0
193188,2.0,2.0
193190,2.0,2.0
193192,2.0,2.0
193193,2.0,2.0
193194,2.0,2.0
193196,2.0,0.0
193197,2.0,0.0
193198,2.0,0.0
193199,2.0,0.0
193200,2.0,1.0
193202,2.0,0.0
193203,2.0,0.0
193204,2.0,0.0
193205,2.0,0.0
193206,2.0,2.0
193207,2.0,2.0
193208,2.0,3.0
193209,2.0,2.0
193211,2.0,2.0
193213,2.0,2.0
193215,2.0,0.0
193216,2.0,2.0
193217,2.0,2.0
193219,2.0,0.0
193220,2.0,0.0
193221,2.0,0.0
193222,2.0,0.0
193223,2.0,2.0
193224,2.0,0.0
193225,2.0,0.0
193226,1.0,1.0
193227,2.0,0.0
196139,6.0,4.0
196140,6.0,4.0
196141,6.0,4.0
196142,6.0,4.0
196143,6.0,4.0
196144,6.0,4.0
196145,6.0,4.0
196146,6.0,4.0
196464,2.0,2.0
196465,4.0,16.0
196466,28.0,58.0
196467,1.0,1.0
196468,2.0,2.0
196469,1.0,1.0
196470,2.0,2.0
196471,1.0,1.0
196472,3.5,2.0
196473,1.0,1.0
196474,2.0,2.0
196475,1.0,1.0
196476,2.0,2.0
196477,2.0,1.0
196478,2.0,2.0
196479,1.0,2.0
196480,142.0,96.0
196481,1.0,0.0
196482,2.0,2.0
196483,12.0,26.5
196484,2.0,2.0
196485,2.0,2.0
196486,1.0,0.0
196487,2.0,2.0
196488,1.0,2.0
196489,2.0,4.0
196490,4.0,6.0
196491,46.0,44.0
196492,1.0,0.0
196493,2.0,2.0
196494,54.0,112.0
196495,4.0,4.0
196496,1.0,0.0
196497,2.0,2.0
196498,16.0,48.0
196499,82.0,158.0
196500,1.0,1.0
196501,1.0,0.0
196502,2.0,3.0
196503,122.0,214.0
196504,1.0,2.0
196505,1.0,0.0
196506,3.0,2.0
196507,180.0,246.0
196508,1.0,0.0
196509,4.0,4.0
196510,2.0,2.0
196511,4.0,8.0
196512,1.0,0.0
196513,4.0,3.0
196514,2.0,3.0
196515,2.0,3.0
196516,70.0,158.0
196517,1.0,0.0
196518,4.0,4.0
196519,3.0,6.0
196520,30.0,50.0
196521,68.0,118.0
196522,1.0,0.0
196523,2.0,3.0
196524,3.0,4.0
196525,76.0,116.0
196526,1.0,0.0
196527,2.0,2.0
196528,2.0,2.0
196529,4.0,8.0
196530,3.0,3.0
196531,30.0,74.0
196532,1.0,0.0
196723,916.0,431.0
196725,252.0,288.25
196726,731.5,192.0
196727,661.0,154.0
196728,374.0,293.0
196729,755.0,437.0
196730,632.0,221.0
196731,738.0,261.0
196732,582.0,347.0
196733,291.0,325.75
196734,168.0,162.0
196735,205.0,194.0
196736,274.5,282.0
196737,219.5,274.0
196738,131.0,216.0
196739,211.5,210.0
196740,195.0,290.25
196741,262.0,285.0
196742,244.0,216.0
196743,254.0,238.0
196744,224.0,296.0
196745,167.0,190.25
196746,204.0,230.0
196750,249.0,243.0
196751,218.0,246.0
196752,204.0,174.75
196753,186.0,187.0
196755,147.0,193.0
196756,278.0,322.0
196759,220.0,365.0
196760,162.0,209.0
196761,82.0,214.0
196762,322.0,299.0
196763,188.0,256.0
196764,188.0,379.5
196765,497.0,589.0
196767,327.0,292.0
196768,488.5,379.0
196771,197.5,484.0
196772,181.0,240.0
196774,213.0,196.0
196775,483.0,426.0
196777,428.0,567.5
196778,475.0,580.0
196779,206.0,434.0
196780,462.0,526.0
196783,178.0,281.0
196784,248.0,515.0
196785,634.0,453.0
196786,441.0,439.0
196789,283.0,305.0
196790,611.0,722.0
196792,127.0,332.0
196793,290.0,463.0
196796,233.0,367.0
196813,2.0,3.0
196882,8.0,10.0
196883,1.0,0.0
196884,4.0,8.0
196885,4.0,4.0
196887,4.0,12.0
196889,8.0,35.0
196892,12.0,31.5
196893,4.0,12.0
196894,8.0,12.0
196895,1.0,1.0
196896,6.0,10.0
196897,8.0,12.0
196898,1.0,1.0
196899,6.0,6.0
196900,1.0,0.0
196903,4.0,6.0
196904,1.0,1.0
196905,4.0,6.0
196906,1.0,1.0
196907,4.0,10.0
196908,1.0,1.0
196909,6.0,8.0
196910,1.0,0.0
196911,4.0,8.0
196912,1.0,1.0
196913,4.0,8.0
196914,1.0,0.0
196949,4.0,6.0
196950,4.0,6.0
196961,2.0,4.0
196962,2.0,2.0
196963,2.0,0.0
196964,1.0,0.0
196965,2.0,2.0
196966,2.0,2.0
196967,2.0,2.0
196968,2.0,2.0
196969,2.0,2.0
196970,2.0,2.0
196971,4.0,4.0
196972,1.0,1.0
196973,2.0,2.5
196974,2.0,2.0
196976,3.0,3.0
196977,1.0,1.0
196978,4.0,3.0
196979,4.0,2.0
196981,4.0,2.0
196982,2.0,2.0
196983,2.0,2.0
196984,1.0,1.0
196985,4.0,4.0
196986,4.0,2.75
196987,1.0,1.0
196988,2.0,2.0
196989,4.0,4.0
196990,1.0,1.0
196991,3.0,2.0
196992,2.0,2.0
196993,2.0,2.0
196994,1.0,1.0
196995,2.0,2.0
196996,2.0,2.0
196997,2.0,2.0
196998,1.0,1.0
196999,1.0,1.0
197000,2.0,2.0
197001,2.0,2.0
197002,12.0,25.0
197003,332.0,618.0
197004,8.0,16.0
197032,2.0,2.0
197034,1.0,1.0
197035,4.0,2.0
197037,1.0,1.0
197113,16.0,28.0
197114,16.0,28.0
197115,16.0,28.0
197116,16.0,28.0
197119,16.0,28.0
197120,16.0,28.0
197121,16.0,28.0
197124,16.0,28.0
197717,34.0,90.0
197718,76.0,208.0
197719,2.0,0.0
197720,2.0,2.0
197721,24.0,24.0
197722,6.0,12.0
197723,4.0,6.0
197729,106.0,104.0
197979,4.0,4.0
197980,1.0,0.0
197981,8.0,18.0
197982,1.0,1.0
197983,6.0,23.0
197984,1.0,0.0
197985,8.0,22.0
197986,1.0,0.0
198148,2.0,2.0
209982,2.0,0.0
209984,2.0,1.0
209985,12.0,43.0
209987,2.0,1.0
209988,2.0,2.0
209989,166.0,384.0
209991,3.0,3.0
210314,2.0,2.0
210587,2.0,2.0
210589,2.0,6.0
211784,2.0,2.0
212075,2.0,2.0
212077,2.0,0.0
212081,8.0,10.0
212082,4.0,4.0
212083,4.0,6.0
212084,2.0,2.0
212085,2.0,0.0
212086,14.0,43.0
212087,2.0,1.0
212093,2.0,2.0
212094,12.0,20.0
212095,2.0,0.0
212096,2.0,1.0
212097,2.0,1.0
212103,4.0,8.0
212104,1.0,0.0
212105,4.0,6.0
212106,2.0,0.0
212107,4.0,6.0
212108,2.0,0.0
212114,2.0,0.0
212115,6.0,8.0
212116,1.0,1.0
212117,2.0,0.5
212118,2.0,2.0
212119,2.0,1.0
212125,2.0,2.0
212126,2.0,0.0
212127,2.0,1.0
212133,8.0,10.0
212134,1.0,0.0
212135,4.0,4.0
212136,2.0,1.0
212142,2.0,0.0
212143,6.0,4.0
212144,1.0,1.0
212145,2.0,0.0
212146,2.0,2.0
212147,2.0,1.0
212148,2.0,1.0
212154,6.0,8.0
212155,1.0,0.0
212156,2.0,2.0
212157,8.0,8.0
212163,2.0,0.0
212164,2.0,1.0
212165,2.0,1.0
212171,2.0,0.0
212172,8.0,12.0
212173,2.0,2.0
212174,2.0,2.0
212175,4.0,6.0
212176,4.0,6.0
212177,2.0,0.0
212178,2.0,1.0
212184,4.0,8.0
212185,1.0,1.0
212186,2.0,0.0
212187,4.0,6.0
212188,2.0,2.0
212189,2.0,1.0
212190,2.0,1.0
212194,2.0,0.0
212195,6.0,14.25
212196,1.0,1.0
212197,2.0,1.0
212198,2.0,2.0
212199,2.0,1.0
212205,2.0,0.0
212206,2.0,1.0
212207,2.0,1.0
212208,2.0,1.0
212209,2.0,1.0
212215,2.0,1.0
212216,6.0,6.0
212217,4.0,6.0
212218,4.0,6.0
212219,2.0,0.0
212221,2.0,1.0
212222,2.0,1.0
212228,2.0,1.0
212229,2.0,1.0
212235,2.0,2.0
212236,6.0,16.0
212237,2.0,2.0
212238,4.0,8.0
212240,2.0,0.0
212241,2.0,1.0
212247,4.0,8.0
212248,1.0,0.0
212249,4.0,4.0
212250,2.0,1.0
212251,2.0,0.0
212257,2.0,0.0
212259,2.0,0.0
212260,2.0,0.0
212261,2.0,0.0
212266,4.0,2.0
212268,2.0,0.0
212269,2.0,1.0
212275,2.0,2.0
212282,2.0,2.0
212283,8.0,14.0
212284,1.0,1.0
212285,2.0,1.0
212286,2.0,2.0
212287,2.0,1.0
212293,6.0,6.0
212294,1.0,1.0
212296,4.0,4.0
212297,2.0,0.0
212305,2.0,1.0
212306,2.0,1.0
212307,2.0,0.75
212309,2.0,0.0
212314,2.0,2.0
212318,2.0,0.25
212319,2.0,1.0
212325,2.0,2.0
212326,6.0,14.5
212327,2.0,0.0
212328,2.0,1.5
212329,2.0,0.0
212330,2.0,0.75
212336,4.0,4.5
212337,4.0,4.0
212338,2.0,0.0
212339,2.0,0.0
212347,2.0,0.0
212348,2.0,0.0
212349,2.0,0.75
212350,2.0,1.0
212356,2.0,0.0
212357,4.0,4.0
212358,2.0,0.0
212359,2.0,2.0
212360,6.0,12.0
212361,2.0,2.0
212362,1.0,1.0
212363,2.0,0.0
212364,2.0,0.0
212370,8.0,20.0
212371,2.0,2.0
212372,2.0,0.0
212378,2.0,0.0
212379,2.0,0.0
212380,2.0,0.0
212386,2.0,2.0
212388,2.0,2.0
212389,12.0,24.0
212390,1.0,1.0
212391,2.0,2.0
212392,2.0,2.0
212393,2.0,2.0
212399,4.0,8.0
212400,1.0,1.0
212401,2.0,0.0
212402,4.0,6.0
212403,2.0,0.0
212404,2.0,0.0
212405,2.0,0.0
212406,2.0,0.0
212412,2.0,0.0
212413,2.0,0.0
212414,2.0,0.0
212415,2.0,0.0
212421,2.0,2.0
212422,6.0,8.0
212423,1.0,1.0
212424,2.0,1.0
212425,4.0,4.0
212426,2.0,0.0
212427,2.0,0.0
212433,8.0,12.0
212434,1.0,1.0
212435,4.0,4.0
212436,2.0,0.0
212437,2.0,0.0
212443,2.0,0.0
212444,2.0,0.0
212445,2.0,0.0
212446,2.0,0.0
212452,2.0,2.0
212453,8.0,18.0
212454,1.0,1.0
212455,2.0,0.0
212456,2.0,2.0
212457,2.0,0.0
212458,2.0,1.0
212464,6.0,8.0
212465,1.0,1.0
212466,4.0,6.0
212467,4.0,4.0
212468,2.0,1.0
212469,2.0,0.0
212474,2.0,2.0
212475,10.0,29.0
212476,1.0,1.0
212477,2.0,0.0
212478,2.0,2.0
212479,2.0,0.0
212480,2.0,0.0
212481,2.0,2.0
212487,4.0,4.0
212488,1.0,1.0
212490,2.0,2.0
212491,2.0,0.0
212492,2.0,0.0
212499,2.0,0.0
212500,2.0,0.0
212501,2.0,0.0
212502,2.0,0.0
212503,2.0,2.0
212509,2.0,2.0
212510,2.0,0.0
212511,1.0,0.0
212512,2.0,2.0
212513,4.0,4.0
212514,4.0,13.5
212515,2.0,0.0
212516,2.0,0.0
212522,10.0,12.0
212525,2.0,2.0
212526,2.0,0.0
212545,2.0,2.0
212546,6.0,12.0
212547,4.0,6.0
212549,2.0,0.0
212550,2.0,0.0
212551,2.0,0.0
212557,2.0,2.0
212559,2.0,0.0
212560,2.0,0.0
212566,2.0,2.0
212567,6.0,12.0
212568,2.0,0.0
212569,2.0,2.0
212570,2.0,2.0
212571,1.0,2.0
212572,4.0,6.0
212573,2.0,0.0
212574,2.0,0.0
212580,2.0,0.0
212581,2.0,0.0
212582,2.0,0.0
212583,2.0,0.0
212589,2.0,0.0
212590,2.0,0.0
212591,2.0,0.0
212592,2.0,0.0
212598,2.0,0.0
212599,4.0,6.0
212600,1.0,1.0
212601,4.0,6.0
212602,4.0,4.0
212603,1.0,1.0
212604,2.0,0.0
212605,2.0,0.0
212612,2.0,0.0
212613,2.0,0.0
212614,2.0,2.0
212620,2.0,0.0
212621,2.0,0.0
212622,2.0,0.0
212628,1.0,2.0
212629,1.0,1.0
212630,4.0,6.0
212634,2.0,0.0
212635,2.0,0.0
212641,2.0,0.0
212643,2.0,1.0
212644,4.0,4.0
212645,2.0,2.0
212646,8.0,14.0
212647,2.0,1.0
212648,8.0,12.0
212654,2.0,2.0
212657,2.0,0.0
212658,2.0,0.0
212663,4.0,8.0
212664,2.0,2.0
212665,4.0,6.0
212666,2.0,0.0
212670,2.0,2.0
212671,4.0,6.0
212672,1.0,1.0
212673,2.0,0.0
212679,2.0,0.0
212680,2.0,0.0
212681,2.0,0.0
212682,2.0,0.0
212684,4.0,8.0
212692,2.0,0.0
212693,2.0,0.0
212699,2.0,3.0
212700,1.0,1.0
212701,4.0,4.0
212702,2.0,0.0
212703,2.0,0.0
212704,2.0,0.0
212710,4.0,8.0
212711,12.0,99.5
212712,2.0,0.0
212713,2.0,2.0
212714,4.0,12.0
212721,2.0,4.0
212724,2.0,0.0
212725,2.0,0.0
212726,2.0,0.0
212727,2.0,0.0
212733,2.0,6.0
212734,1.0,1.0
212735,2.0,6.0
212736,2.0,0.0
212737,2.0,0.0
212738,2.0,0.0
212739,4.0,6.0
212745,2.0,0.0
212746,2.0,2.0
212747,4.0,10.0
212748,2.0,0.0
212749,2.0,0.0
212755,2.0,0.0
212757,2.0,0.0
212758,2.0,0.0
212759,2.0,1.0
212760,2.0,2.0
212761,4.0,7.5
212762,2.0,0.0
212763,2.0,2.0
212767,4.0,6.0
212768,2.0,2.0
212769,2.0,2.0
212770,4.0,6.0
212771,1.0,1.0
212773,2.0,0.0
212774,2.0,0.0
212780,2.0,0.0
212781,2.0,0.0
212782,2.0,0.0
212783,2.0,0.0
212789,4.0,4.0
212790,2.0,0.0
212791,2.0,0.0
212792,2.0,0.0
212793,6.0,6.0
212794,2.0,0.0
212795,2.0,0.0
212796,2.0,4.0
212802,2.0,0.0
212803,2.0,0.0
212804,2.0,0.0
212810,2.0,0.0
212811,2.0,0.0
212812,2.0,0.0
212818,2.0,2.0
212819,2.0,4.0
212820,2.0,0.0
212821,2.0,1.0
212822,2.0,1.0
212828,2.0,2.0
212829,6.0,8.0
212830,2.0,0.0
213352,64.0,96.0
213353,48.0,82.0
213354,39.0,80.0
213355,19.0,47.0
213356,33.0,90.0
213357,43.0,67.0
213358,78.0,103.0
213359,50.0,92.0
213360,37.0,65.0
213361,30.0,63.0
213362,28.0,84.25
213363,58.0,83.0
213364,58.0,87.0
213365,50.0,89.0
213366,46.0,98.0
213772,27.0,47.0
213773,48.0,76.0
213774,38.0,77.0
213775,46.0,112.0
213776,44.0,83.0
213777,32.0,78.0
213778,36.5,68.0
213779,44.0,98.0
213780,58.0,104.75
213781,38.0,53.0
213782,36.0,57.0
213783,110.0,112.25
213784,43.0,77.0
213785,49.0,103.5
213786,41.0,83.0
213787,75.0,145.0
213788,32.0,66.0
213789,72.0,167.5
213790,2.0,4.0
213791,31.0,102.0
213792,76.0,160.25
213793,28.0,89.0
213794,46.0,108.0
213795,42.0,83.0
213796,2.0,52.5
213797,21.0,51.0
213798,29.0,64.0
213799,92.0,164.25
213800,2.0,0.0
213801,2.0,1.0
213802,2.0,2.0
213803,48.0,75.0
213804,2.0,0.0
213805,19.5,43.0
213806,31.0,75.0
213807,41.0,72.5
213808,74.0,124.0
213809,2.0,32.0
213810,6.0,27.0
213811,4.0,40.0
213812,18.5,48.75
213813,23.0,77.0
213814,58.0,91.0
213815,34.0,79.0
213816,137.0,60.0
213817,69.0,101.0
213818,170.0,153.0
214118,2.0,2.0
214119,2.0,2.0
214120,2.0,2.0
214121,2.0,2.0
214122,2.0,2.0
214123,2.0,2.0
214195,2.0,1.75
214196,2.0,2.0
214197,2.0,1.0
214198,2.0,2.0
214208,2.0,2.0
214903,24.0,30.0
215727,2.0,2.0
215728,2.0,2.0
216262,4.0,2.0
216263,4.0,9.5
216265,2.0,0.0
217384,6.0,14.0
217386,2.0,2.0
221464,4.0,6.5
221466,4.0,6.0
221468,4.0,4.0
222040,2.0,0.0
223567,2.0,2.0
224391,4.0,6.0
224475,2.0,2.0
225832,2.0,2.0
226809,2.0,2.0
226811,2.0,4.0
226813,2.0,4.0
226815,2.0,4.0
227245,2.0,2.0
227246,2.0,2.0
227250,2.0,0.0
227253,2.0,2.0
227256,2.0,2.0
227282,6.0,11.75
227284,2.0,2.0
227289,2.0,4.0
228178,8.0,12.0
228180,6.0,12.0
228182,6.0,16.0
228191,2.0,2.0
228192,6.0,16.0
228193,2.0,2.0
228199,1.0,1.0
228200,4.0,8.0
228201,2.0,0.0
228202,2.0,2.0
228203,4.0,10.0
228209,12.0,33.0
228215,2.0,2.0
228216,2.0,2.0
228221,2.0,2.0
228223,4.0,6.0
228224,4.0,8.0
228225,1.0,1.0
228230,2.0,2.0
228231,2.0,2.0
228232,4.0,4.0
228233,1.0,1.0
228239,1.0,1.0
228241,2.0,2.0
228242,6.0,12.0
228247,2.0,1.0
228248,2.0,2.0
228249,2.0,2.0
228250,4.0,4.0
228251,4.0,5.5
228257,1.0,1.0
228258,2.0,2.0
228259,5.5,10.0
228266,6.0,12.0
228267,4.0,5.0
228268,2.0,2.0
228269,1.0,1.0
228270,5.0,10.0
228275,1.0,1.0
228276,4.0,8.0
228277,2.0,2.0
228283,1.0,1.0
228284,2.0,2.0
228285,2.0,2.0
228286,4.0,6.0
228287,3.0,6.0
228293,1.0,1.0
228294,2.0,2.0
228295,4.0,8.0
228301,1.0,1.0
228302,4.0,13.0
228303,4.0,8.0
228304,2.0,2.0
228305,2.0,2.0
228311,1.0,1.0
228312,2.0,2.0
228313,4.0,8.0
228319,1.0,1.0
228320,2.0,2.0
228321,2.0,2.0
228322,4.0,8.0
228323,6.0,10.0
228329,1.0,1.0
228330,2.0,1.0
228331,6.0,10.0
228337,6.0,11.0
228338,2.0,4.0
228339,2.0,2.0
228340,3.0,4.0
228342,1.0,1.0
228347,2.0,1.0
228353,1.0,1.0
228354,2.0,2.0
228355,6.0,9.0
228361,1.0,1.0
228362,2.0,2.0
228363,6.0,6.0
228364,4.0,8.0
228371,2.0,2.0
228372,2.0,2.0
228373,12.0,25.75
228374,2.0,2.0
228380,1.0,1.0
228381,2.0,2.0
228382,4.0,6.0
228388,1.0,1.0
228389,2.0,2.0
228390,2.0,2.0
228391,4.0,6.0
228392,4.0,5.0
228399,2.0,2.0
228400,6.0,15.0
228401,1.0,1.0
228406,1.0,1.0
228407,2.0,2.0
228408,2.0,2.0
228409,4.0,6.0
228410,4.0,6.0
228417,2.0,2.0
228418,8.0,18.0
228419,1.0,1.0
228424,1.0,1.0
228425,2.0,2.0
228426,2.0,2.0
228427,4.0,6.0
228428,5.5,10.0
228434,1.0,2.0
228441,2.0,2.0
228442,6.0,21.5
228443,1.0,1.0
228448,2.0,2.0
228449,2.0,2.0
228450,2.0,2.0
228451,4.0,6.0
228452,6.0,16.0
228459,2.0,1.0
228460,6.0,8.0
228461,1.0,1.0
228467,2.0,1.0
228468,6.0,20.0
228469,2.0,1.0
228474,1.0,1.0
228475,2.0,2.0
228476,2.0,2.0
228477,8.0,14.0
228484,6.0,8.0
228485,2.0,2.0
228486,18.0,42.0
228487,1.0,1.0
228492,2.0,3.0
228493,2.0,2.0
228494,6.0,12.0
228495,2.0,1.0
228502,6.0,8.0
228503,2.0,3.0
228504,6.0,24.0
228505,1.0,1.0
228510,2.0,1.0
228511,2.0,0.25
228512,6.0,10.0
228513,1.0,1.0
228515,2.0,2.0
228520,2.0,0.0
228522,2.0,2.0
228523,2.0,0.0
228524,8.0,16.0
228530,4.0,6.0
228531,2.0,0.0
228532,6.0,12.0
228533,1.0,1.0
228539,2.0,1.0
228540,2.0,2.0
228541,3.0,11.5
228542,2.0,2.0
228549,4.0,6.0
228550,2.0,1.0
228551,8.0,20.0
228552,1.0,1.0
228557,2.0,2.0
228558,2.0,0.0
228559,4.0,6.0
228560,1.0,1.0
228567,4.0,4.0
228568,2.0,1.0
228569,2.0,0.0
228570,4.0,10.25
228571,1.0,1.0
228577,2.0,0.5
228578,2.0,1.0
228579,4.0,8.0
228580,2.0,2.0
228587,4.0,4.0
228588,2.0,2.0
228589,8.0,22.0
228590,1.0,1.0
228595,2.0,2.0
228596,2.0,1.0
228597,2.0,4.0
228598,2.0,2.0
228605,2.0,2.0
228606,6.0,14.0
228607,1.0,1.0
228612,2.0,2.0
228613,2.0,2.0
228614,2.0,2.0
228615,2.0,2.0
228616,2.0,2.0
228617,2.0,2.0
228618,2.0,2.0
228619,2.0,2.0
228620,2.0,2.0
228621,2.0,2.0
228622,2.0,2.0
228623,2.0,2.0
228624,2.0,2.0
228625,2.0,2.0
228626,2.0,2.0
228627,2.0,2.0
228628,2.0,2.0
228629,2.0,2.0
228630,2.0,2.0
228631,2.0,2.0
228632,2.0,2.0
228633,2.0,2.0
228634,2.0,2.0
228635,2.0,2.0
228636,2.0,2.0
228637,2.0,2.0
228638,2.0,2.0
228639,2.0,2.0
228640,2.0,2.0
228641,2.0,2.0
228642,2.0,2.0
228643,2.0,2.0
228644,2.0,2.0
228645,2.0,2.0
228646,2.0,2.0
228647,2.0,2.0
228648,2.0,2.0
228649,2.0,2.0
228650,2.0,2.0
228651,2.0,2.0
228652,2.0,2.0
228653,2.0,2.0
228654,2.0,2.0
228655,2.0,2.0
228656,2.0,2.0
228657,2.0,2.0
228658,2.0,2.0
228659,2.0,2.0
228660,2.0,2.0
228661,2.0,2.0
228662,2.0,2.0
228663,2.0,2.0
228664,2.0,2.0
228665,2.0,2.0
228666,2.0,2.0
228667,2.0,2.0
228668,2.0,2.0
228669,2.0,2.0
228670,2.0,2.0
228671,2.0,2.0
228672,2.0,2.0
228673,2.0,2.0
228674,2.0,2.0
228675,2.0,2.0
228676,2.0,2.0
228677,2.0,2.0
228678,2.0,2.0
228679,2.0,2.0
228680,2.0,2.0
228681,2.0,2.0
228682,2.0,2.0
228683,2.0,2.0
228684,2.0,2.0
228685,2.0,2.0
228686,2.0,2.0
228687,2.0,2.0
228688,2.0,2.0
228689,2.0,2.0
228690,2.0,2.0
228691,2.0,2.0
228692,2.0,2.0
228693,2.0,2.0
228694,2.0,2.0
228695,2.0,2.0
228696,2.0,2.0
228697,2.0,2.0
228698,2.0,2.0
228699,2.0,2.0
228700,2.0,2.0
228701,2.0,2.0
228702,2.0,2.0
228703,2.0,2.0
228704,2.0,2.0
228705,2.0,2.0
228706,2.0,2.0
228707,2.0,2.0
228708,2.0,2.0
228709,2.0,2.0
228710,2.0,2.0
228713,2.0,1.0
228714,2.0,1.5
228715,2.0,1.0
228716,2.0,1.0
228717,2.0,1.0
228718,2.0,1.0
228719,2.0,1.0
228720,2.0,1.0
228721,2.0,1.0
228722,2.0,2.0
228723,2.0,1.0
228724,2.0,1.0
228725,2.0,2.0
228726,2.0,1.75
228727,2.0,1.0
228728,2.0,1.0
228729,2.0,1.0
228730,2.0,1.0
228731,2.0,1.25
228732,2.0,1.0
228733,2.0,1.0
228734,2.0,1.0
228735,2.0,1.0
228736,2.0,1.0
228737,2.0,1.0
228738,2.0,1.0
228739,2.0,1.0
228740,2.0,1.0
228741,2.0,1.0
228742,2.0,1.0
228743,2.0,1.0
228744,2.0,1.0
228745,2.0,1.0
228746,2.0,1.0
228747,2.0,1.0
228748,2.0,1.0
228749,2.0,1.0
228750,2.0,1.0
228751,2.0,1.0
228752,2.0,1.0
228753,2.0,1.0
228754,2.0,1.0
228755,2.0,1.0
228756,2.0,1.0
228757,2.0,2.0
228758,2.0,1.25
228759,2.0,1.0
228760,2.0,1.0
228761,2.0,1.75
228762,2.0,2.0
228763,2.0,1.0
228764,2.0,1.0
228765,2.0,1.5
228766,2.0,1.0
228767,2.0,1.75
228768,2.0,1.5
228769,2.0,1.0
228770,2.0,1.0
228771,2.0,0.0
228772,2.0,1.25
228773,2.0,2.0
228774,2.0,1.0
228775,2.0,1.75
228776,2.0,2.0
228777,2.0,2.0
228778,2.0,2.0
228779,2.0,2.0
228780,2.0,1.5
228781,2.0,1.0
228782,2.0,1.75
228783,2.0,2.0
228784,2.0,1.0
228785,2.0,2.0
228786,2.0,1.0
228787,2.0,1.5
228788,2.0,1.5
228789,2.0,1.0
228790,2.0,2.0
228791,2.0,2.0
228792,2.0,1.0
228793,2.0,1.0
228794,2.0,2.0
228795,2.0,1.0
228796,2.0,1.75
228797,2.0,2.0
228798,2.0,1.5
228799,2.0,2.0
228800,2.0,2.0
228801,2.0,1.0
228802,2.0,1.0
228803,2.0,2.0
228804,2.0,1.25
228805,2.0,1.0
228806,2.0,1.0
228807,2.0,1.0
228808,2.0,1.75
228809,2.0,1.0
228812,2.0,2.0
228813,2.0,2.0
228814,2.0,2.0
228815,2.0,2.0
228816,2.0,2.0
228817,2.0,2.0
228818,2.0,2.0
228819,2.0,2.0
228820,2.0,2.0
228821,2.0,2.0
228822,2.0,2.0
228823,2.0,2.0
228824,2.0,2.0
228825,2.0,2.0
228826,2.0,2.0
228827,2.0,2.0
228828,2.0,2.0
228829,2.0,2.0
228830,2.0,2.0
228831,2.0,2.0
228832,2.0,2.0
228833,2.0,2.0
228834,2.0,2.0
228835,2.0,2.0
228836,2.0,2.0
228837,2.0,2.0
228838,2.0,2.0
228839,2.0,2.0
228840,2.0,2.0
228841,2.0,2.0
228842,2.0,2.0
228843,2.0,2.0
228844,2.0,2.0
228845,2.0,2.0
228846,2.0,2.0
228847,2.0,2.0
228848,2.0,2.0
228849,2.0,2.0
228850,2.0,2.0
228851,2.0,2.0
228852,2.0,2.0
228853,2.0,2.0
228854,2.0,2.0
228855,2.0,2.0
228856,2.0,2.0
228857,2.0,2.0
228858,2.0,2.0
228859,2.0,2.0
228860,2.0,2.0
228861,2.0,2.0
228862,2.0,2.0
228863,2.0,2.0
228864,2.0,2.0
228865,2.0,2.0
228866,2.0,2.0
228867,2.0,2.0
228868,2.0,2.0
228869,2.0,2.0
228870,2.0,2.0
228871,2.0,2.0
228872,2.0,2.0
228873,2.0,2.0
228874,2.0,2.0
228875,2.0,2.0
228876,2.0,2.0
228877,2.0,2.0
228878,2.0,2.0
228879,2.0,2.0
228880,2.0,2.0
228881,2.0,2.0
228882,2.0,2.0
228883,2.0,2.0
228884,2.0,2.0
228885,2.0,2.0
228886,2.0,2.0
228887,2.0,2.0
228888,2.0,2.0
228889,2.0,2.0
228890,2.0,2.0
228891,2.0,2.0
228892,2.0,2.0
228893,2.0,2.0
228894,2.0,2.0
228895,2.0,2.0
228896,2.0,2.0
228897,2.0,2.0
228898,2.0,2.0
228899,2.0,2.0
228900,2.0,2.0
228901,2.0,2.0
228902,2.0,2.0
228903,2.0,2.0
228904,2.0,2.0
228905,2.0,2.0
228906,2.0,2.0
228909,2.0,2.0
228910,2.0,2.0
228911,2.0,2.0
228912,2.0,2.0
228913,2.0,2.0
228914,2.0,2.0
228915,2.0,2.0
228916,2.0,2.0
228917,2.0,2.0
228918,2.0,2.0
228919,2.0,2.0
228920,2.0,2.0
228921,2.0,2.0
228922,2.0,2.0
228923,2.0,2.0
228924,2.0,2.0
228925,2.0,2.0
228926,2.0,2.0
228927,2.0,2.0
228928,2.0,2.0
228929,2.0,2.0
228930,2.0,2.0
228931,2.0,2.0
228932,2.0,2.0
228933,2.0,2.0
228934,2.0,2.0
228935,2.0,2.0
228936,2.0,2.0
228937,2.0,2.0
228938,2.0,2.0
228939,2.0,2.0
228940,2.0,2.0
228941,2.0,2.0
228942,2.0,2.0
228943,2.0,2.0
228944,2.0,2.0
228945,2.0,2.0
228946,2.0,2.0
228947,2.0,2.0
228948,2.0,2.0
228949,2.0,2.0
228950,2.0,2.0
228951,2.0,2.0
228952,2.0,2.0
228953,2.0,2.0
228954,2.0,2.0
228955,2.0,2.0
228956,2.0,2.0
228957,2.0,2.0
228958,2.0,2.0
228959,2.0,2.0
228960,2.0,2.0
228961,2.0,2.0
228962,2.0,2.0
228963,2.0,2.0
228964,2.0,2.0
228965,2.0,2.0
228966,2.0,2.0
228967,2.0,2.0
228968,2.0,2.0
228969,2.0,2.0
228970,2.0,2.0
228971,2.0,2.0
228972,2.0,2.0
228973,2.0,2.0
228974,2.0,2.0
228975,2.0,2.0
228976,2.0,2.0
228977,2.0,2.0
228978,2.0,2.0
228979,2.0,2.0
228980,2.0,2.0
228981,2.0,2.0
228982,2.0,2.0
228983,2.0,2.0
228984,2.0,2.0
228985,2.0,2.0
228986,2.0,2.0
228987,2.0,2.0
228988,2.0,2.0
228989,2.0,2.0
228990,2.0,2.0
228991,2.0,2.0
228992,2.0,2.0
228993,2.0,2.0
228994,2.0,2.0
228995,2.0,2.0
228996,2.0,2.0
228997,2.0,2.0
228998,2.0,2.0
229008,2.0,2.0
229009,2.0,1.75
229010,2.0,2.0
229011,2.0,2.0
229012,2.0,2.0
229013,2.0,2.0
229014,2.0,2.0
229015,2.0,2.0
229016,2.0,2.0
229017,2.0,2.0
229018,2.0,2.0
229019,2.0,2.0
229020,2.0,2.0
229021,2.0,2.0
229022,2.0,2.0
229023,2.0,2.0
229024,2.0,2.0
229025,2.0,2.0
229026,2.0,2.0
229027,2.0,2.0
229028,2.0,2.0
229029,2.0,2.0
229030,2.0,2.0
229031,2.0,2.0
229032,2.0,2.0
229033,2.0,2.0
229034,2.0,2.0
229035,2.0,2.0
229036,2.0,2.0
229037,2.0,2.0
229038,2.0,2.0
229039,2.0,2.0
229040,2.0,2.0
229041,2.0,2.0
229042,2.0,2.0
229043,2.0,2.0
229044,2.0,2.0
229045,2.0,2.0
229046,2.0,2.0
229047,2.0,2.0
229048,2.0,2.0
229049,2.0,2.0
229050,2.0,2.0
229051,2.0,2.0
229052,2.0,2.0
229053,2.0,2.0
229054,2.0,2.0
229055,2.0,2.0
229056,2.0,2.0
229057,2.0,2.0
229058,2.0,2.0
229059,2.0,2.0
229060,2.0,2.0
229061,2.0,2.0
229062,2.0,2.0
229063,2.0,2.0
229064,2.0,2.0
229065,2.0,2.0
229066,2.0,2.0
229067,2.0,2.0
229068,2.0,2.0
229069,2.0,2.0
229070,2.0,2.0
229071,2.0,2.0
229072,2.0,2.0
229073,2.0,2.0
229074,2.0,2.0
229075,2.0,2.0
229076,2.0,2.0
229077,2.0,2.0
229078,2.0,2.0
229079,2.0,2.0
229080,2.0,2.0
229081,2.0,2.0
229082,2.0,2.0
229083,2.0,2.0
229084,2.0,2.0
229085,2.0,2.0
229086,2.0,2.0
229087,2.0,2.0
229088,2.0,2.0
229089,2.0,2.0
229090,2.0,2.0
229091,2.0,2.0
229092,2.0,2.0
229093,2.0,2.0
229094,2.0,2.0
229095,2.0,2.0
229096,2.0,2.0
229097,2.0,2.0
229098,2.0,2.0
229099,2.0,2.0
229100,2.0,2.0
229101,2.0,2.0
229102,2.0,2.0
229103,2.0,2.0
229104,2.0,2.0
229105,2.0,2.0
229106,2.0,2.0
229116,2.0,2.0
229117,2.0,2.0
229118,2.0,2.0
229119,2.0,2.0
229120,2.0,2.0
229121,2.0,2.0
229122,2.0,2.0
229123,2.0,2.0
229124,2.0,2.0
229125,2.0,2.0
229126,2.0,2.0
229127,2.0,2.0
229128,2.0,2.0
229129,2.0,2.0
229130,2.0,2.0
229131,2.0,2.0
229132,2.0,2.0
229133,2.0,2.0
229134,2.0,2.0
229135,2.0,2.0
229136,2.0,2.0
229137,2.0,2.0
229138,2.0,2.0
229139,2.0,2.0
229140,2.0,2.0
229141,2.0,2.0
229142,2.0,2.0
229143,2.0,2.0
229144,2.0,2.0
229145,2.0,2.0
229146,2.0,2.0
229147,2.0,2.0
229148,2.0,2.0
229149,2.0,2.0
229150,2.0,2.0
229151,2.0,2.0
229152,2.0,2.0
229153,2.0,2.0
229154,2.0,2.0
229155,2.0,2.0
229156,2.0,2.0
229157,2.0,2.0
229158,2.0,2.0
229159,2.0,2.0
229160,2.0,2.0
229161,2.0,2.0
229162,2.0,2.0
229163,2.0,2.0
229164,2.0,2.0
229165,2.0,2.0
229166,2.0,2.0
229167,2.0,2.0
229168,2.0,2.0
229169,2.0,2.0
229170,2.0,2.0
229171,2.0,2.0
229172,2.0,2.0
229173,2.0,2.0
229174,2.0,2.0
229175,2.0,2.0
229176,2.0,2.0
229177,2.0,2.0
229178,2.0,2.0
229179,2.0,1.75
229180,2.0,2.0
229181,2.0,2.0
229182,2.0,2.0
229183,2.0,2.0
229184,2.0,2.0
229185,2.0,2.0
229186,2.0,2.0
229187,2.0,2.0
229188,2.0,2.0
229189,2.0,2.0
229190,2.0,2.0
229191,2.0,2.0
229192,2.0,2.0
229193,2.0,2.0
229194,2.0,1.25
229195,2.0,1.75
229196,2.0,2.0
229197,2.0,1.75
229198,2.0,2.0
229199,2.0,1.0
229200,2.0,1.5
229201,2.0,1.0
229202,2.0,1.0
229203,2.0,1.0
229204,2.0,1.0
229205,2.0,1.0
229206,2.0,1.0
229207,2.0,1.0
229216,2.0,2.0
229217,2.0,2.0
229218,2.0,2.0
229219,2.0,2.0
229220,2.0,1.25
229221,2.0,1.25
229222,2.0,2.0
229223,2.0,2.0
229224,2.0,2.0
229225,2.0,2.0
229226,2.0,2.0
229227,2.0,2.0
229228,2.0,2.0
229229,2.0,2.0
229230,2.0,1.25
229231,2.0,2.0
229232,2.0,2.0
229233,2.0,2.0
229234,2.0,2.0
229235,2.0,2.0
229236,2.0,2.0
229237,2.0,2.0
229238,2.0,2.0
229239,2.0,2.0
229240,2.0,1.75
229241,2.0,2.0
229242,2.0,2.0
229243,2.0,2.0
229244,2.0,2.0
229245,2.0,2.0
229246,2.0,2.0
229247,2.0,2.0
229248,2.0,2.0
229249,2.0,2.0
229250,2.0,2.0
229251,2.0,2.0
229252,2.0,2.0
229253,2.0,1.75
229254,2.0,2.0
229255,2.0,2.0
229256,2.0,2.0
229257,2.0,2.0
229258,2.0,2.0
229259,2.0,2.0
229260,2.0,2.0
229261,2.0,2.0
229262,2.0,2.0
229263,2.0,2.0
229264,2.0,2.0
229265,2.0,2.0
229266,2.0,2.0
229267,2.0,2.0
229268,2.0,2.0
229269,2.0,2.0
229270,2.0,2.0
229280,2.0,2.0
229281,2.0,1.0
229282,2.0,0.5
229283,2.0,1.0
229284,2.0,1.0
229285,2.0,1.0
229286,2.0,0.0
229287,2.0,1.0
229288,2.0,2.0
229289,2.0,2.0
229290,2.0,2.0
229291,2.0,2.0
229292,2.0,2.0
229293,2.0,2.0
229294,2.0,2.0
229295,2.0,2.0
229296,2.0,1.75
229297,2.0,2.0
229298,2.0,2.0
229299,2.0,2.0
229300,2.0,2.0
229301,2.0,2.0
229302,2.0,2.0
229303,2.0,2.0
229304,2.0,2.0
229305,2.0,2.0
229306,2.0,2.0
229307,2.0,2.0
229308,2.0,2.0
229309,2.0,2.0
229310,2.0,2.0
229311,2.0,2.0
229312,2.0,2.0
229313,2.0,2.0
229314,2.0,2.0
229315,2.0,2.0
229316,2.0,2.0
229318,2.0,1.0
229319,2.0,1.0
229320,2.0,1.0
229321,2.0,0.0
229322,2.0,1.0
229323,2.0,1.0
229324,2.0,1.0
229325,2.0,1.0
229326,2.0,1.0
229327,2.0,1.0
229328,2.0,1.0
229329,2.0,1.0
229330,2.0,1.0
229331,2.0,1.0
229332,2.0,1.0
229333,2.0,1.0
229334,2.0,1.0
229335,2.0,1.0
229336,2.0,1.0
229337,2.0,1.0
229338,2.0,1.0
229339,2.0,1.0
229340,2.0,1.0
229341,2.0,1.0
229342,2.0,1.0
229343,2.0,1.0
229344,2.0,1.0
229345,2.0,0.0
229346,2.0,1.0
229348,2.0,1.0
229349,2.0,1.0
229350,2.0,1.0
229351,2.0,1.0
229352,2.0,1.0
229353,2.0,1.0
229356,2.0,0.0
229357,2.0,0.0
229358,2.0,0.0
229359,2.0,0.0
229360,2.0,0.0
229361,2.0,0.0
229362,2.0,0.0
229363,2.0,0.0
229364,2.0,0.0
229365,2.0,0.0
229366,2.0,0.0
229367,2.0,0.0
229368,2.0,0.0
229369,2.0,0.0
229370,2.0,0.0
229371,2.0,0.0
229372,2.0,0.0
229373,2.0,0.0
229374,2.0,0.0
229375,2.0,0.0
229376,2.0,0.0
229377,2.0,0.0
229378,2.0,0.0
229379,2.0,0.0
229380,2.0,0.0
229381,2.0,0.0
229382,2.0,0.0
229383,2.0,0.0
229384,2.0,0.0
229385,2.0,0.0
229386,2.0,0.0
229387,2.0,0.0
229388,2.0,0.0
229389,2.0,0.0
229390,2.0,0.0
229391,2.0,0.0
229392,2.0,0.0
229393,2.0,0.0
229394,2.0,0.0
229395,2.0,0.0
229396,2.0,0.0
229397,2.0,0.0
229398,2.0,0.0
229399,2.0,0.0
229400,2.0,0.0
229401,2.0,0.0
229402,2.0,0.0
229403,2.0,0.0
229404,2.0,0.0
229405,2.0,0.0
229406,2.0,0.0
229407,2.0,0.0
229408,2.0,0.0
229409,2.0,0.0
229410,2.0,0.0
229411,2.0,0.0
229412,2.0,0.0
229413,2.0,0.0
229414,2.0,0.0
229415,2.0,0.0
229416,2.0,0.0
229417,2.0,0.0
229418,2.0,0.0
229419,2.0,0.0
229420,2.0,0.0
229421,2.0,0.0
229422,2.0,0.0
229423,2.0,0.0
229424,2.0,0.0
229425,2.0,0.0
229426,2.0,0.0
229427,2.0,0.0
229428,2.0,0.0
229429,2.0,0.0
229430,2.0,0.0
229431,2.0,0.0
229432,2.0,0.0
229433,2.0,0.0
229434,2.0,0.0
229437,2.0,0.0
229438,2.0,0.0
229439,2.0,0.0
229440,2.0,0.0
229441,2.0,0.0
229442,2.0,0.0
229443,2.0,0.0
229444,2.0,0.0
229445,2.0,0.0
229446,2.0,0.0
229447,2.0,0.0
229448,2.0,0.0
229449,2.0,0.0
229450,2.0,0.0
229451,2.0,0.0
229452,2.0,0.0
229453,2.0,0.0
229454,2.0,0.0
229455,2.0,0.0
229456,2.0,0.0
229457,2.0,0.0
229458,2.0,0.0
229459,2.0,0.0
229460,2.0,0.0
229461,2.0,0.0
229462,2.0,0.0
229463,2.0,0.0
229464,2.0,0.0
229465,2.0,0.0
229466,2.0,0.0
229467,2.0,0.0
229468,2.0,0.0
229469,2.0,0.0
229470,2.0,0.0
229471,2.0,0.0
229472,2.0,0.0
229473,2.0,0.0
229474,2.0,0.0
229475,2.0,0.0
229476,2.0,0.0
229477,2.0,0.0
229478,2.0,0.0
229479,2.0,0.0
229480,2.0,0.0
229481,2.0,0.0
229482,2.0,0.0
229483,2.0,0.0
229484,2.0,0.0
229485,2.0,0.0
229486,2.0,0.0
229487,2.0,0.0
229488,2.0,0.0
229489,2.0,0.0
229490,2.0,0.0
229491,2.0,0.0
229492,2.0,0.0
229493,2.0,0.0
229494,2.0,0.0
229495,2.0,0.0
229496,2.0,0.0
229497,2.0,0.0
229498,2.0,0.0
229499,2.0,0.0
229500,2.0,0.0
229501,2.0,0.0
229502,2.0,0.0
229503,2.0,0.0
229504,2.0,0.0
229505,2.0,0.0
229506,2.0,0.0
229507,2.0,0.0
229508,2.0,0.0
229509,2.0,0.0
229510,2.0,0.0
229513,2.0,0.0
229514,2.0,0.0
229515,2.0,0.0
229516,2.0,0.0
229517,2.0,0.0
229518,2.0,0.0
229519,2.0,0.0
229520,2.0,0.0
229521,2.0,0.0
229522,2.0,0.0
229523,2.0,0.0
229524,2.0,0.0
229525,2.0,0.0
229526,2.0,0.0
229527,2.0,0.0
229529,2.0,0.0
229530,2.0,0.0
229531,2.0,0.0
229532,2.0,0.0
229533,2.0,0.0
229534,2.0,0.0
229535,2.0,0.0
229536,2.0,0.0
229537,2.0,0.0
229538,2.0,0.0
229539,2.0,0.0
229540,2.0,0.0
229541,2.0,0.0
229542,2.0,0.0
229543,2.0,0.0
229544,2.0,0.0
229545,2.0,0.0
229546,2.0,0.0
229547,2.0,0.0
229548,2.0,0.0
229549,2.0,0.0
229550,2.0,0.0
229551,2.0,0.0
229552,2.0,0.0
229553,2.0,0.0
229554,2.0,0.0
229555,2.0,0.0
229556,2.0,0.0
229557,2.0,0.0
229558,2.0,0.0
229559,2.0,0.0
229560,2.0,0.0
229561,2.0,0.0
229562,2.0,0.0
229563,2.0,0.0
229564,2.0,0.0
229565,2.0,0.0
229566,2.0,0.0
229567,2.0,0.0
229568,2.0,0.0
229569,2.0,0.0
229570,2.0,0.0
229571,2.0,0.0
229572,2.0,0.0
229573,2.0,0.0
229574,2.0,0.0
229575,2.0,0.0
229576,2.0,0.0
229577,2.0,0.0
229578,2.0,0.0
229579,2.0,0.0
229580,2.0,0.0
229581,2.0,0.0
230378,2.0,2.0
230383,8.0,12.0
230388,4.0,108.0
230393,2.0,2.0
230398,2.0,3.0
230403,3.0,6.5
230408,6.0,72.0
230413,8.0,130.0
230418,6.0,58.0
230423,4.0,36.5
230428,3.0,4.0
230433,20.0,114.0
230438,4.0,10.0
230443,2.0,4.0
230448,2.0,3.75
230453,2.0,3.0
230458,2.0,4.0
230463,2.0,3.0
230468,4.0,9.0
230473,6.0,12.0
230478,16.0,81.5
230483,4.0,4.0
230488,2.0,6.0
230493,2.0,6.0
230498,2.0,6.0
230503,2.0,4.0
230508,2.0,5.75
230513,2.0,5.25
230518,2.0,5.5
230523,12.0,105.0
230528,2.0,6.0
230533,2.0,5.0
230538,2.0,5.25
230543,2.0,26.75
230548,2.0,5.75
230553,2.0,5.5
230558,2.0,1.0
230563,2.0,2.5
230568,4.0,78.0
230573,2.0,1.0
230578,2.0,2.0
230583,2.0,2.0
230588,2.0,4.5
230593,2.0,2.0
230598,2.0,3.25
230603,2.0,1.75
230608,2.0,2.25
230613,2.0,1.0
230618,2.0,2.0
230623,2.0,1.0
230628,2.0,1.0
230633,2.0,1.0
230647,2.0,2.0
230649,2.0,2.0
230651,2.0,3.75
230693,2.0,2.0
230694,2.0,1.0
230695,2.0,1.0
230696,2.0,1.0
230697,2.0,1.0
230698,2.0,2.0
230699,2.0,1.0
230700,2.0,1.25
230704,2.0,2.0
230705,4.0,8.0
230706,1.0,1.0
230707,6.0,12.0
230708,18.0,34.0
230709,46.0,102.0
230711,24.0,69.0
230713,2.0,1.0
230758,4.0,6.0
230759,2.0,0.0
230760,2.0,0.0
230761,2.0,2.0
230762,10.0,24.0
230763,5.5,8.5
230764,2.0,0.0
230765,2.0,2.0
230766,2.0,2.0
230767,6.0,10.0
230768,6.0,10.0
230769,18.0,30.0
230770,4.0,5.0
230771,2.0,0.0
230772,2.5,4.0
230773,6.0,10.0
230774,2.0,2.0
230775,3.0,2.0
230776,2.0,1.25
230777,2.0,2.0
230778,10.0,23.75
230779,5.0,9.0
230780,2.0,2.0
230781,2.0,2.0
230782,2.0,1.0
230783,10.0,16.0
230784,6.0,9.5
230785,2.0,4.0
230786,8.0,14.5
230787,2.0,2.0
230788,2.0,2.0
230789,4.5,10.25
230790,8.0,10.0
230791,11.0,20.0
230792,2.0,0.0
230793,2.0,2.0
230794,6.0,8.0
230795,2.0,2.0
230796,2.0,2.0
230797,2.0,2.0
230798,8.0,8.5
230799,4.0,8.0
230800,2.0,2.0
230801,2.0,2.0
230802,2.0,0.0
230803,4.0,4.0
230804,4.0,6.0
230805,5.0,6.0
230806,2.0,2.0
230807,2.0,0.0
230808,2.0,2.0
230809,4.0,6.0
230810,2.0,1.0
230811,2.0,0.0
230812,8.0,6.5
230813,8.0,12.0
230814,2.0,2.0
230815,2.0,2.0
230816,4.0,6.0
230817,4.0,4.0
230818,2.0,3.0
230819,4.0,10.0
230820,8.0,17.0
230821,2.0,7.0
230822,2.0,2.0
230823,2.0,0.0
230824,4.0,6.0
230825,6.0,8.0
230826,16.0,40.0
230827,2.0,1.0
230828,4.0,2.0
230829,4.0,4.0
230830,2.0,2.0
230831,2.0,2.0
230832,2.0,0.0
230833,6.0,12.5
230834,6.0,13.0
230835,2.0,2.0
230836,2.0,0.0
230837,2.0,2.0
230838,2.0,0.0
230839,6.0,6.0
230840,4.0,4.5
230841,6.0,8.0
230842,4.0,8.0
230843,2.0,0.0
230844,2.0,0.0
230845,3.0,2.0
230846,2.0,2.0
230847,2.0,0.0
230848,4.0,4.0
230849,2.0,2.0
230850,2.0,4.0
230851,4.0,6.0
230852,2.0,2.0
230853,2.0,2.0
230854,2.0,0.0
230855,8.0,16.0
230856,5.0,12.0
230857,2.0,0.0
230858,2.0,2.0
230859,8.0,10.0
230860,4.0,4.0
230861,2.0,0.0
230862,2.0,1.25
230863,2.0,0.25
230864,2.0,2.0
230865,7.0,16.0
230866,4.0,10.0
230867,2.0,0.0
230868,2.0,0.0
230869,2.0,1.25
230870,4.0,6.0
230871,6.0,10.0
230872,6.0,12.0
230873,2.0,0.0
230874,2.0,2.0
230875,4.0,8.0
230876,2.0,4.0
230877,4.0,7.0
230878,2.0,0.0
230879,4.0,10.0
230890,4.0,6.0
230891,6.0,8.0
230892,5.0,5.0
230893,6.0,10.0
230894,6.0,10.5
231113,6.0,9.75
231305,2.0,2.0
231306,2.0,0.75
231308,16.0,52.0
231318,54.0,74.0
231324,1.0,1.0
231325,2.0,3.0
231326,54.0,64.0
231327,2.0,2.0
231328,6.0,12.0
231329,4.0,6.0
231330,38.0,84.0
231331,12.0,20.0
231332,16.0,24.0
231684,2.0,2.0
231689,3.0,4.0
231690,2.0,0.5
231691,2.0,1.0
231697,2.0,1.0
231698,2.0,1.0
231699,6.0,10.0
231700,6.0,12.0
231705,3.0,6.0
231706,18.0,44.0
231707,2.0,4.0
231708,2.0,1.0
231710,2.0,1.0
231716,2.0,1.0
231717,2.0,1.0
231723,2.0,1.0
231728,3.0,4.0
231729,8.0,14.0
231731,2.0,1.0
231736,3.0,4.0
231737,2.0,2.0
231738,16.0,83.5
231739,2.0,1.0
231740,2.0,1.0
231747,2.0,1.0
231748,2.0,1.0
231754,2.0,1.0
231755,2.0,1.0
231760,5.0,8.0
231761,12.0,20.0
231763,2.0,1.0
231768,2.0,3.0
231769,16.0,62.0
231771,1.0,1.0
231777,1.0,1.0
231782,2.0,1.0
231785,2.0,3.0
231786,6.0,10.0
231788,2.0,3.0
231789,2.0,1.0
231795,2.0,1.0
231796,2.0,1.0
231802,2.0,1.0
231803,2.0,1.5
231808,2.0,4.0
231809,2.0,2.0
231810,6.0,12.0
231812,2.0,1.0
231813,2.0,2.0
231818,2.0,2.0
231819,30.0,146.5
231820,2.0,2.0
231821,2.0,2.0
231826,2.0,1.5
231832,2.0,1.0
231833,2.0,1.0
231839,2.0,1.0
231845,2.0,1.0
231846,2.0,1.0
231847,2.0,1.0
231853,2.0,2.75
231854,2.0,1.0
231859,2.0,2.0
231860,2.0,2.0
231861,4.0,6.0
231862,3.0,4.0
231863,18.0,64.0
231864,1.0,1.0
231865,4.0,8.0
231869,3.0,3.0
231870,2.0,2.0
231871,2.0,2.0
231872,2.0,1.5
231879,2.0,0.75
231880,2.0,0.0
231886,2.0,0.0
231891,7.0,18.0
231892,8.0,16.0
231894,2.0,0.0
231899,2.0,2.0
231900,12.0,26.0
231902,2.0,1.0
231908,2.0,1.0
231909,2.0,1.0
231914,2.0,2.0
231915,5.0,8.0
231916,2.0,3.0
231917,28.0,60.0
231918,2.0,1.0
231925,9.0,25.0
231926,2.0,0.0
231927,2.0,4.0
231929,2.0,1.0
231930,32.0,128.5
231931,1.0,1.0
231938,2.0,0.25
231939,2.0,0.0
231940,2.0,1.0
231941,2.0,2.0
231947,2.0,0.0
231948,2.0,0.0
231954,2.0,1.0
231960,2.0,0.0
231961,2.0,0.0
231967,2.0,1.0
231968,2.0,1.0
231973,2.0,2.0
231974,7.0,15.0
231975,2.0,0.5
231976,2.0,2.0
231977,14.0,38.0
231978,12.0,36.0
231979,2.0,0.0
231983,2.0,0.0
231984,2.0,0.25
231991,2.0,0.0
231992,2.0,0.0
231998,2.0,0.0
231999,2.0,0.0
232004,2.0,2.0
232005,2.0,0.0
232006,14.0,32.0
232013,2.0,0.0
232014,2.0,1.0
232197,2.0,2.0
232198,2.0,3.0
232199,2.0,2.0
232200,2.0,2.0
232204,2.5,2.0
232205,4.0,4.0
232206,2.0,2.0
232207,2.0,1.0
232208,2.0,1.0
232209,2.0,2.0
232210,2.0,3.0
232211,3.0,2.0
232212,4.0,6.0
232214,2.0,2.0
232218,2.0,0.0
232219,2.0,0.0
232220,2.0,0.0
232226,9.0,26.0
232227,2.0,2.0
232279,4.0,4.0
236719,2.0,2.0
236727,2.0,2.0
236731,2.0,0.0
245479,2.0,0.0
245480,2.0,0.0
245482,2.0,0.0
245483,1.0,1.0
245484,10.0,25.0
245485,2.0,2.0
250735,2.0,4.0
251516,2.0,2.0
255329,2.0,0.0
255332,2.0,2.0
255333,2.0,1.0
255334,2.0,2.0
255335,4.0,6.0
256085,2.0,0.5
256086,2.0,0.5
256087,2.0,0.5
256104,2.0,0.5
256105,2.0,0.5
256106,2.0,0.5
256108,2.0,1.0
256109,2.0,1.0
256119,2.0,1.0
256120,2.0,1.0
256121,2.0,0.5
256122,2.0,0.5
256139,2.0,2.75
256168,2.0,2.0
258302,6.0,8.0
261872,2.0,2.0
261882,2.0,0.0
261883,2.0,0.0
261884,2.0,0.0
261885,2.0,0.0
261886,2.0,0.0
261887,2.0,0.0
261888,2.0,0.0
261889,2.0,0.0
261890,2.0,0.0
261891,2.0,0.0
261892,2.0,0.0
261893,2.0,0.0
261894,2.0,0.0
261895,2.0,0.0
261896,2.0,0.0
261897,2.0,0.0
261898,2.0,0.0
261899,2.0,0.0
261900,2.0,0.0
261901,2.0,0.0
261902,2.0,0.0
261903,2.0,0.0
261904,2.0,0.0
261905,2.0,0.0
261906,2.0,0.0
261907,2.0,0.0
261908,2.0,0.0
261909,2.0,0.0
261910,2.0,0.0
261911,2.0,0.0
261912,2.0,0.0
261913,2.0,0.0
261914,2.0,0.0
261915,2.0,0.0
261916,2.0,0.0
261917,2.0,0.0
261918,2.0,0.0
261919,2.0,0.0
261920,2.0,0.0
261921,2.0,0.0
261922,2.0,0.0
261923,2.0,0.0
261924,2.0,0.0
261925,2.0,0.0
261926,2.0,0.0
261927,2.0,0.0
261928,2.0,0.0
261929,2.0,0.0
261930,2.0,0.0
261931,2.0,0.0
261932,2.0,0.0
261933,2.0,0.0
261934,2.0,0.0
261935,2.0,0.0
261936,2.0,0.0
261937,2.0,0.0
261938,2.0,0.0
261939,2.0,0.0
261940,2.0,0.0
261941,2.0,0.0
261942,2.0,0.0
261943,2.0,0.0
261944,2.0,0.0
261945,2.0,0.0
261946,2.0,0.0
261947,2.0,0.0
261948,2.0,0.0
261949,2.0,0.0
261950,2.0,0.0
261951,2.0,0.0
261952,2.0,0.0
261953,2.0,0.0
261954,2.0,0.0
261955,2.0,0.0
261956,2.0,0.0
261957,2.0,0.0
261958,2.0,0.0
261959,2.0,0.0
261960,2.0,0.0
261961,2.0,0.0
261966,2.0,0.0
261967,2.0,0.0
261968,2.0,0.0
261969,2.0,0.0
261970,2.0,0.0
261971,2.0,0.0
261972,2.0,0.0
261973,2.0,0.0
261974,2.0,0.0
261975,2.0,0.0
261976,2.0,0.0
261977,2.0,0.0
261978,2.0,0.0
261979,2.0,0.0
261980,2.0,0.0
261981,2.0,0.0
261982,2.0,0.0
261983,2.0,0.0
261984,2.0,0.0
261985,2.0,0.0
261986,2.0,0.0
261987,2.0,0.0
261988,2.0,0.0
261989,2.0,0.0
261990,2.0,0.0
261991,2.0,0.0
261992,2.0,0.0
261993,2.0,0.0
261994,2.0,0.0
261995,2.0,0.0
261996,2.0,0.0
261997,2.0,0.0
261998,2.0,0.0
261999,2.0,0.0
262000,2.0,0.0
262001,2.0,0.0
262002,2.0,0.0
262003,2.0,0.0
262004,2.0,0.0
262005,2.0,0.0
262006,2.0,0.0
262007,2.0,0.0
262008,2.0,0.0
262009,2.0,0.0
262010,2.0,0.0
262011,2.0,0.0
262012,2.0,0.0
262013,2.0,0.0
262014,2.0,0.0
262015,2.0,0.0
262016,2.0,0.0
262017,2.0,0.0
262018,2.0,0.0
262019,2.0,0.0
262020,2.0,0.0
262021,2.0,0.0
262022,2.0,0.0
262023,2.0,0.0
262024,2.0,0.0
262025,2.0,0.0
262026,2.0,0.0
262027,2.0,0.0
262028,2.0,0.0
262029,2.0,0.0
262030,2.0,0.0
262031,2.0,0.0
262032,2.0,0.0
262033,2.0,0.0
262034,2.0,0.0
262035,2.0,0.0
262036,2.0,0.0
262037,2.0,0.0
262038,2.0,0.0
262039,2.0,0.0
262040,2.0,0.0
262041,2.0,0.0
262046,2.0,1.0
262047,2.0,2.0
262048,2.0,0.0
262049,2.0,1.0
262050,2.0,0.0
262051,2.0,1.0
262052,2.0,0.0
262053,2.0,0.0
262054,2.0,0.0
262055,2.0,0.0
262056,2.0,0.0
262057,2.0,0.0
262058,2.0,0.0
262059,2.0,0.0
262060,2.0,0.0
262061,2.0,0.0
262062,2.0,0.0
262063,2.0,0.0
262064,2.0,0.0
262065,2.0,0.0
262066,2.0,0.0
262067,2.0,0.0
262068,2.0,0.25
262069,2.0,0.0
262070,2.0,0.0
262071,2.0,0.0
262072,2.0,0.0
262073,2.0,0.0
262074,2.0,0.0
262075,2.0,0.0
262076,2.0,0.0
262077,2.0,0.0
262078,2.0,0.0
262079,2.0,0.0
262080,2.0,0.0
262081,2.0,0.0
262082,2.0,0.0
262083,2.0,0.0
262084,2.0,0.0
262085,2.0,0.0
262086,2.0,0.0
262087,2.0,0.0
262088,2.0,0.0
262089,2.0,0.0
262090,2.0,0.0
262091,2.0,0.0
262092,2.0,0.0
262093,2.0,0.0
262094,2.0,0.0
262095,2.0,0.0
262096,2.0,0.0
262097,2.0,0.0
262098,2.0,0.0
262099,2.0,0.0
262100,2.0,0.0
262101,2.0,0.0
262102,2.0,0.0
262103,2.0,0.0
262104,2.0,0.0
262105,2.0,0.0
262106,2.0,0.0
262107,2.0,0.0
262108,2.0,0.0
262109,2.0,0.0
262110,2.0,0.0
262111,2.0,0.0
262112,2.0,0.0
262113,2.0,0.0
262114,2.0,0.0
262115,2.0,0.0
262116,2.0,0.0
262117,2.0,0.0
262118,2.0,0.0
262119,2.0,0.0
262120,2.0,0.0
262121,2.0,0.0
262122,2.0,0.0
262123,2.0,0.0
262124,2.0,0.0
262125,2.0,0.0
262126,2.0,0.0
262127,2.0,0.0
262132,2.0,2.0
262142,2.0,0.0
262143,2.0,0.5
262144,2.0,0.0
262145,2.0,0.5
262146,2.0,0.0
262147,2.0,0.0
262148,2.0,0.0
262149,2.0,0.0
262150,2.0,0.0
262151,2.0,0.0
262152,2.0,1.0
262153,2.0,0.0
262154,2.0,0.0
262155,2.0,0.25
262156,2.0,1.0
262157,2.0,0.0
262158,2.0,0.0
262159,2.0,0.0
262160,2.0,0.0
262161,2.0,0.0
262162,2.0,0.0
262163,2.0,0.0
262164,2.0,0.0
262165,2.0,0.0
262166,2.0,0.5
262167,2.0,0.0
262168,2.0,0.0
262169,2.0,0.0
262170,2.0,0.0
262312,2.0,2.0
262509,2.0,0.5
262510,2.0,1.0
262511,2.0,0.0
262512,2.0,1.25
262513,2.0,0.0
262514,2.0,0.75
262515,2.0,0.0
262516,2.0,0.0
262517,2.0,1.0
262518,2.0,0.0
262519,2.0,2.0
262520,2.0,1.5
262521,2.0,1.25
262522,2.0,0.25
262523,2.0,1.25
262524,2.0,1.25
262525,2.0,0.25
262526,2.0,0.25
262527,2.0,0.0
262528,2.0,0.25
262529,2.0,0.25
262530,2.0,0.25
262531,2.0,0.25
262532,2.0,0.25
262533,2.0,0.25
262534,2.0,0.25
262535,2.0,0.0
262536,2.0,0.25
262537,2.0,0.25
262538,2.0,0.25
262539,2.0,1.0
262540,2.0,1.0
262541,2.0,1.0
262542,2.0,1.5
262543,2.0,1.75
262544,2.0,0.0
262545,2.0,0.25
262546,2.0,0.75
262547,2.0,0.0
262548,2.0,0.25
262549,2.0,0.0
262550,2.0,0.0
262551,2.0,0.0
262552,2.0,0.25
262553,2.0,0.0
262554,2.0,0.0
262555,2.0,0.0
262556,2.0,0.0
262557,2.0,0.0
262558,2.0,0.0
262559,2.0,0.0
262560,2.0,0.5
262561,2.0,0.5
262562,2.0,0.0
262563,2.0,0.0
262564,2.0,0.5
262565,2.0,0.5
262566,2.0,0.0
262567,2.0,0.0
262568,2.0,0.0
262569,2.0,0.0
262570,2.0,0.0
262571,2.0,0.0
262572,2.0,1.75
262573,2.0,0.0
262574,2.0,0.75
262579,2.0,0.75
262580,2.0,0.5
262581,2.0,1.25
262582,2.0,2.0
262583,2.0,1.0
262584,2.0,0.5
262585,2.0,1.5
262586,2.0,1.25
262587,2.0,1.0
262588,2.0,1.0
262589,2.0,0.75
262590,2.0,1.75
262591,2.0,1.0
262592,2.0,2.0
262593,2.0,2.0
262594,2.0,2.0
262595,2.0,2.0
262596,2.0,1.0
262597,2.0,2.0
262598,2.0,2.0
262599,2.0,1.25
262600,2.0,1.0
262601,2.0,1.25
262602,2.0,1.5
262603,2.0,1.75
262604,2.0,2.0
262605,2.0,2.0
262606,2.0,2.0
262607,2.0,1.0
262608,2.0,1.5
262609,2.0,2.0
262610,2.0,2.0
262611,2.0,1.75
262612,2.0,2.0
262613,2.0,1.75
262614,2.0,1.5
262615,2.0,2.0
262616,2.0,2.0
262617,2.0,1.5
262618,2.0,1.0
262619,2.0,0.5
262620,2.0,2.0
262621,2.0,1.0
262622,2.0,1.0
262623,2.0,1.0
262624,2.0,2.0
262625,2.0,1.0
262626,2.0,2.0
262627,2.0,0.0
262628,2.0,1.0
262629,2.0,0.0
262630,2.0,1.0
262631,2.0,0.75
262632,2.0,1.75
262633,2.0,2.0
262634,2.0,2.0
262635,2.0,1.0
262636,2.0,0.25
262637,2.0,1.5
262638,2.0,1.75
262639,2.0,0.0
262640,2.0,0.0
262641,2.0,1.0
262642,2.0,0.5
262643,2.0,0.25
262644,2.0,1.0
262645,2.0,0.0
262646,2.0,0.5
262647,2.0,0.0
262648,2.0,1.0
262649,2.0,1.0
262650,2.0,0.25
262651,2.0,0.0
262652,2.0,0.0
262653,2.0,2.0
262654,2.0,1.0
262659,2.0,0.0
262660,2.0,1.0
262661,2.0,0.0
262662,2.0,0.0
262663,2.0,0.0
262664,2.0,0.0
262665,2.0,0.0
262666,2.0,0.5
262667,2.0,0.0
262668,2.0,1.0
262669,2.0,1.0
262670,2.0,0.5
262671,2.0,0.0
262672,2.0,0.5
262673,2.0,0.0
262674,2.0,0.75
262675,2.0,0.75
262676,2.0,0.0
262677,2.0,0.0
262678,2.0,1.0
262679,2.0,0.0
262680,2.0,1.0
262681,2.0,0.0
262682,2.0,0.0
262683,2.0,0.0
262684,2.0,0.0
262685,2.0,0.0
262686,2.0,0.25
262687,2.0,0.0
262688,2.0,0.0
262689,2.0,0.0
262690,2.0,0.0
262691,2.0,0.0
262692,2.0,0.0
262693,2.0,0.0
262694,2.0,0.0
262695,2.0,0.0
262696,2.0,0.0
262697,2.0,0.0
262698,2.0,0.0
262699,2.0,0.0
262700,2.0,0.0
262701,2.0,0.0
262702,2.0,0.0
262703,2.0,0.0
262704,2.0,0.0
262705,2.0,0.0
262706,2.0,0.0
262707,2.0,0.0
262708,2.0,1.0
262813,4.0,4.0
262825,2.0,0.0
263346,6.0,10.0
263347,9.5,9.0
263348,50.0,136.0
263349,10.0,22.0
263350,4.0,4.0
263352,1.0,1.0
263353,2.0,2.0
263354,8.0,10.25
263355,8.0,7.75
263356,72.0,92.0
263357,6.0,9.0
263358,160.0,122.0
263359,6.0,6.0
263361,45.0,37.0
263362,7.0,8.0
263363,6.0,7.0
263364,330.0,839.0
263365,5.0,7.5
263367,11.5,10.0
263368,10.0,8.0
263369,12.0,22.5
263370,12.0,12.0
263371,10.0,8.0
263372,36.0,90.0
263373,10.0,12.0
263404,10.0,14.0
263405,3.0,6.0
263406,6.0,7.0
263407,224.0,404.0
263408,12.0,8.0
266604,2.0,2.0
266605,8.0,14.0
266606,1.0,1.0
266607,2.0,2.0
266608,2.0,0.0
266609,2.0,2.0
266610,2.0,2.0
266611,2.0,4.0
266620,6.0,10.0
266621,1.0,1.0
266622,2.0,3.0
266623,10.0,44.5
266624,1.0,1.0
266625,2.0,3.75
266626,2.0,4.0
266635,2.0,4.0
266636,10.0,18.5
266637,1.0,1.0
266638,8.0,10.0
266639,2.0,4.0
266648,4.0,4.0
266649,1.0,2.0
266650,2.0,4.0
266659,2.0,2.0
266660,3.0,4.0
266661,1.0,2.0
266662,2.0,4.0
266663,4.0,4.0
266664,2.0,3.0
266665,2.0,3.0
266674,2.0,2.0
266675,16.0,34.5
266676,1.0,1.0
266677,2.0,2.0
266678,10.0,26.0
266679,1.0,2.0
266680,2.0,2.0
266681,4.0,6.0
266690,2.0,2.0
266699,2.0,2.0
266701,2.0,2.0
266702,14.0,29.0
266703,1.0,0.0
266704,1.0,0.0
266705,2.0,2.0
266707,2.0,2.0
266716,2.0,2.0
266717,18.0,32.0
266718,1.0,1.0
266719,4.0,6.0
266720,4.0,6.0
266721,2.0,2.0
266730,4.0,4.0
266731,16.0,32.0
266732,1.0,2.0
266733,4.0,4.0
266742,2.0,4.0
266743,1.0,0.0
266752,4.0,6.0
266753,8.0,14.0
266763,4.0,5.5
266764,1.0,0.0
266774,12.0,32.5
266775,2.0,2.0
266785,2.0,1.5
266787,2.0,0.0
266788,28.0,40.0
266789,2.0,2.0
266790,2.0,1.0
266791,8.0,28.0
266792,2.0,3.0
266793,2.0,2.0
266802,4.0,2.0
266804,2.0,2.0
266805,2.0,4.0
266806,4.0,4.0
266807,1.0,1.0
266808,6.0,8.5
266809,4.0,6.0
266810,4.0,4.0
266821,4.0,2.0
266834,2.0,2.0
266835,4.0,12.0
266836,1.0,1.0
266837,4.0,4.0
266838,2.0,2.0
266839,2.0,1.75
266849,2.0,0.5
266860,2.0,1.5
266861,2.0,2.0
266862,2.0,4.0
266863,4.0,8.0
266864,2.0,4.0
266865,2.0,2.0
266866,2.0,0.0
266867,6.0,9.0
266878,2.0,0.0
266887,2.0,2.0
266888,10.0,22.0
266906,2.0,2.0
266907,4.0,6.0
266908,1.0,1.0
266909,2.0,2.0
266918,16.0,42.0
266919,1.0,1.0
266920,2.0,2.0
266921,2.0,2.0
266922,4.0,10.0
266923,2.0,8.0
266924,2.0,2.0
266925,2.0,4.0
266934,2.0,2.0
266946,4.0,4.0
266947,1.0,2.0
266948,4.0,4.0
267328,24.0,63.0
267333,6.0,16.0
267338,4.0,4.0
267343,10.0,79.0
267348,4.0,8.0
267353,24.0,26.0
267358,8.0,10.0
267363,41.0,61.0
267368,36.0,142.75
267373,12.0,18.0
267378,12.0,20.0
267383,20.0,24.0
267388,19.0,28.0
267393,12.0,22.0
267398,8.0,9.0
267403,10.0,24.0
267408,6.0,10.25
267413,13.0,87.5
267418,8.0,12.0
267423,4.0,10.0
267428,8.0,8.0
267433,4.0,4.0
267492,2.0,1.0
267493,2.0,0.0
267494,2.0,0.0
267495,2.0,0.0
267496,2.0,0.0
267497,2.0,0.0
267498,2.0,0.0
267499,2.0,0.0
267500,2.0,0.0
267501,2.0,0.0
267502,2.0,0.0
267503,2.0,0.0
267504,2.0,0.0
267505,2.0,0.0
267506,2.0,0.0
267507,2.0,0.0
267508,2.0,0.0
267509,2.0,0.0
267510,2.0,0.0
267511,2.0,0.0
267512,2.0,0.0
267513,2.0,0.0
267514,2.0,0.0
267515,2.0,0.0
267516,2.0,0.0
267517,2.0,0.0
267518,2.0,0.0
267519,2.0,0.0
267520,2.0,1.5
267521,2.0,0.0
267522,2.0,0.0
267523,2.0,0.0
267524,2.0,0.0
267525,2.0,0.0
267526,2.0,0.0
267527,2.0,0.0
267528,2.0,0.0
267529,2.0,0.0
267530,2.0,0.0
267531,2.0,0.0
267532,2.0,0.0
267533,2.0,0.0
267534,2.0,0.0
267535,2.0,0.0
267536,2.0,0.0
267537,2.0,0.0
267538,2.0,0.0
267539,2.0,0.0
267540,2.0,0.0
267541,2.0,0.0
267542,2.0,0.0
267543,2.0,0.0
267544,2.0,0.0
267545,2.0,0.0
267546,2.0,0.0
267547,2.0,0.0
267548,2.0,0.0
267549,2.0,0.0
267550,2.0,0.0
267551,2.0,0.0
267552,2.0,0.0
267557,2.0,2.0
267558,2.0,2.0
267559,2.0,2.0
267560,2.0,2.0
267561,2.0,2.0
267562,2.0,2.0
267563,2.0,2.0
267564,2.0,2.0
267565,2.0,0.5
267566,2.0,1.0
267567,2.0,1.0
267568,2.0,1.0
267569,2.0,0.5
267570,2.0,2.0
267571,2.0,2.0
267572,2.0,0.5
267573,2.0,1.0
267574,2.0,2.0
267575,2.0,2.0
267576,2.0,2.0
267577,2.0,2.0
267578,2.0,2.0
267579,2.0,2.0
267580,2.0,2.0
267581,2.0,2.0
267582,2.0,1.5
267583,2.0,1.25
267584,2.0,1.0
267585,2.0,2.0
267586,2.0,1.0
267587,2.0,1.75
267588,2.0,1.0
267589,2.0,2.0
267590,2.0,2.0
267591,2.0,0.75
267592,2.0,1.5
267593,2.0,1.0
267594,2.0,1.0
267595,2.0,0.5
267596,2.0,1.0
267597,2.0,1.0
267598,2.0,1.0
267599,2.0,2.0
267600,2.0,2.0
267601,2.0,1.0
267602,2.0,1.0
267603,2.0,1.0
267604,2.0,0.25
267605,2.0,0.25
267606,2.0,2.0
267607,2.0,0.5
267608,2.0,0.75
267609,2.0,1.0
267610,2.0,0.0
267611,2.0,1.0
267612,2.0,0.25
267613,2.0,2.5
267614,2.0,0.25
267615,2.0,1.25
267616,2.0,1.25
267617,2.0,2.0
267618,2.0,0.75
267619,2.0,1.75
267620,2.0,2.0
267621,2.0,0.5
267622,2.0,2.0
267623,2.0,0.5
267624,2.0,1.75
267625,2.0,1.75
267626,2.0,2.0
267627,2.0,2.0
267628,2.0,1.25
267629,2.0,1.75
267630,2.0,0.5
267631,2.0,2.0
267632,2.0,2.0
267633,2.0,1.25
267634,2.0,2.0
267635,2.0,2.0
267636,2.0,1.0
267637,2.0,0.75
267638,2.0,0.0
267639,2.0,2.0
267640,2.0,1.5
267641,2.0,0.0
267642,2.0,0.25
267643,2.0,1.0
267644,2.0,0.0
267645,2.0,0.0
267646,2.0,0.0
267647,2.0,0.0
267648,2.0,0.0
267649,2.0,0.0
267650,2.0,0.0
267651,2.0,1.5
267652,2.0,0.0
267653,2.0,0.0
267654,2.0,2.0
267660,2.0,0.0
267661,2.0,0.0
267662,2.0,0.0
267663,2.0,0.0
267664,2.0,0.0
267665,2.0,0.0
267666,2.0,0.0
267667,2.0,0.0
267668,2.0,0.0
267669,2.0,0.0
267670,2.0,0.0
267671,2.0,0.0
267672,2.0,0.0
267673,2.0,0.0
267674,2.0,0.0
267675,2.0,0.0
267676,2.0,0.0
267677,2.0,0.0
267678,2.0,0.0
267679,2.0,1.5
267680,2.0,0.25
267681,2.0,0.0
267682,2.0,1.0
267683,2.0,0.0
267684,2.0,0.0
267685,2.0,0.0
267686,2.0,0.0
267687,2.0,0.0
267688,2.0,0.0
267689,2.0,0.0
267690,2.0,0.0
267691,2.0,0.0
267692,2.0,0.0
267693,2.0,0.0
267694,2.0,0.0
267695,2.0,0.0
267696,2.0,0.0
267697,2.0,0.0
267698,2.0,0.0
267699,2.0,0.0
267700,2.0,0.0
267701,2.0,0.0
267702,2.0,0.0
267703,2.0,0.0
267704,2.0,0.0
267705,2.0,0.0
267706,2.0,0.0
267707,2.0,0.0
267708,2.0,0.0
267709,2.0,0.0
267710,2.0,0.0
267711,2.0,0.0
267712,2.0,0.0
267713,2.0,0.0
267714,2.0,0.0
267715,2.0,0.0
267716,2.0,0.0
267717,2.0,0.0
267718,2.0,0.0
267719,2.0,0.0
267720,2.0,0.0
267721,2.0,0.0
267722,2.0,0.0
267723,2.0,0.0
267724,2.0,0.0
267725,2.0,0.0
267726,2.0,0.0
267727,2.0,0.0
267728,2.0,0.0
267729,2.0,0.0
267733,2.0,0.0
267734,2.0,0.0
267735,2.0,0.0
267736,2.0,0.0
267737,2.0,0.0
267738,2.0,0.0
267739,2.0,0.0
267740,2.0,0.0
267741,2.0,0.0
267742,2.0,0.0
267743,2.0,0.0
267744,2.0,0.0
267745,2.0,0.0
267746,2.0,0.5
267747,2.0,0.0
267748,2.0,2.0
267749,2.0,0.0
267750,2.0,0.0
267751,2.0,0.0
267752,2.0,0.0
267753,2.0,0.0
267754,2.0,0.0
267755,2.0,0.0
267756,2.0,0.0
267757,2.0,0.0
267758,2.0,0.0
267759,2.0,0.0
267760,2.0,0.0
267761,2.0,0.0
267762,2.0,0.0
267763,2.0,0.0
267764,2.0,0.0
267765,2.0,0.0
267766,2.0,0.0
267767,2.0,0.0
267768,2.0,0.0
267769,2.0,0.0
267770,2.0,0.0
267771,2.0,0.0
267772,2.0,0.0
267773,2.0,0.0
267774,2.0,0.0
267775,2.0,0.0
267776,2.0,0.0
267777,2.0,0.0
267778,2.0,0.0
267779,2.0,0.0
267780,2.0,0.0
267781,2.0,0.0
267782,2.0,0.0
267783,2.0,0.0
267784,2.0,0.0
267785,2.0,0.0
267786,2.0,0.0
267787,2.0,0.0
267788,2.0,0.0
267789,2.0,0.0
267790,2.0,0.0
267791,2.0,0.0
267792,2.0,0.0
267793,2.0,0.0
267794,2.0,0.0
267795,2.0,0.0
267796,2.0,0.0
267797,2.0,0.0
267798,2.0,0.0
267799,2.0,0.0
267800,2.0,0.0
267801,2.0,0.0
267802,2.0,0.0
267803,2.0,0.0
267804,2.0,0.0
267808,2.0,0.0
267809,2.0,0.0
267810,2.0,0.0
267811,2.0,0.0
267812,2.0,0.0
267813,2.0,0.0
267814,2.0,0.0
267815,2.0,0.0
267816,2.0,0.0
267817,2.0,0.0
267818,2.0,0.0
267819,2.0,0.0
267820,2.0,0.0
267821,2.0,0.0
267822,2.0,0.0
267823,2.0,0.0
267824,2.0,0.0
267825,2.0,0.0
267826,2.0,0.0
267827,2.0,0.0
267828,2.0,0.0
267829,2.0,0.0
267830,2.0,0.0
267831,2.0,0.0
267832,2.0,0.0
267833,2.0,0.0
267834,2.0,0.0
267835,2.0,0.0
267836,2.0,0.0
267837,2.0,0.0
267838,2.0,0.0
267839,2.0,0.0
267840,2.0,0.0
267841,2.0,1.0
267842,2.0,0.0
267843,2.0,0.0
267844,2.0,0.0
267845,2.0,0.0
267846,2.0,0.0
267847,2.0,0.0
267848,2.0,0.0
267849,2.0,0.0
267850,2.0,0.0
267851,2.0,0.0
267852,2.0,0.0
267853,2.0,0.0
267854,2.0,0.0
267855,2.0,0.0
267856,2.0,0.0
267857,2.0,0.0
267864,2.0,2.0
268113,24.0,48.0
268118,4.0,8.0
268123,8.0,96.0
268128,4.0,4.0
268133,12.0,26.0
268138,7.0,12.0
268143,6.0,14.0
268148,10.0,16.0
268153,4.0,4.0
268158,8.0,11.0
268163,6.0,8.0
268168,8.0,10.0
268173,10.0,14.0
268178,4.0,4.0
268183,23.0,37.0
268188,12.0,20.0
268193,10.0,24.0
268198,4.0,10.0
268203,6.0,12.0
268208,12.0,42.0
268213,27.0,33.0
268218,10.0,12.0
268223,12.0,74.0
268228,24.0,48.0
268233,7.0,20.0
268238,6.0,6.0
268243,10.0,46.0
268248,6.0,11.0
268253,10.0,108.0
268258,4.0,6.0
268263,22.0,40.0
268268,4.0,4.0
268273,4.0,8.0
268278,10.0,15.0
268283,14.0,18.0
268288,10.0,305.25
268293,4.0,38.25
268298,8.0,10.0
268798,8.0,15.0
268803,2.0,2.0
268810,2.0,2.0
268811,2.0,2.0
268812,6.0,16.0
268813,1.0,1.0
268814,2.0,2.0
268815,4.0,3.0
268825,2.0,2.25
268834,2.0,2.0
268835,4.0,4.0
268836,2.0,2.0
268857,2.0,1.0
268858,2.0,2.0
268859,2.0,0.0
268860,2.0,0.0
268861,2.0,0.5
268862,2.0,0.0
268863,2.0,2.0
268864,2.0,0.0
268865,2.0,2.0
268866,2.0,1.0
268867,2.0,0.0
268868,2.0,0.0
268869,2.0,0.0
268870,2.0,0.0
268871,2.0,0.0
268872,2.0,0.0
268873,2.0,0.0
268889,2.0,0.0
268891,2.0,2.0
268901,10.0,19.0
268902,1.0,0.0
268903,12.0,16.0
268904,2.0,2.0
268905,4.0,5.0
268906,24.0,40.0
268907,2.0,2.0
268908,1.0,0.0
268917,2.0,2.0
268918,2.0,2.0
268927,2.0,2.0
268928,12.0,95.0
268929,2.0,2.0
268930,94.0,160.0
268931,1.0,0.0
268932,4.0,6.0
268933,1.0,2.0
268942,4.0,8.0
268951,1.0,0.0
268952,2.0,0.0
268953,1.0,1.0
268954,4.0,10.0
268955,2.0,2.0
268956,2.0,2.0
268957,4.0,4.75
268958,2.0,2.0
268967,4.0,10.0
268968,2.0,3.0
268969,2.0,0.0
268979,1.0,0.0
268980,14.0,26.0
268981,2.0,6.0
268983,2.0,2.0
268994,2.0,0.75
268995,2.0,0.0
268996,2.0,0.0
268997,2.0,4.0
269006,1.0,0.0
269007,2.0,2.0
269008,6.0,7.5
269009,2.0,2.0
269010,2.0,2.0
269019,2.0,0.5
269020,4.0,8.0
269021,19.0,146.5
269022,2.0,0.0
269031,2.0,3.0
269032,12.0,35.5
269033,6.0,10.0
269034,6.0,10.0
269043,4.0,7.0
269044,1.0,2.0
269045,2.0,2.0
269046,12.0,20.0
269047,14.0,32.0
269048,2.0,2.0
269049,2.0,2.0
269050,1.0,2.0
269059,2.0,2.0
269068,4.0,4.0
269069,2.0,2.0
269070,8.0,22.0
269071,3.0,6.0
269072,3.0,4.0
269073,1.0,1.0
269082,1.0,1.0
269083,2.0,1.0
269084,4.0,4.0
269085,16.0,38.0
269086,2.0,1.0
269087,10.0,30.0
269088,1.0,2.0
269089,3.0,5.0
269098,4.0,4.0
269107,6.0,5.25
269108,6.0,10.0
269109,1.0,0.0
269110,4.0,6.0
269111,1.0,0.0
269120,2.0,2.0
269121,30.0,60.0
269122,1.0,1.0
269123,4.0,3.0
269124,4.0,10.0
269125,2.0,0.0
269126,2.0,1.0
269137,2.0,0.0
269138,2.0,0.0
269139,2.0,3.0
269410,2.0,0.0
269411,2.0,0.0
269412,2.0,1.0
269413,2.0,0.0
269414,2.0,0.0
269415,2.0,0.0
269416,2.0,0.0
269417,2.0,0.0
269418,2.0,0.0
269419,2.0,0.0
269420,2.0,0.0
269421,2.0,0.0
269422,2.0,0.0
269423,2.0,0.0
269424,2.0,0.0
269425,2.0,0.0
269426,2.0,0.0
269427,2.0,0.0
269428,2.0,0.0
269429,2.0,0.0
269430,2.0,0.0
269431,2.0,0.0
269432,2.0,0.0
269433,2.0,0.0
269434,2.0,0.0
269435,2.0,0.0
269436,2.0,0.0
269437,2.0,0.0
269438,2.0,0.0
269439,2.0,0.0
269440,2.0,0.0
269441,2.0,0.0
269442,2.0,0.0
269443,2.0,0.0
269444,2.0,0.0
269445,2.0,0.0
269446,2.0,0.0
269447,2.0,0.0
269448,2.0,0.0
269449,2.0,0.0
269450,2.0,0.0
269451,2.0,0.0
269452,2.0,0.0
269453,2.0,0.0
269454,2.0,0.0
269455,2.0,0.0
269456,2.0,0.0
269457,2.0,0.0
269458,2.0,0.0
269459,2.0,0.0
269460,2.0,0.0
269461,2.0,0.0
269462,2.0,0.0
269463,2.0,0.0
269464,2.0,0.0
269465,2.0,0.0
269466,2.0,0.0
269467,2.0,0.0
269468,2.0,0.0
269469,2.0,0.0
269470,2.0,0.0
269471,2.0,0.0
269472,2.0,0.0
269473,2.0,0.0
269474,2.0,0.0
269478,2.0,0.0
269479,2.0,0.0
269480,2.0,0.0
269481,2.0,0.0
269482,2.0,0.0
269483,2.0,0.0
269484,2.0,0.0
269485,2.0,0.0
269486,2.0,0.0
269487,2.0,0.0
269488,2.0,0.0
269489,2.0,0.0
269490,2.0,0.0
269491,2.0,0.0
269492,2.0,0.0
269493,2.0,2.0
269494,2.0,2.0
269495,2.0,0.0
269496,2.0,0.0
269497,2.0,0.0
269498,2.0,0.0
269499,2.0,0.0
269500,2.0,0.0
269501,2.0,0.0
269502,2.0,0.0
269503,2.0,0.0
269504,2.0,0.0
269505,2.0,0.0
269506,2.0,0.0
269507,2.0,0.0
269508,2.0,0.0
269509,2.0,0.0
269510,2.0,0.0
269511,2.0,0.0
269512,2.0,0.0
269513,2.0,0.0
269514,2.0,0.0
269515,2.0,0.0
269516,2.0,0.0
269517,2.0,0.0
269518,2.0,0.0
269519,2.0,0.0
269520,2.0,0.0
269521,2.0,0.0
269522,2.0,0.0
269523,2.0,0.0
269524,2.0,0.0
269525,2.0,0.0
269526,2.0,0.0
269527,2.0,0.0
269528,2.0,0.0
269529,2.0,0.0
269530,2.0,0.0
269531,2.0,0.0
269532,2.0,0.0
269533,2.0,0.0
269534,2.0,0.0
269535,2.0,0.0
269536,2.0,0.0
269537,2.0,0.0
269538,2.0,0.0
269539,2.0,0.0
269540,2.0,0.0
269541,2.0,0.0
269542,2.0,0.0
269543,2.0,0.0
269544,2.0,0.0
269545,2.0,0.0
269546,2.0,0.0
269547,2.0,0.0
269548,2.0,0.0
269549,2.0,0.0
269550,2.0,0.0
269551,2.0,0.0
269552,2.0,0.0
269553,2.0,0.0
269554,2.0,0.0
269555,2.0,0.0
269556,2.0,0.0
269557,2.0,0.0
269558,2.0,0.0
269559,2.0,0.0
269560,2.0,0.0
269561,2.0,0.0
269562,2.0,0.0
269563,2.0,0.0
269564,2.0,0.0
269569,2.0,0.0
269570,2.0,0.0
269571,2.0,0.0
269572,2.0,0.0
269573,2.0,0.0
269574,2.0,0.0
269575,2.0,0.0
269576,2.0,0.0
269577,2.0,0.0
269578,2.0,0.0
269579,2.0,0.0
269580,2.0,0.0
269581,2.0,0.0
269582,2.0,0.0
269583,2.0,0.0
269584,2.0,0.0
269585,2.0,1.0
269586,2.0,0.0
269587,2.0,0.0
269588,2.0,0.0
269589,2.0,0.0
269590,2.0,0.0
269591,2.0,0.0
269592,2.0,0.0
269593,2.0,0.0
269594,2.0,0.0
269595,2.0,0.0
269596,2.0,0.0
269597,2.0,0.0
269598,2.0,0.0
269599,2.0,0.0
269600,2.0,0.0
269601,2.0,0.0
269602,2.0,0.0
269603,2.0,0.5
269604,2.0,0.0
269605,2.0,0.0
269606,2.0,0.0
269607,2.0,0.0
269608,2.0,0.0
269609,2.0,0.0
269610,2.0,0.0
269611,2.0,0.0
269612,2.0,0.0
269613,2.0,0.0
269614,2.0,0.0
269615,2.0,0.0
269616,2.0,0.0
269617,2.0,0.0
269618,2.0,0.0
269619,2.0,0.0
269620,2.0,0.0
269621,2.0,0.0
269622,2.0,0.0
269623,2.0,0.0
269624,2.0,0.0
269625,2.0,0.0
269626,2.0,0.0
269627,2.0,0.0
269628,2.0,0.0
269629,2.0,0.0
269630,2.0,0.0
269631,2.0,0.0
269632,2.0,0.0
269633,2.0,0.0
269634,2.0,0.0
269635,2.0,0.0
269636,2.0,0.0
269637,2.0,0.0
269638,2.0,0.0
269639,2.0,0.0
269640,2.0,0.0
269641,2.0,0.0
269642,2.0,0.0
269643,2.0,0.0
269644,2.0,0.0
269645,2.0,0.0
269646,2.0,0.0
269647,2.0,0.0
269648,2.0,0.0
269649,2.0,0.0
269650,2.0,0.0
269651,2.0,0.0
269652,2.0,0.0
269653,2.0,0.0
269654,2.0,0.0
269655,2.0,0.0
269656,2.0,0.0
269657,2.0,0.0
269661,2.0,0.0
269662,2.0,0.0
269663,2.0,0.0
269664,2.0,0.0
269665,2.0,0.0
269666,2.0,0.0
269667,2.0,0.0
269668,2.0,0.0
269669,2.0,0.0
269670,2.0,0.0
269671,2.0,0.0
269672,2.0,0.0
269673,2.0,0.0
269674,2.0,0.0
269675,2.0,0.0
269676,2.0,0.0
269677,2.0,0.0
269678,2.0,0.0
269679,2.0,0.0
269680,2.0,0.0
269681,2.0,0.0
269682,2.0,0.0
269683,2.0,0.0
269684,2.0,0.0
269685,2.0,0.0
269686,2.0,0.0
269687,2.0,0.0
269688,2.0,0.0
269689,2.0,0.0
269690,2.0,0.0
269691,2.0,0.0
269692,2.0,0.0
269693,2.0,0.0
269694,2.0,0.0
269695,2.0,0.0
269696,2.0,0.0
269697,2.0,0.0
269698,2.0,0.0
269699,2.0,0.0
269700,2.0,0.0
269701,2.0,0.0
269702,2.0,0.0
269703,2.0,0.0
269704,2.0,0.0
269705,2.0,0.0
269706,2.0,0.0
269707,2.0,0.0
269708,2.0,0.0
269709,2.0,0.0
269710,2.0,0.0
269711,2.0,0.0
269712,2.0,0.0
269713,2.0,0.0
269714,2.0,0.0
269715,2.0,0.0
269716,2.0,0.0
269717,2.0,0.0
269718,2.0,0.0
269719,2.0,0.0
269720,2.0,0.0
269721,2.0,0.0
269722,2.0,0.0
272688,2.0,2.0
272690,12.0,30.0
277855,6.0,8.0
277860,1.0,0.0
277861,6.0,8.0
277862,2.0,0.0
277863,2.0,0.0
277864,2.0,0.0
277868,2.0,2.0
277870,2.0,2.0
277874,2.0,3.0
277877,1.0,0.0
277878,1.0,3.0
277879,10.0,12.5
277880,18.0,32.0
277881,24.0,33.0
277882,6.0,12.0
277883,8.0,14.0
277884,6.0,8.0
277886,4.0,6.0
277890,4.0,8.0
277894,2.0,2.0
277896,2.0,0.0
277898,2.0,2.0
277899,2.0,2.0
277902,1.0,1.0
277903,1.0,1.0
277904,4.0,14.0
277908,1.0,0.0
277909,4.0,40.0
277910,2.0,0.5
277911,2.0,2.0
277915,4.0,8.0
277916,2.0,7.0
277917,16.0,32.0
277918,10.0,20.0
277919,4.0,14.75
277921,6.0,8.0
277922,2.0,2.0
277926,1.0,0.0
277927,1.0,0.0
277928,2.0,4.0
277929,4.0,6.5
277930,2.0,0.5
277931,2.0,0.0
277935,1.0,1.0
277936,2.0,6.0
277937,14.0,38.0
277938,6.0,12.0
277939,4.0,6.0
277940,4.0,8.0
277941,2.5,4.0
277942,4.0,4.0
277946,2.0,0.0
277947,2.0,0.0
277948,2.0,0.0
277949,2.0,0.25
277950,2.0,4.0
277953,1.0,1.0
277954,1.0,1.0
277955,2.0,4.0
277956,8.0,13.0
277960,2.0,2.0
277961,2.0,1.0
277962,2.0,1.0
277963,2.0,0.75
277964,4.0,4.0
277965,2.0,0.0
277966,2.0,0.5
277967,2.0,2.0
277968,2.0,1.0
277971,8.0,12.0
277972,2.0,1.0
277973,2.0,1.0
277977,10.0,22.0
277978,2.0,4.0
277979,2.0,4.0
277983,1.0,0.0
277984,2.0,1.0
277988,2.0,1.0
277989,2.0,1.0
277992,1.0,0.0
277993,8.0,24.0
277994,2.0,0.5
277995,2.0,1.5
278286,8.0,10.0
278291,4.0,6.0
278296,67.0,57.25
278301,6.0,10.0
278306,4.0,6.0
278311,2.0,2.0
278316,2.0,2.0
278321,11.0,33.0
278326,6.0,20.0
278331,10.0,12.0
278336,18.0,27.75
278341,2.0,0.0
278342,2.0,0.0
278343,2.0,0.0
278344,2.0,0.0
278345,2.0,0.0
278346,2.0,0.0
278347,2.0,0.0
278348,2.0,0.25
278349,2.0,0.0
278350,2.0,0.0
278351,2.0,0.0
278352,2.0,2.0
278353,2.0,0.0
278354,2.0,0.0
278355,2.0,0.0
278356,2.0,0.0
278357,2.0,0.0
278358,2.0,0.0
278359,2.0,0.0
278360,2.0,0.0
278361,2.0,0.0
278362,2.0,0.0
278363,2.0,0.0
278364,2.0,0.0
278365,2.0,0.0
278366,2.0,0.0
278367,2.0,0.0
278368,2.0,0.0
278369,2.0,0.0
278370,2.0,0.0
278371,2.0,0.0
278372,2.0,0.0
278373,2.0,0.0
278374,2.0,0.0
278375,2.0,0.0
278376,2.0,0.0
278377,2.0,0.0
278378,2.0,0.0
278379,2.0,0.0
278380,2.0,0.0
278381,2.0,0.0
278382,2.0,0.0
278383,2.0,0.0
278384,2.0,0.0
278385,2.0,0.0
278386,2.0,0.0
278387,2.0,0.0
278388,2.0,0.0
278389,2.0,0.0
278390,2.0,0.0
278391,2.0,0.0
278392,2.0,0.0
278393,2.0,0.0
278394,2.0,0.0
278395,2.0,0.0
278396,2.0,0.0
278397,2.0,0.0
278398,2.0,0.0
278399,2.0,0.0
278400,2.0,0.0
278401,2.0,0.0
278402,2.0,0.0
278403,2.0,0.0
278404,2.0,0.0
278405,2.0,0.0
278406,2.0,0.0
278407,2.0,0.0
278408,2.0,0.0
278409,2.0,0.25
278410,2.0,0.0
278416,2.0,2.0
278417,2.0,2.0
278418,2.0,2.0
278419,2.0,2.0
278420,2.0,2.0
278421,2.0,2.0
278422,2.0,2.0
278423,2.0,2.0
278424,2.0,2.0
278425,2.0,2.0
278426,2.0,2.0
278427,2.0,2.0
278428,2.0,2.0
278429,2.0,2.0
278430,2.0,2.0
278431,2.0,2.0
278432,2.0,2.0
278433,2.0,2.0
278434,2.0,2.0
278435,2.0,2.0
278436,2.0,2.0
278437,2.0,2.0
278438,2.0,2.0
278439,2.0,2.0
278440,2.0,2.0
278441,2.0,2.0
278442,2.0,2.0
278443,2.0,2.0
278444,2.0,2.0
278445,2.0,2.0
278446,2.0,2.0
278447,2.0,2.0
278448,2.0,2.0
278449,2.0,2.0
278450,2.0,2.0
278451,2.0,2.0
278452,2.0,2.0
278453,2.0,2.0
278454,2.0,2.0
278455,2.0,2.0
278456,2.0,2.0
278457,2.0,2.0
278458,2.0,2.0
278459,2.0,2.0
278460,2.0,2.0
278461,2.0,2.0
278462,2.0,2.0
278463,2.0,2.0
278464,2.0,2.0
278465,2.0,2.0
278466,2.0,2.0
278467,2.0,2.0
278468,2.0,2.0
278469,2.0,2.0
278470,2.0,2.0
278471,2.0,2.0
278472,2.0,2.0
278473,2.0,2.0
278474,2.0,2.0
278475,2.0,2.0
278476,2.0,2.0
278477,2.0,2.0
278478,2.0,2.0
278479,2.0,2.0
278480,2.0,2.0
278481,2.0,2.0
278482,2.0,2.0
278483,2.0,2.0
278484,2.0,2.0
278485,2.0,2.0
278486,2.0,2.0
278487,2.0,2.0
278488,2.0,1.75
278489,2.0,2.0
278490,2.0,2.0
278494,2.0,7.0
278495,2.0,5.75
278496,2.0,7.25
278497,2.0,5.0
278498,2.0,5.0
278499,2.0,6.5
278500,2.0,6.0
278501,2.0,5.0
278502,2.0,4.0
278503,2.0,4.75
278504,2.0,5.25
278505,2.0,5.5
278506,2.0,5.5
278507,2.0,3.75
278508,2.0,4.75
278509,2.0,5.0
278510,2.0,5.5
278511,2.0,6.0
278512,2.0,6.0
278513,2.0,7.25
278514,2.0,5.25
278515,2.0,8.5
278516,2.0,6.0
278517,2.0,4.75
278518,2.0,4.0
278519,2.0,3.0
278520,2.0,3.0
278521,2.0,5.0
278522,2.0,4.0
278523,2.0,4.0
278524,2.0,6.0
278525,2.0,5.0
278526,2.0,4.0
278527,2.0,5.5
278528,2.0,4.5
278529,2.0,3.0
278530,2.0,4.0
278531,2.0,5.25
278532,2.0,10.0
278533,2.0,4.0
278534,2.0,5.0
278535,2.0,5.0
278536,2.0,7.0
278537,2.0,5.0
278538,2.0,7.75
278539,2.0,4.0
278540,2.0,6.0
278541,2.0,8.5
278542,2.0,9.0
278543,2.0,7.0
278544,2.0,7.0
278545,2.0,7.0
278546,2.0,6.0
278547,2.0,8.0
278548,2.0,3.0
278549,2.0,2.75
278550,2.0,4.0
278551,2.0,3.0
278552,2.0,3.0
278553,2.0,4.0
278554,2.0,4.0
278555,2.0,5.75
278556,2.0,5.5
278557,2.0,4.0
278558,2.0,3.5
278559,2.0,5.0
278560,2.0,5.0
278561,2.0,7.25
278562,2.0,3.0
278563,2.0,5.0
278564,2.0,7.0
278565,2.0,4.0
278566,2.0,4.75
278567,2.0,2.0
278568,2.0,2.75
279899,2.0,3.25
279900,4.0,2.0
284123,11.0,30.0
284125,8.0,14.0
284182,2.0,2.0
284681,2.0,1.0
284682,2.0,1.0
284683,2.0,2.0
284684,2.0,2.5
284690,2.0,2.5
284691,2.0,1.5
284692,2.0,2.0
284693,2.0,0.0
284694,2.0,0.0
284695,2.0,1.0
284696,2.0,2.0
284697,2.0,0.5
284698,2.0,1.0
284699,2.0,1.0
284704,2.0,1.5
284705,2.0,1.0
284706,2.0,0.75
284707,2.0,0.75
284708,2.0,1.5
284709,2.0,1.5
284710,2.0,0.75
284711,2.0,0.75
284712,2.0,2.0
284713,2.0,2.0
284714,2.0,0.75
284715,2.0,0.75
284716,2.0,1.0
284717,2.0,1.0
284718,2.0,1.0
284719,2.0,1.0
284720,2.0,1.0
284721,2.0,4.25
284722,2.0,1.5
284723,2.0,0.0
284724,2.0,0.75
284725,2.0,0.75
284726,2.0,2.0
284727,2.0,2.0
284728,2.0,5.5
284729,2.0,1.75
284730,2.0,0.5
284731,2.0,0.5
284732,2.0,0.5
284846,2.0,1.0
284847,2.0,1.0
284848,2.0,0.5
284849,2.0,0.5
284850,2.0,0.5
284853,2.0,1.0
284854,2.0,1.0
284855,2.0,1.0
284856,2.0,1.0
284857,2.0,1.0
284858,2.0,1.0
284861,2.0,1.0
284862,2.0,1.0
284863,2.0,1.0
284864,2.0,1.0
284865,2.0,1.0
284868,2.0,1.0
284869,2.0,1.0
284870,2.0,1.0
284871,2.0,1.0
284874,2.0,1.75
284875,2.0,1.75
284876,2.0,1.0
284877,2.0,0.5
284878,2.0,0.5
284881,2.0,1.25
284882,2.0,1.0
284883,2.0,0.5
284884,2.0,0.5
284885,2.0,0.5
284888,2.0,1.25
284889,2.0,1.0
284890,2.0,0.5
284891,2.0,0.5
284894,2.0,1.0
284895,1.5,1.0
284896,2.0,0.5
284897,2.0,0.5
284898,2.0,0.5
284901,2.0,1.0
284902,2.0,1.0
284903,2.0,0.5
284904,2.0,0.5
284907,2.0,1.0
284908,2.0,1.0
284912,2.0,0.5
284913,2.0,0.5
284914,2.0,0.5
284917,2.0,0.5
284918,2.0,0.5
284921,2.0,0.5
284922,2.0,0.5
284923,2.0,0.5
284927,2.0,0.5
284928,2.0,0.5
285795,2.0,2.0
285797,2.0,0.0
285798,2.0,2.0
285799,24.0,46.0
285800,2.0,2.0
285809,2.0,2.0
285810,14.0,38.0
285811,2.0,2.0
285812,1.0,1.0
285813,2.0,2.0
285814,16.0,46.0
285823,2.0,0.0
285824,2.0,0.0
285826,2.0,2.0
285827,2.0,0.0
285828,20.0,125.5
285837,10.0,18.0
285838,2.0,2.0
285839,2.0,4.0
285840,22.0,36.0
285842,4.0,10.0
285843,14.0,12.0
285852,2.0,3.0
285853,2.0,2.0
285854,104.0,86.0
285855,1.0,1.0
285856,2.0,0.0
285857,120.0,158.0
285866,2.0,0.0
285867,8.0,12.0
285868,2.0,3.0
285869,2.0,0.0
285870,56.0,65.0
2866,6.0,13.5
286663,2.0,2.0
286664,2.0,0.0
286666,2.0,0.0
286667,2.0,0.0
286668,2.0,0.0
286669,2.0,0.0
286670,2.0,0.0
286671,2.0,0.0
286672,2.0,0.0
286673,2.0,0.0
286674,2.0,0.0
286675,2.0,0.0
286677,2.0,0.0
286678,2.0,0.0
286679,2.0,0.0
286680,2.0,0.0
286681,2.0,0.0
286682,2.0,0.0
286683,2.0,0.0
286684,2.0,0.0
286685,2.0,0.0
286686,2.0,0.0
286687,2.0,0.0
286688,2.0,0.0
286689,2.0,0.0
286690,2.0,0.0
286691,2.0,0.0
286692,2.0,0.0
286694,2.0,0.0
286695,2.0,0.0
286696,2.0,0.0
286697,2.0,0.0
286698,2.0,0.0
286699,2.0,0.0
2868,6.0,10.0
286808,12.0,14.0
286809,4.0,4.0
286810,1.0,1.0
286811,2.0,2.0
286812,1.0,1.0
286813,6.0,14.0
286814,6.0,6.0
286815,2.0,2.0
286816,6.0,8.0
286817,2.0,2.0
286818,1.0,0.0
286819,4.0,6.5
286820,2.0,2.0
286821,1.0,1.0
286822,6.0,14.0
286823,2.0,1.0
286824,2.0,2.0
286825,1.0,0.0
286826,4.0,6.0
286827,2.0,2.0
286828,1.0,0.0
286829,2.0,4.0
286830,1.0,0.0
286831,4.0,6.0
286832,3.0,2.0
286833,1.0,1.0
286834,2.0,4.0
286835,2.0,0.0
286836,2.0,0.0
286837,2.0,4.0
286838,2.0,2.0
286839,1.0,2.0
286840,6.0,9.0
286841,4.0,2.0
286842,2.0,1.75
286843,1.0,0.0
286844,4.0,2.0
286845,2.0,2.0
286846,1.0,1.0
286847,4.0,5.0
286848,2.0,0.0
286849,2.0,2.0
286850,4.0,6.0
286851,4.0,4.0
286852,1.0,2.0
286853,8.0,13.0
286854,2.0,2.0
286855,2.0,2.0
286856,2.0,4.25
286857,1.0,0.0
286858,2.0,4.0
286859,2.0,2.0
286860,1.0,1.0
286861,4.0,4.5
286862,2.0,1.0
286863,2.0,0.0
286864,1.0,1.0
286865,4.0,8.0
286866,2.0,2.0
286867,1.0,1.0
286868,4.0,8.0
286869,2.0,2.0
286870,2.0,1.0
286871,1.0,1.0
286872,4.0,6.0
286873,2.0,2.0
286874,2.0,1.75
286877,1.0,0.0
286878,2.0,2.0
286879,6.0,8.0
286880,2.0,2.0
286881,14.0,34.5
286882,2.0,2.0
286883,2.0,2.0
286884,1.0,0.0
286885,14.0,40.5
286886,6.0,8.0
286887,4.0,4.0
286888,8.0,13.5
286889,2.0,0.0
286890,1.0,0.0
286891,2.0,4.0
286892,2.0,0.0
286893,1.0,1.0
286894,12.0,30.5
286895,4.0,6.0
286896,2.0,2.0
286897,2.5,3.25
286898,1.0,1.0
286899,6.0,16.0
2869,1.0,0.0
286900,2.0,2.0
286901,1.0,1.0
286902,4.0,6.0
286903,1.0,1.0
286904,4.0,10.0
286905,2.0,1.0
286906,2.0,1.0
286907,1.0,1.0
286908,12.0,16.0
286909,2.0,2.0
286910,3.0,2.0
286911,2.0,2.0
286912,1.0,0.0
286913,4.0,18.5
286914,1.0,0.0
286915,26.0,87.0
286917,1.0,1.0
286918,2.0,2.0
286919,2.5,2.0
286920,1.0,0.0
286921,4.0,4.0
286922,2.0,2.0
286923,2.0,0.0
286924,1.0,1.0
286925,2.0,6.0
286926,1.0,1.0
286927,4.0,6.0
286928,2.0,0.0
286929,1.0,1.0
286930,8.0,15.0
286931,2.0,4.0
286932,1.0,0.0
286933,30.0,62.0
286934,2.0,2.0
286935,4.0,6.0
286936,2.0,0.0
286937,1.0,0.0
286938,16.0,37.0
286939,2.0,2.0
286940,2.0,2.0
286942,2.0,0.0
286943,2.0,0.0
286945,1.0,1.0
286946,4.0,4.0
286947,2.0,2.0
286948,1.0,1.0
286949,4.0,8.0
286950,1.0,2.0
286951,4.0,4.0
286952,2.0,1.0
286953,2.0,2.0
286954,4.0,6.0
286955,1.0,1.0
286956,4.0,4.0
286957,2.0,0.0
286958,2.0,0.0
286959,1.0,1.0
286960,4.0,6.0
286961,1.0,1.0
286962,8.0,19.0
286963,3.0,3.0
286964,3.0,2.0
286967,2.0,2.0
286968,1.0,1.0
286969,2.0,6.0
286970,2.0,2.0
286971,2.0,0.0
286972,1.0,1.0
286973,2.0,4.0
286974,4.0,4.0
286975,1.0,1.0
286976,2.0,4.0
286977,1.0,1.0
286978,7.0,19.0
286979,2.0,2.0
286980,2.0,2.0
286981,4.0,4.0
286982,1.0,1.0
286983,4.0,8.0
286984,2.0,2.0
286985,1.0,1.0
286986,6.0,18.0
286987,2.0,0.0
286988,2.0,2.0
286989,1.0,1.0
286990,2.0,2.0
286991,2.0,2.0
286992,1.0,1.0
286993,9.0,16.5
286994,4.0,4.0
286995,2.0,2.0
286996,2.0,2.0
286997,1.0,1.0
286998,2.0,3.0
286999,3.5,4.0
2870,7.0,26.0
287000,2.0,2.0
287002,1.0,0.0
287003,2.0,0.0
287005,1.0,1.0
287006,8.0,16.0
287007,3.0,3.5
287008,2.0,2.0
287009,4.0,4.0
287010,2.0,2.0
287011,1.0,0.0
287012,6.0,8.5
287013,2.0,1.0
287015,4.0,4.0
287016,1.0,1.0
287017,4.0,6.0
287018,4.0,7.5
287019,3.0,2.0
287020,1.0,1.0
287021,12.0,24.0
287022,2.0,2.0
287023,2.0,2.0
287024,2.0,0.0
287025,1.0,1.0
287026,1.0,1.0
287027,6.0,10.0
287028,2.0,2.0
287029,1.0,0.0
287030,4.0,6.0
287031,2.0,0.0
287032,4.0,4.0
287065,2.0,0.0
287066,2.0,2.0
287067,2.0,2.0
287068,2.0,0.0
287069,2.0,0.0
287070,2.0,0.5
287071,2.0,0.0
287072,2.0,0.0
287073,2.0,0.0
287074,2.0,0.0
287075,2.0,0.0
287076,2.0,0.0
287077,2.0,1.0
287078,2.0,0.0
287079,2.0,0.0
287080,2.0,0.75
287081,2.0,0.0
287082,2.0,0.5
287083,2.0,0.0
287084,2.0,0.0
287085,2.0,0.0
287086,2.0,0.0
287087,2.0,0.0
287088,2.0,0.0
287089,2.0,0.0
287090,2.0,0.0
287091,2.0,0.0
287092,2.0,0.0
287093,2.0,0.0
287094,2.0,0.0
287095,2.0,0.0
287096,2.0,0.0
287097,2.0,0.0
287098,2.0,0.0
287099,2.0,0.0
2871,1.0,1.0
287100,2.0,0.0
287101,2.0,0.0
287102,2.0,0.0
287103,2.0,0.0
287104,2.0,0.0
287105,2.0,0.0
287106,2.0,0.0
287107,2.0,2.0
287108,2.0,0.0
287109,2.0,0.0
287110,2.0,0.0
287111,2.0,0.0
287112,2.0,0.0
287113,2.0,0.0
287114,2.0,0.0
287115,2.0,0.0
287116,2.0,0.0
287117,2.0,0.0
287118,2.0,0.0
287119,2.0,0.0
287120,2.0,0.0
287121,2.0,0.0
287122,2.0,0.0
287123,2.0,0.0
287124,2.0,0.0
287125,2.0,0.0
287126,2.0,0.0
287127,2.0,0.0
287128,2.0,0.0
287129,2.0,0.0
287130,2.0,0.0
287131,2.0,0.0
287132,2.0,0.0
287135,2.0,0.0
287136,2.0,0.0
287137,2.0,0.0
287138,2.0,0.0
287139,2.0,0.0
287140,2.0,0.5
287141,2.0,0.0
287142,2.0,0.0
287143,2.0,0.0
287144,2.0,0.0
287145,2.0,0.0
287146,2.0,0.0
287147,2.0,0.0
287148,2.0,0.0
287149,2.0,0.0
287150,2.0,0.0
287151,2.0,0.0
287152,2.0,0.0
287153,2.0,0.0
287154,2.0,0.0
287155,2.0,0.0
287156,2.0,0.0
287157,2.0,0.0
287158,2.0,0.0
287159,2.0,0.0
287160,2.0,0.0
287161,2.0,0.0
287162,2.0,0.0
287163,2.0,0.0
287164,2.0,0.0
287165,2.0,0.0
287166,2.0,0.0
287167,2.0,0.0
287168,2.0,0.0
287169,2.0,0.0
287170,2.0,0.0
287171,2.0,0.0
287172,2.0,0.0
287173,2.0,0.0
287174,2.0,0.0
287175,2.0,0.0
287176,2.0,0.0
287177,2.0,0.0
287178,2.0,0.0
287179,2.0,0.0
287180,2.0,0.0
287181,2.0,0.0
287182,2.0,0.0
287183,2.0,0.0
287184,2.0,0.0
287185,2.0,0.0
287186,2.0,0.0
287187,2.0,0.0
287188,2.0,0.0
287189,2.0,0.0
287190,2.0,0.0
287191,2.0,0.0
287192,2.0,0.0
287193,2.0,0.0
287194,2.0,0.0
287195,2.0,0.0
287196,2.0,0.0
287197,2.0,0.0
287198,2.0,0.0
287199,2.0,0.0
287200,2.0,0.0
287201,2.0,0.0
287202,2.0,0.0
287203,2.0,0.0
287204,2.0,2.0
287205,2.0,0.0
287206,2.0,0.0
287209,2.0,0.0
287210,2.0,0.0
287211,2.0,0.0
287212,2.0,0.0
287213,2.0,0.0
287214,2.0,0.0
287215,2.0,0.0
287216,2.0,0.0
287217,2.0,0.0
287218,2.0,0.0
287219,2.0,0.0
287220,2.0,0.0
287221,2.0,0.0
287222,2.0,0.0
287223,2.0,0.0
287224,2.0,0.0
287225,2.0,0.0
287226,2.0,0.0
287227,2.0,0.0
287228,2.0,0.0
287229,2.0,0.0
287230,2.0,0.0
287231,2.0,0.0
287232,2.0,0.0
287233,2.0,0.0
287234,2.0,0.0
287235,2.0,0.0
287236,2.0,0.0
287237,2.0,0.0
287238,2.0,0.0
287239,2.0,0.0
287240,2.0,0.0
287241,2.0,0.0
287242,2.0,0.0
287243,2.0,0.0
287244,2.0,0.0
287245,2.0,0.0
287246,2.0,0.0
287247,2.0,0.0
287248,2.0,0.0
287249,2.0,0.0
287250,2.0,0.0
287251,2.0,0.0
287252,2.0,0.0
287253,2.0,0.0
287254,2.0,0.0
287255,2.0,0.0
287256,2.0,0.0
287257,2.0,0.0
287258,2.0,0.0
287259,2.0,0.0
287260,2.0,0.0
287261,2.0,0.0
287262,2.0,0.0
287265,2.0,0.0
287266,2.0,0.0
287267,2.0,0.0
287268,2.0,0.0
287269,2.0,0.0
287270,2.0,0.0
287271,2.0,0.0
287272,2.0,0.0
287273,2.0,0.0
287274,2.0,0.0
287275,2.0,0.0
287276,2.0,0.0
287277,2.0,0.0
287278,2.0,0.0
287279,2.0,0.0
287280,2.0,0.0
287281,2.0,0.0
287282,2.0,0.0
287283,2.0,0.0
287284,2.0,0.0
287285,2.0,0.0
287286,2.0,0.0
287287,2.0,0.0
287288,2.0,0.0
287289,2.0,0.0
287290,2.0,0.0
287291,2.0,0.0
287292,2.0,0.0
287293,2.0,0.0
287294,2.0,0.0
287295,2.0,0.0
287296,2.0,0.0
287297,2.0,0.0
287298,2.0,0.0
287299,2.0,0.0
287300,2.0,0.0
287301,2.0,0.0
287302,2.0,0.0
287303,2.0,0.0
287304,2.0,0.0
287305,2.0,0.0
287306,2.0,0.0
287307,2.0,0.0
287308,2.0,0.0
287309,2.0,0.0
287310,2.0,0.0
287311,2.0,0.0
287312,2.0,0.0
287313,2.0,0.0
287314,2.0,0.0
287315,2.0,0.0
287316,2.0,0.0
287317,2.0,0.0
287318,2.0,0.0
287319,2.0,0.0
287320,2.0,0.0
287321,2.0,0.0
287322,2.0,0.0
287323,2.0,0.0
287324,2.0,0.0
287325,2.0,0.0
287326,2.0,0.0
287327,2.0,0.0
287328,2.0,0.0
287329,2.0,0.0
287330,2.0,0.0
287331,2.0,0.0
287332,2.0,0.0
287333,2.0,0.0
287334,2.0,0.0
287335,2.0,0.0
287336,2.0,0.0
287340,2.0,0.0
287341,2.0,0.0
287342,2.0,0.0
287343,2.0,0.0
287344,2.0,0.0
287345,2.0,0.0
287346,2.0,0.0
287347,2.0,0.0
287348,2.0,0.0
287349,2.0,0.0
287350,2.0,0.0
287351,2.0,0.0
287352,2.0,0.0
287353,2.0,0.0
287354,2.0,0.0
287355,2.0,0.0
287356,2.0,0.0
287357,2.0,0.0
287358,2.0,0.0
287359,2.0,0.0
287360,2.0,0.0
287361,2.0,0.0
287362,2.0,0.0
287363,2.0,0.0
287364,2.0,0.0
287365,2.0,0.0
287366,2.0,0.0
287367,2.0,0.0
287368,2.0,0.0
287369,2.0,0.0
287370,2.0,0.0
287371,2.0,0.0
287372,2.0,0.0
287373,2.0,0.0
287374,2.0,0.0
287375,2.0,0.0
287376,2.0,0.0
287377,2.0,0.0
287378,2.0,0.0
287379,2.0,0.0
287380,2.0,0.0
287381,2.0,0.0
287382,2.0,0.0
287383,2.0,0.0
287384,2.0,0.0
287385,2.0,0.0
287386,2.0,0.0
287387,2.0,0.0
287388,2.0,0.0
287389,2.0,0.0
287390,2.0,0.0
287391,2.0,0.0
287392,2.0,0.0
287393,2.0,0.0
287394,2.0,0.0
287395,2.0,0.0
287396,2.0,0.0
287397,2.0,0.0
287398,2.0,0.0
287399,2.0,0.0
2874,4.0,8.0
287400,2.0,0.0
287401,2.0,0.0
287402,2.0,0.0
287403,2.0,0.0
287404,2.0,0.0
287405,2.0,0.0
287406,2.0,0.0
287407,2.0,0.0
287408,2.0,0.0
287409,2.0,0.0
287410,2.0,0.0
287411,2.0,0.0
287414,2.0,0.0
287415,2.0,0.0
287416,2.0,0.0
287417,2.0,0.0
287418,2.0,0.0
287419,2.0,0.0
287420,2.0,0.0
287421,2.0,0.0
287422,2.0,0.0
287423,2.0,0.0
287424,2.0,0.0
287425,2.0,0.0
287426,2.0,0.0
287427,2.0,0.0
287428,2.0,0.0
287429,2.0,0.0
287430,2.0,0.0
287431,2.0,0.0
287432,2.0,0.0
287433,2.0,0.0
287434,2.0,0.0
287435,2.0,0.0
287436,2.0,0.0
287437,2.0,0.0
287438,2.0,0.0
287439,2.0,0.0
287440,2.0,0.0
287441,2.0,0.0
287442,2.0,0.0
287443,2.0,0.0
287444,2.0,0.0
287445,2.0,0.0
287446,2.0,0.0
287447,2.0,0.0
287448,2.0,0.0
287449,2.0,0.0
287450,2.0,0.0
287451,2.0,0.0
287452,2.0,0.0
287453,2.0,0.0
287454,2.0,0.0
287455,2.0,0.0
287456,2.0,0.0
287457,2.0,0.0
287458,2.0,0.0
287459,2.0,0.0
287460,2.0,0.0
287461,2.0,0.0
287462,2.0,0.0
287463,2.0,0.0
287464,2.0,0.0
287465,2.0,0.0
287466,2.0,0.0
287467,2.0,0.0
287468,2.0,0.0
287469,2.0,0.0
287470,2.0,0.0
287471,2.0,0.0
287472,2.0,0.0
287473,2.0,0.0
287474,2.0,0.0
287475,2.0,0.0
287476,2.0,0.0
287477,2.0,0.0
287478,2.0,0.0
287479,2.0,0.0
287480,2.0,0.0
287481,2.0,0.0
287482,2.0,0.0
287483,2.0,0.0
287486,2.0,0.0
287487,2.0,0.0
287488,2.0,0.0
287489,2.0,0.0
287490,2.0,0.0
287491,2.0,0.0
287492,2.0,0.0
287493,2.0,0.0
287494,2.0,0.0
287495,2.0,0.0
287496,2.0,0.0
287497,2.0,0.0
287498,2.0,0.0
287499,2.0,0.0
2875,1.0,0.0
287500,2.0,0.0
287501,2.0,0.0
287502,2.0,0.0
287503,2.0,0.0
287504,2.0,0.0
287505,2.0,0.0
287506,2.0,0.0
287507,2.0,0.0
287508,2.0,0.0
287509,2.0,0.0
287510,2.0,0.0
287511,2.0,0.0
287512,2.0,0.0
287513,2.0,0.0
287514,2.0,0.0
287515,2.0,0.0
287516,2.0,0.0
287517,2.0,0.0
287518,2.0,0.0
287519,2.0,0.0
287520,2.0,0.0
287521,2.0,0.0
287522,2.0,0.0
287523,2.0,0.0
287524,2.0,0.0
287525,2.0,0.0
287526,2.0,0.0
287527,2.0,0.0
287528,2.0,0.0
287529,2.0,0.0
287530,2.0,0.0
287531,2.0,0.0
287532,2.0,0.0
287533,2.0,0.0
287534,2.0,0.0
287535,2.0,0.0
287536,2.0,0.0
287537,2.0,0.0
287538,2.0,0.0
287539,2.0,0.0
287540,2.0,0.0
287541,2.0,0.0
287542,2.0,0.0
287543,2.0,0.0
287544,2.0,0.0
287545,2.0,0.0
287546,2.0,0.0
287547,2.0,0.0
287548,2.0,0.0
287549,2.0,0.0
287550,2.0,0.0
287551,2.0,0.0
287552,2.0,0.0
287553,2.0,0.0
287554,2.0,0.0
287555,2.0,0.0
287556,2.0,0.0
287557,2.0,0.0
287558,2.0,0.0
287559,2.0,0.0
287560,2.0,0.0
287563,2.0,0.0
287564,2.0,0.0
287565,2.0,0.0
287566,2.0,0.0
287567,2.0,0.0
287568,2.0,0.0
287569,2.0,0.0
287570,2.0,0.0
287571,2.0,0.0
287572,2.0,0.0
287573,2.0,0.0
287574,2.0,0.0
287575,2.0,0.0
287576,2.0,0.0
287577,2.0,0.0
287578,2.0,0.0
287579,2.0,0.0
287580,2.0,0.0
287581,2.0,0.0
287582,2.0,0.0
287583,2.0,0.0
287584,2.0,0.0
287585,2.0,0.0
287586,2.0,0.0
287587,2.0,0.0
287588,2.0,0.0
287589,2.0,0.0
287590,2.0,0.0
287591,2.0,0.0
287592,2.0,0.0
287593,2.0,0.0
287594,2.0,0.0
287595,2.0,0.0
287596,2.0,0.0
287597,2.0,0.0
287598,2.0,0.0
287599,2.0,0.0
2876,6.0,8.0
287600,2.0,0.0
287601,2.0,0.0
287602,2.0,0.0
287603,2.0,0.0
287604,2.0,0.0
287605,2.0,0.0
287606,2.0,0.0
287607,2.0,0.0
287608,2.0,0.0
287609,2.0,0.0
287610,2.0,0.0
287611,2.0,0.0
287612,2.0,0.0
287613,2.0,0.0
287614,2.0,0.0
287615,2.0,0.0
287616,2.0,0.0
287617,2.0,0.0
287618,2.0,0.0
287619,2.0,0.0
287620,2.0,0.0
287621,2.0,0.0
287622,2.0,0.0
287623,2.0,0.0
287624,2.0,0.0
287627,2.0,0.0
287628,2.0,0.0
287629,2.0,0.0
287630,2.0,0.0
287631,2.0,0.0
287632,2.0,0.0
287633,2.0,0.0
287634,2.0,0.0
287635,2.0,0.0
287636,2.0,0.0
287637,2.0,0.0
287638,2.0,0.0
287639,2.0,0.0
287640,2.0,0.0
287641,2.0,0.0
287642,2.0,0.0
287643,2.0,0.0
287644,2.0,0.0
287645,2.0,0.0
287646,2.0,0.0
287647,2.0,0.0
287648,2.0,0.0
287649,2.0,0.0
287650,2.0,0.0
287651,2.0,0.0
287652,2.0,0.0
287653,2.0,0.0
287654,2.0,0.0
287655,2.0,0.0
287656,2.0,0.0
287657,2.0,0.0
287658,2.0,0.0
287659,2.0,0.0
287660,2.0,0.0
287661,2.0,0.0
287662,2.0,0.0
287663,2.0,0.0
287664,2.0,0.0
287665,2.0,0.0
287666,2.0,0.0
287667,2.0,0.0
287668,2.0,0.0
287669,2.0,0.0
287670,2.0,0.0
287671,2.0,0.0
287672,2.0,0.0
287673,2.0,0.0
287674,2.0,0.0
287675,2.0,0.0
287676,2.0,0.0
287677,2.0,0.0
287678,2.0,0.0
287679,2.0,0.0
287680,2.0,0.0
287681,2.0,0.0
287682,2.0,0.0
287683,2.0,0.0
287684,2.0,0.0
287685,2.0,0.0
287686,2.0,0.0
287687,2.0,0.0
287688,2.0,0.0
287689,2.0,0.0
287690,2.0,0.0
287691,2.0,0.0
287692,2.0,0.0
287695,2.0,0.0
287696,2.0,0.0
287697,2.0,0.0
287698,2.0,0.0
287699,2.0,0.0
2877,1.0,1.0
287700,2.0,0.0
287701,2.0,0.0
287702,2.0,0.0
287703,2.0,0.0
287704,2.0,0.0
287705,2.0,0.0
287706,2.0,0.0
287707,2.0,0.0
287708,2.0,0.0
287709,2.0,0.0
287710,2.0,0.0
287711,2.0,0.0
287712,2.0,0.0
287713,2.0,0.0
287714,2.0,0.0
287715,2.0,0.0
287716,2.0,0.0
287717,2.0,0.0
287718,2.0,0.0
287719,2.0,0.0
287720,2.0,0.0
287721,2.0,0.0
287722,2.0,0.0
287723,2.0,0.0
287724,2.0,0.0
287725,2.0,0.0
287726,2.0,0.0
287727,2.0,0.0
287728,2.0,0.0
287729,2.0,0.0
287730,2.0,0.0
287731,2.0,0.0
287732,2.0,0.0
287733,2.0,0.0
287734,2.0,0.0
287735,2.0,0.0
287736,2.0,0.0
287737,2.0,0.0
287738,2.0,0.0
287739,2.0,0.0
287740,2.0,0.0
287741,2.0,0.0
287742,2.0,0.0
287743,2.0,0.0
287744,2.0,0.0
287745,2.0,0.0
287746,2.0,0.0
287747,2.0,0.0
287748,2.0,0.0
287749,2.0,0.0
287750,2.0,0.0
287751,2.0,0.0
287752,2.0,0.0
287753,2.0,0.0
287754,2.0,0.0
287755,2.0,0.0
287756,2.0,0.0
287757,2.0,0.0
287758,2.0,0.0
287759,2.0,0.0
287762,2.0,0.0
287763,2.0,0.0
287764,2.0,0.0
287765,2.0,0.0
287766,2.0,0.0
287767,2.0,0.0
287768,2.0,0.0
287769,2.0,0.0
287770,2.0,0.0
287771,2.0,0.0
287772,2.0,0.0
287773,2.0,0.0
287774,2.0,0.0
287775,2.0,0.0
287776,2.0,0.0
287777,2.0,0.0
287778,2.0,0.0
287779,2.0,0.0
287780,2.0,0.0
287781,2.0,0.0
287782,2.0,0.0
287783,2.0,0.0
287784,2.0,0.0
287785,2.0,0.0
287786,2.0,0.0
287787,2.0,0.0
287788,2.0,0.0
287789,2.0,0.0
287790,2.0,0.0
287791,2.0,0.0
287792,2.0,0.0
287793,2.0,0.0
287794,2.0,0.0
287795,2.0,0.0
287796,2.0,0.0
287797,2.0,0.0
287798,2.0,0.0
287799,2.0,0.0
2878,14.0,60.0
287800,2.0,0.0
287801,2.0,0.0
287802,2.0,0.0
287803,2.0,0.0
287804,2.0,0.0
287805,2.0,0.0
287806,2.0,0.0
287807,2.0,0.0
287808,2.0,0.0
287809,2.0,0.0
287810,2.0,0.0
287811,2.0,0.0
287812,2.0,0.0
287813,2.0,0.0
287814,2.0,0.0
287815,2.0,0.0
287816,2.0,0.0
287817,2.0,0.0
287818,2.0,0.0
287819,2.0,0.0
287820,2.0,0.0
287821,2.0,0.0
287822,2.0,0.0
287825,2.0,0.0
287826,2.0,0.0
287827,2.0,0.0
287828,2.0,0.0
287829,2.0,0.0
287830,2.0,0.0
287831,2.0,0.0
287832,2.0,0.0
287833,2.0,0.0
287834,2.0,0.0
287835,2.0,0.0
287836,2.0,0.0
287837,2.0,0.0
287838,2.0,0.0
287839,2.0,0.0
287840,2.0,0.0
287841,2.0,1.0
287842,2.0,0.0
287843,2.0,0.0
287844,2.0,0.0
287845,2.0,0.0
287846,2.0,0.0
287847,2.0,0.0
287848,2.0,0.0
287849,2.0,0.0
287850,2.0,0.0
287851,2.0,0.0
287852,2.0,0.0
287853,2.0,0.0
287854,2.0,0.0
287855,2.0,0.0
287856,2.0,0.0
287857,2.0,0.0
287858,2.0,0.0
287859,2.0,0.0
287860,2.0,0.0
287861,2.0,0.0
287862,2.0,0.0
287863,2.0,0.0
287864,2.0,0.0
287865,2.0,0.0
287866,2.0,0.0
287867,2.0,0.0
287868,2.0,0.0
287869,2.0,0.0
287870,2.0,0.0
287871,2.0,0.0
287872,2.0,0.0
287873,2.0,0.0
287874,2.0,0.0
287875,2.0,0.0
287876,2.0,0.0
287877,2.0,0.0
287878,2.0,0.0
287879,2.0,0.0
287880,2.0,0.0
287881,2.0,0.0
287882,2.0,0.0
287883,2.0,0.0
287884,2.0,0.0
2879,2.0,4.0
2880,14.0,24.0
2881,1.0,1.0
288136,2.0,2.0
288141,21.0,46.0
288146,8.0,155.0
288151,8.0,12.0
288156,4.0,6.0
288161,5.0,10.0
288166,8.0,14.0
288171,14.0,46.0
288176,35.0,54.0
288181,6.0,6.0
288186,8.0,14.0
288191,6.0,8.0
288196,4.0,6.0
288201,12.0,30.0
288206,14.0,24.0
288211,22.0,47.0
288216,30.0,43.0
288221,48.0,63.0
288226,6.0,5.0
288231,19.0,23.0
288236,22.0,27.0
288241,20.0,257.0
288246,4.0,6.0
288251,58.0,43.0
288256,11.0,180.5
288261,17.0,36.0
288266,12.0,24.0
288271,65.0,107.0
288276,46.0,173.0
288281,10.0,14.0
288286,4.0,6.0
288291,31.0,34.0
288296,9.0,18.0
288301,6.0,38.0
288306,25.0,59.0
288311,6.0,15.0
288316,8.0,20.0
288321,4.0,6.0
288326,14.0,17.0
288331,26.0,40.0
2884,8.0,14.0
2885,1.0,1.0
2886,6.0,12.0
2887,1.0,0.0
2888,8.0,14.0
289176,2.0,0.0
289177,2.0,0.0
289178,2.0,0.0
289179,2.0,0.0
289180,2.0,0.0
289181,2.0,0.0
289182,2.0,0.0
289183,2.0,0.0
289184,2.0,0.0
289185,2.0,0.0
289186,2.0,0.0
289187,2.0,0.0
289188,2.0,0.0
289189,2.0,0.0
289190,2.0,0.0
289191,2.0,0.0
289192,2.0,0.0
289193,2.0,0.0
289194,2.0,0.0
289195,2.0,0.0
289196,2.0,0.0
289197,2.0,0.0
289198,2.0,0.0
289199,2.0,0.0
2892,5.0,10.0
289200,2.0,0.0
289201,2.0,0.0
289202,2.0,0.0
289203,2.0,0.0
289204,2.0,0.0
289205,2.0,0.0
289206,2.0,0.0
289207,2.0,0.0
289208,2.0,0.0
289209,2.0,0.0
289210,2.0,0.0
289211,2.0,0.0
289212,2.0,0.0
289213,2.0,0.0
289214,2.0,0.0
289215,2.0,0.0
289216,2.0,0.0
289217,2.0,0.75
289218,2.0,0.0
289219,2.0,0.0
289220,2.0,0.0
289221,2.0,0.0
289222,2.0,0.0
289223,2.0,0.0
289224,2.0,0.0
289225,2.0,0.0
289226,2.0,0.0
289227,2.0,0.0
289228,2.0,0.0
289229,2.0,0.0
289230,2.0,0.0
289231,2.0,0.0
289232,2.0,0.0
289233,2.0,0.0
289234,2.0,0.0
289235,2.0,0.0
289236,2.0,0.0
289237,2.0,0.0
289238,2.0,0.0
289239,2.0,0.0
289240,2.0,0.0
289241,2.0,0.0
289242,2.0,0.0
289243,2.0,0.0
289244,2.0,0.0
289245,2.0,0.0
289246,2.0,0.0
289247,2.0,0.0
289248,2.0,0.0
289249,2.0,0.0
289250,2.0,0.0
289251,2.0,0.0
289252,2.0,0.0
289253,2.0,0.0
2896,8.0,26.0
2898,8.0,20.0
2899,2.0,2.0
2902,8.0,14.0
2904,14.0,54.0
2906,8.0,12.0
2907,1.0,1.0
2942,28.0,128.0
2943,3.0,7.0
2944,10.0,24.0
2945,1.0,1.0
2946,4.0,6.0
2947,1.0,1.0
2952,12.0,56.0
2956,22.0,110.0
2957,1.0,1.0
2960,36.0,156.0
2961,4.0,5.0
2962,6.0,24.0
2964,44.0,182.0
2965,1.0,1.0
297164,2.0,0.75
297165,2.0,0.75
2976,71.0,375.5
2977,1.0,1.0
2978,48.0,124.0
2979,1.0,1.0
2982,66.0,265.25
2984,36.0,122.0
2985,2.0,1.0
2988,92.0,394.0
2989,1.0,0.0
2992,2.0,1.0
2994,2.0,2.0
2995,2.0,0.0
2996,2.0,2.0
2997,3.0,2.0
2999,4.0,4.0
3000,2.0,2.0
3001,2.0,0.0
3002,6.0,6.0
3003,2.0,2.0
3006,2.0,2.0
3007,2.0,2.0
3009,4.0,4.0
3011,2.0,4.0
3012,4.0,3.0
3018,2.0,2.0
302185,2.0,0.75
302186,2.0,0.75
302187,2.0,0.0
302188,2.0,0.0
302189,2.0,1.5
302190,2.0,1.5
302191,1.5,1.0
302192,2.0,1.0
302193,2.0,0.0
302194,2.0,0.75
302195,2.0,1.5
302196,2.0,0.75
302197,2.0,1.0
302198,2.0,1.0
302199,2.0,2.0
302200,2.0,3.0
3035,2.0,2.0
3036,2.0,2.0
3037,3.0,3.0
3038,4.0,6.0
3039,2.0,2.0
3041,2.0,0.0
3042,2.0,2.0
3043,2.0,2.0
3044,2.0,0.0
3045,2.0,1.5
3046,4.0,4.0
3048,2.0,3.0
3050,4.0,6.0
3051,8.0,13.0
3053,6.0,12.0
3056,4.0,4.5
3057,3.0,5.0
3058,4.0,6.0
3059,2.0,3.0
3060,2.0,2.0
3062,4.0,6.0
3063,2.0,4.0
3064,4.0,5.0
3067,4.0,10.0
3068,2.0,2.0
3069,2.0,2.0
3070,2.0,2.0
3071,2.0,2.0
3072,2.0,2.0
3073,422.0,684.0
3074,2.0,2.0
3075,2.0,2.0
3076,2.0,0.0
3077,182.0,186.0
3078,2.0,2.0
307925,2.0,2.0
3080,1.0,1.0
308170,2.0,2.0
308171,2.0,2.0
308172,2.0,0.0
308173,2.0,0.0
308174,2.0,2.0
308175,2.0,2.0
308178,2.0,2.0
308179,2.0,2.0
308185,2.0,1.25
308186,2.0,2.0
308187,2.0,2.0
308188,2.0,2.0
3082,106.0,152.0
3083,3.0,2.0
3084,68.0,116.0
3085,2.0,2.0
3086,25.0,70.0
3088,4.0,2.0
3089,6.0,6.0
3090,12.0,18.0
3092,34.0,72.0
3094,2.0,2.0
3096,3.0,2.0
3097,2.0,2.0
3098,78.0,162.0
3099,2.0,2.0
3100,38.0,78.0
313013,4.0,4.0
316137,2.0,1.0
321855,6.0,5.0
47838,2.0,2.0
50733,2.0,1.0
50960,2.0,4.0
50961,2.0,2.0
50962,14.0,390.0
50965,1.0,1.0
50966,2.0,2.0
50967,8.0,16.0
50968,4.0,4.0
50970,1.0,1.0
51688,2.0,2.0
77534,3.0,4.0
77535,3.0,6.0
77536,2.0,2.0
77537,14.0,28.0
77538,303.0,408.0
77539,2.0,3.5
77541,3.0,3.0
77542,2.0,1.0
77546,6.0,12.0
77548,16.0,50.0
77550,6.0,16.0
77552,4.0,8.0
77553,1.0,1.0
77560,6.0,12.0
77562,12.0,30.0
77563,1.0,0.0
77568,18.0,56.0
77569,2.0,1.0
77570,30.0,80.0
77571,1.0,1.0
77672,10.0,68.0
77678,4.0,12.0
77679,1.0,1.0
77682,4.0,14.0
77683,1.0,1.0
77686,22.0,80.0
77690,6.0,22.0
77691,1.0,1.0
77702,6.0,18.0
77704,10.0,34.0
77705,1.0,0.0
77708,2.0,6.0
77710,22.0,48.0
77712,44.0,106.0
77713,1.0,0.0
77718,6.0,10.0
77719,1.0,1.0
77724,8.0,18.0
77726,8.0,18.0
77727,1.0,2.0
77728,6.0,16.0
77734,8.0,14.0
77735,1.0,1.0
77736,6.0,10.0
77737,1.0,1.0
77744,8.0,17.5
77752,6.0,10.0
77753,1.0,1.0
77754,6.0,10.0
77755,1.0,1.0
77758,6.0,6.0
77759,1.0,1.0
77764,8.0,10.0
77765,1.0,1.0
77766,6.0,16.0
77770,6.0,14.0
77771,1.0,1.0
77772,4.0,7.0
77773,1.0,1.0
77774,10.0,20.0
77775,1.0,1.0
77776,2.0,2.0
77777,1.0,1.0
77778,2.0,2.0
77779,2.0,5.0
77780,4.0,5.0
77781,3.0,4.0
77782,2.0,4.0
77783,1.0,0.0
77784,2.0,2.0
77785,4.0,5.0
77786,1.0,0.0
77787,2.0,1.0
77788,1.0,0.0
77789,8.0,36.0
77790,1.0,1.0
77827,3.0,4.0
77828,2.0,3.0
77829,3.0,4.0
77830,1.0,1.0
77831,2.0,3.0
77832,1.0,0.0
77833,2.0,2.0
77834,2.0,3.0
77835,1.0,1.0
77836,6.0,8.0
77837,1.0,0.0
77838,2.0,4.0
77839,2.0,2.0
77840,2.5,4.0
77842,2.0,1.0
77843,2.0,1.0
77844,2.0,2.0
77845,1.0,1.0
77846,2.0,2.0
77847,2.0,3.0
77849,4.0,2.25
77850,2.0,2.0
77851,1.0,1.0
77852,2.0,1.0
77853,1.0,1.0
77854,2.0,2.0
77855,1.0,1.0
8808,2.0,2.0
8809,2.0,2.0
8810,2.0,2.0
90695,3.0,2.0
90696,2.0,1.0
90698,3.0,4.0
90699,2.0,2.0
90700,2.0,2.0
90715,2.0,2.0
90716,2.0,2.0
90718,2.0,2.0
90720,2.0,2.0
90722,2.0,2.0
90723,2.0,2.0
90724,2.0,4.0
90726,2.0,2.0
93181,4.0,6.0
93187,8.0,26.0
93191,10.0,21.0
93193,4.0,10.0
93197,4.0,10.0
93198,1.0,1.0
93199,4.0,8.0
93203,6.0,14.0
93205,14.0,25.0
93207,4.0,6.0
93209,6.0,18.0
93211,6.0,12.0
93215,6.0,12.0
93217,4.0,8.0
93221,3.0,4.0
93222,1.0,1.0
93223,4.0,8.0
93229,2.5,6.0
93231,4.0,6.0
93237,50.0,126.0
93238,1.0,0.0
93239,6.0,14.0
93241,10.0,20.0
93243,2.0,4.0
93244,2.0,3.0
93245,2.0,4.0
93247,4.0,8.0
93251,8.0,24.0
93253,6.0,8.0
93259,4.0,6.0
93261,8.0,24.0
93269,4.0,18.0
93271,4.0,6.0
93272,1.0,3.0
93277,4.0,14.75
93279,7.5,14.0
93280,2.0,2.0
93285,4.0,13.5
93287,4.0,10.0
93291,4.0,8.0
93292,3.0,4.0
9333,1.0,1.0
9334,1.0,1.0
9335,2.0,1.0
9336,1.0,0.0
9337,1.0,1.0
9338,1.0,0.0
9340,1.0,0.0
93424,2.0,2.0
93425,2.0,2.0
93426,2.0,2.0
93428,2.0,2.0
93429,2.0,2.0
93430,3.0,4.0
93433,2.0,0.0
93434,2.0,0.0
93435,2.0,2.0
93437,2.0,0.0
93438,2.0,3.0
93439,2.0,1.25
93440,2.0,1.0
93441,2.0,2.0
93442,2.0,2.0
93443,2.0,2.0
93447,2.0,2.0
93448,2.0,2.0
93450,2.0,0.0
93451,2.0,0.0
93452,2.0,2.0
93454,8.0,408.0
93455,8.0,408.0
93456,8.0,408.0
93457,1.0,1.0
93458,2.0,2.0
93461,2.0,2.0
93462,2.0,2.0
93464,8.0,22.0
93465,8.0,22.0
93466,8.0,22.0
93467,2.0,2.0
93468,8.0,22.0
93470,2.0,2.0
93472,1.0,1.0
93473,2.0,2.0
93475,1.0,1.0
93476,2.0,0.0
93477,2.0,2.0
93478,2.0,0.0
93479,2.0,0.0
93481,2.0,1.0
93482,2.0,2.0
93483,2.0,2.0
93484,2.0,2.0
93485,2.0,2.0
93486,2.0,2.0
93487,2.0,4.0
93488,2.0,2.0
93489,2.0,2.0
93491,2.0,3.0
93492,2.0,2.0
93494,2.0,1.5
93495,2.0,1.75
93496,2.0,0.0
93498,2.0,2.0
93499,2.0,2.0
93500,2.0,2.0
93501,1.0,1.0
93502,2.0,2.0
93503,2.0,2.0
93504,2.0,2.0
93505,2.0,2.0
93507,2.0,3.0
93508,2.0,2.0
9351,1.0,1.0
93510,3.0,3.0
93511,2.0,2.0
93513,2.0,2.0
93514,2.0,2.0
93516,2.0,2.0
93517,2.0,2.0
93518,2.0,2.0
93519,2.0,2.0
93520,2.0,1.0
93522,2.5,2.0
93523,2.0,2.0
93524,2.0,1.0
93525,2.0,1.0
93527,2.0,2.0
93528,2.0,2.0
93530,2.0,2.0
93531,2.0,2.0
93532,2.0,2.0
93534,4.0,4.0
93535,4.0,4.0
93536,4.0,4.0
93538,2.0,2.0
93539,2.0,2.0
93540,2.0,2.0
93541,2.0,2.0
93542,2.0,2.0
93543,2.0,1.0
93544,2.0,2.0
93545,2.0,1.0
93546,2.0,2.0
93547,2.0,2.0
93548,1.0,1.0
93549,2.0,2.0
93550,2.0,2.0
93551,2.0,2.0
93553,2.0,2.0
93554,2.0,2.0
93556,2.0,2.0
93557,2.0,2.0
93558,2.0,2.0
93559,2.0,2.0
93560,1.0,1.0
93561,2.0,1.0
93562,2.0,1.0
93563,2.0,1.0
93564,2.0,1.0
93565,1.0,1.0
93566,2.0,2.0
93567,2.0,2.0
93569,2.0,2.0
9357,4.0,5.0
93570,2.0,2.0
93572,2.0,1.0
93573,2.0,1.0
93574,2.0,0.0
93576,2.0,2.0
93578,2.0,2.0
93579,1.0,1.0
93580,2.0,1.0
93581,2.0,1.0
93582,2.0,1.75
93583,1.0,2.0
93584,2.0,2.0
93585,2.0,2.0
93586,1.0,0.0
93587,2.0,2.0
93588,3.0,3.0
9359,1.0,0.0
93590,2.0,2.0
93591,2.0,2.0
93593,2.0,2.0
93594,2.0,0.0
93595,2.0,2.0
93596,1.0,1.0
93597,2.0,3.0
93598,2.0,2.0
93600,2.0,2.0
93601,2.0,3.0
93602,2.0,2.0
93603,2.0,2.0
93604,2.0,2.0
93606,2.0,2.0
93607,2.0,2.0
9361,1.0,1.0
93610,2.0,2.0
93612,2.0,2.0
93613,2.0,2.0
93615,2.0,2.25
93616,2.0,2.25
93617,2.0,3.0
93618,2.0,0.0
93619,2.0,2.0
93620,2.0,2.0
93621,2.0,2.0
93622,2.0,2.0
93623,2.0,2.0
93624,2.0,3.0
93626,2.0,2.0
93628,2.0,3.0
9363,2.0,2.0
93631,2.0,2.0
93632,2.0,2.0
93633,2.0,1.25
93635,2.0,2.0
93636,2.0,2.0
93638,2.0,1.0
93639,2.0,2.0
93640,2.0,2.0
93642,2.0,2.0
93643,2.0,2.0
93644,2.0,2.0
93645,2.0,1.0
93646,2.0,2.0
93647,2.0,2.0
93648,2.0,2.0
93649,2.0,2.75
9365,1.0,1.0
93650,2.0,2.0
93651,2.0,2.0
93652,2.0,2.0
93654,2.0,3.0
93655,2.0,2.0
93656,2.0,4.0
93658,2.0,2.0
93659,2.0,2.0
9366,1.0,3.0
93661,2.0,2.0
93662,2.0,2.0
93663,2.0,2.0
93664,2.0,3.0
93665,2.0,2.0
93666,2.0,2.0
93667,2.0,2.0
93668,2.0,2.0
93669,2.0,2.0
9367,1.0,1.0
93670,2.0,3.0
93671,2.0,3.75
93672,2.0,2.0
93673,2.0,2.0
93674,2.0,2.0
93676,2.0,1.0
93677,2.0,4.0
93678,2.0,1.0
93679,2.0,3.0
9368,1.0,0.0
93680,2.0,3.0
93681,2.0,3.0
93682,2.0,3.0
93683,2.0,3.0
93684,2.0,2.0
93685,2.0,0.75
93686,2.0,2.0
93687,2.0,2.0
93688,2.0,2.0
93689,2.0,2.0
9369,1.0,1.0
93690,2.0,2.0
93692,2.0,5.0
93693,2.0,2.0
93695,2.0,2.0
93696,2.0,3.0
93698,2.0,3.0
93699,2.0,3.0
9370,1.0,1.0
93700,2.0,3.0
93701,2.0,3.0
93702,2.0,3.0
93703,2.0,4.0
93704,2.0,4.0
93705,2.0,4.0
93707,2.0,2.0
9371,1.0,0.0
93710,2.0,3.0
93712,2.0,0.0
93713,2.0,3.0
93714,2.0,3.0
93716,2.0,2.0
93718,4.0,5.0
93719,4.0,4.0
9372,1.0,0.0
93720,3.0,4.0
9374,1.0,1.0
93747,6.0,16.0
93749,4.0,10.0
9375,1.0,0.0
93755,12.0,30.0
93756,1.0,0.0
93757,6.0,12.0
93759,6.0,16.0
9376,1.0,0.0
93763,2.0,4.0
93765,4.0,12.0
93769,4.5,12.0
9377,1.0,1.0
93771,4.0,10.0
93775,6.0,26.0
93777,2.0,6.0
93779,2.0,6.0
9378,1.0,1.0
93781,4.0,6.0
93782,2.0,1.0
93783,6.0,16.0
93785,14.0,31.0
93787,6.0,18.0
93789,8.0,24.0
9379,1.0,1.0
93793,4.0,6.0
93794,1.0,1.0
93797,4.0,8.0
93799,5.0,14.0
93805,4.0,14.0
93807,8.0,18.0
93813,6.0,14.0
93817,2.0,4.0
93819,3.0,6.0
93825,4.0,10.0
93826,1.0,1.0
93829,6.0,14.0
93833,5.5,8.0
93837,4.0,6.0
93838,1.0,1.0
93839,2.0,4.0
93843,4.0,8.0
93845,12.0,29.75
93847,44.0,201.0
93855,4.0,6.0
93856,1.0,1.0
93859,4.0,14.0
93861,2.0,4.0
93865,2.0,4.0
93869,4.0,10.0
93873,4.0,10.0
93879,4.0,12.0
93881,6.0,18.0
93889,12.0,33.0
93895,2.0,6.0
93897,2.0,2.0
93898,1.0,1.0
93901,2.0,3.5
93902,2.0,1.0
93907,8.0,20.0
93908,1.0,0.0
93909,4.0,10.0
93911,2.0,2.0
93912,2.0,2.0
93913,2.0,2.0
93915,2.0,2.0
93917,2.0,3.0
93918,2.0,2.0
93919,2.0,4.0
93921,2.0,4.0
93923,2.0,2.0
93924,2.0,2.0
93925,2.0,0.0
93927,2.0,2.0
93928,2.0,2.0
93929,2.0,2.0
93930,2.0,2.0
93931,1.0,1.0
93932,2.0,2.0
93933,2.0,2.0
93934,2.0,0.0
93936,2.0,3.0
93937,2.0,2.0
93940,4.0,4.0
93941,2.0,2.0
93943,2.0,2.0
93944,2.0,2.0
93945,2.0,2.0
93947,2.0,2.0
93948,2.0,2.0
93949,2.0,2.0
93950,2.0,2.0
93951,2.0,2.0
93953,2.0,2.0
93954,2.0,2.0
93956,2.0,2.0
93958,2.0,2.0
93959,2.0,2.0
93961,2.0,2.0
93962,2.0,2.0
93964,2.0,1.0
93965,2.0,1.0
93966,2.0,1.0
93967,2.0,1.0
93969,2.0,2.0
93972,2.0,2.0
93974,2.0,1.0
93975,2.0,1.0
93976,2.0,2.0
93977,2.0,1.0
93979,2.0,2.0
93980,2.0,2.0
93982,2.0,2.0
93983,2.0,2.0
93984,2.0,2.0
93987,2.0,2.0
93988,2.0,2.0
93989,2.0,2.0
93991,2.0,6.0
93992,2.0,4.0
93994,2.0,0.0
93995,2.0,1.0
93996,2.0,0.0
93997,2.0,0.0
93998,2.0,0.0
93999,2.0,1.0
94001,2.0,2.0
94002,2.0,2.0
94003,2.0,2.0
94004,3.0,4.0
94006,2.0,2.0
94008,2.0,2.0
94010,2.0,2.0
94013,2.0,0.0
94016,2.0,0.0
94017,2.0,0.0
94019,2.0,2.0
94020,2.0,2.0
94022,2.0,0.0
94023,2.0,0.0
94026,2.0,2.0
94028,2.0,0.0
94029,2.0,0.0
94032,2.0,0.0
94033,2.0,0.0
94034,2.0,0.0
94035,2.0,1.0
94036,2.0,0.0
94038,2.0,0.0
94039,2.0,2.0
94042,2.0,0.0
94044,2.0,0.0
94045,2.0,0.0
94046,2.0,0.0
94048,2.0,0.0
94049,2.0,0.0
94050,2.0,0.0
94051,2.0,0.0
94052,2.0,0.0
94053,2.0,1.0
94054,2.0,2.0
94057,2.0,0.0
94060,2.0,1.0
94062,2.0,0.0
94064,2.0,0.0
94065,2.0,0.0
94067,2.0,0.0
94068,2.0,0.0
94069,2.0,0.0
94070,2.0,0.0
94071,2.0,0.0
94074,2.0,2.0
94075,2.0,2.0
94079,2.0,0.0
94081,2.0,0.0
94082,2.0,0.0
94083,1.0,0.0
94084,2.0,0.0
94085,2.0,0.0
94086,2.0,0.0
94087,2.0,0.0
94088,2.0,0.0
94089,2.0,1.0
94090,2.0,2.0
94091,1.0,1.0
94092,1.0,1.0
94094,2.0,2.0
94095,2.0,2.0
94097,1.0,1.0
94098,2.0,0.0
94099,2.0,2.0
94100,2.0,0.0
94101,2.0,0.0
94102,1.0,1.0
94103,2.0,2.0
94104,2.0,2.0
94106,4.0,4.0
94108,2.0,2.0
94110,2.0,0.0
94111,2.0,0.0
94113,2.0,4.0
94115,2.0,4.0
94116,1.0,1.0
94117,2.0,0.25
94118,2.0,0.25
94119,2.0,1.0
94120,2.0,1.0
94121,2.0,1.0
94122,1.0,1.0
94123,2.0,0.0
94124,1.0,3.0
94125,2.0,2.0
94127,2.0,0.0
94128,4.0,6.0
94133,2.0,0.0
94135,2.0,0.0
94136,2.0,0.0
94137,2.0,3.0
94138,2.0,1.0
94139,2.0,2.0
94143,2.0,2.0
94145,2.0,0.0
94146,2.0,0.0
94147,2.0,0.0
94148,1.0,0.0
94149,2.0,2.0
94150,2.0,0.0
94151,2.0,0.0
94152,2.0,3.0
94153,2.0,2.0
94158,2.0,2.0
94160,2.0,0.0
94161,2.0,0.0
94162,1.0,1.0
94163,2.0,0.0
94164,2.0,0.0
94165,2.0,0.0
94166,1.0,2.0
94167,2.0,0.0
94168,2.0,0.0
94169,2.0,0.0
94170,2.0,0.0
94172,2.0,2.0
94174,4.0,6.0
94176,2.0,0.0
94177,1.0,0.0
94180,2.0,0.0
94181,2.0,0.0
94182,2.0,0.0
94184,2.0,0.0
94185,2.0,0.0
94186,2.0,0.0
94187,2.0,0.0
94188,1.0,1.0
94189,3.0,3.0
94191,2.0,0.25
94192,2.0,0.0
94194,1.0,1.0
94195,2.0,0.0
94196,1.0,1.0
94197,2.0,0.0
94198,2.0,0.0
94199,1.0,1.0
94200,2.0,0.0
94201,2.0,0.0
94203,2.0,0.0
94205,2.0,0.0
94206,2.0,0.0
94208,2.0,0.0
94210,2.0,1.0
94211,2.0,2.0
94215,1.0,1.0
94216,1.0,1.0
94217,2.0,1.5
94218,2.0,1.0
94816,2.0,2.0
94817,2.0,3.0
94818,2.0,3.0
94819,2.0,4.0
94820,2.0,3.0
94821,2.0,2.0
94822,2.0,2.0
94823,2.0,2.0
94824,2.0,0.0
94825,2.0,2.0
94826,2.0,2.0
94827,2.0,1.0
94828,2.0,1.0
94829,2.0,2.0
94830,2.0,2.0
94831,2.0,2.0
94832,2.0,0.0
94833,2.0,0.0
94834,2.0,1.0
94835,2.0,2.0
94836,2.0,2.0
94837,2.0,1.0
94838,2.0,2.0
94839,2.0,2.0
94840,2.0,1.0
94841,2.0,2.0
94842,2.0,0.25
94843,2.0,1.0
94844,2.0,1.5
94845,2.0,1.25
94846,2.0,1.0
94847,2.0,1.0
94848,2.0,1.0
94849,2.0,2.0
94850,2.0,2.0
94851,2.0,2.0
94852,2.0,2.0
94853,2.0,2.0
94854,2.0,2.0
94855,2.0,2.0
94856,2.0,0.0
94857,2.0,2.0
94858,2.0,2.0
94859,2.0,0.0
94860,2.0,2.0
94861,2.0,1.0
98141,2.0,2.0
98151,2.0,2.0
98152,2.0,2.0
98153,2.0,2.0
98154,2.0,1.0
98155,2.0,0.0
98156,2.0,0.0
98157,2.0,0.0
98158,2.0,4.0
98159,2.0,0.0
98160,2.0,0.0
98161,2.0,0.0
98162,2.0,0.0
98163,2.0,0.0
98164,2.0,0.0
98165,2.0,1.0
98166,2.0,2.0
98167,2.0,0.0
98168,2.0,0.0
98169,2.0,0.0
98170,2.0,2.0
98171,2.0,0.0
98172,2.0,2.0
98173,2.0,2.0
98174,2.0,2.0
98175,2.0,2.0
98176,2.0,2.0
98177,2.0,2.0
98178,2.0,0.0
98179,2.0,2.0
98181,2.0,2.0
98182,2.0,1.0
98183,2.0,2.0
98184,2.0,3.25
98185,2.0,2.0
98187,2.0,0.0
98188,2.0,2.0
98189,2.0,2.0
98190,2.0,1.0
98191,2.0,1.0
98194,2.0,2.0
98195,2.0,2.0
98196,4.0,8.0
98198,6.0,16.0
98202,2.0,2.0
98203,2.0,2.0
98204,2.0,2.0
98205,2.0,2.0
98206,2.0,2.0
98208,2.0,2.0
98210,2.0,2.0
98213,2.0,2.0
98214,2.0,2.0
98220,1.0,1.0
98221,2.0,2.0
98222,2.0,2.0
98223,2.0,1.0
98224,2.0,2.0
98225,2.0,1.0
98275,2.0,2.0
98276,2.0,1.25
98277,2.0,1.0
98278,2.0,0.0
98279,2.0,0.0
98281,2.0,0.0
98282,2.0,1.0
